#pragma once
#include <pgmspace.h>
// 'wmremove-transformed', 320x240px
const uint16_t mainBackground [] PROGMEM = {
	0x9539, 0x9539, 0x9539, 0x9539, 0x9539, 0x9539, 0x9559, 0x9559, 0x9559, 0x9559, 0x9559, 0x9559, 0x9559, 0x9559, 0x955a, 0x955a, 
	0x9559, 0x955a, 0x9559, 0x9559, 0x9559, 0x9559, 0x9559, 0x9559, 0x955a, 0x955a, 0x955a, 0x955a, 0x955a, 0x9559, 0x955a, 0x9559, 
	0x9559, 0x9559, 0x9559, 0x9559, 0x955a, 0x9559, 0x9559, 0x9559, 0x955a, 0x9559, 0x9559, 0x9559, 0x955a, 0x955a, 0x955a, 0x955a, 
	0x9559, 0x9559, 0x9559, 0x9559, 0x9559, 0x9559, 0x9559, 0x955a, 0x955a, 0x955a, 0x9559, 0x9559, 0x9559, 0x9559, 0x9559, 0x9559, 
	0x9559, 0x9559, 0x9559, 0x9559, 0x9559, 0x9559, 0x9559, 0x9559, 0x9559, 0x9559, 0x9559, 0x9559, 0x9559, 0x9559, 0x9559, 0x9559, 
	0x9d79, 0x9d79, 0x9d7a, 0x9d7a, 0x9d7a, 0x9d7a, 0x9d7a, 0x9d7a, 0x9d7a, 0x9d7a, 0x9d7a, 0x9d7a, 0x9d7a, 0x9d7a, 0x9d7a, 0x9d7a, 
	0x9d7a, 0x9d7a, 0x9d7a, 0x9d7a, 0x9d7a, 0x9d7a, 0x9d7a, 0x9d7a, 0x9d7a, 0x9d7a, 0x9d9a, 0x9d9a, 0xa59a, 0xa59a, 0xa59a, 0xa59a, 
	0xa59a, 0xa59a, 0xa59a, 0xa59a, 0xa5ba, 0xa5ba, 0xa5ba, 0xa5ba, 0xa5ba, 0xadba, 0xadba, 0xadda, 0xadda, 0xadda, 0xadda, 0xadda, 
	0xadda, 0xadda, 0xb5da, 0xb5fa, 0xb5fa, 0xb5fa, 0xb5fa, 0xb5fa, 0xb61a, 0xb61a, 0xb61a, 0xbe1a, 0xbe1a, 0xbe3a, 0xbe3a, 0xbe3a, 
	0xbe3a, 0xbe3a, 0xc63a, 0xc65a, 0xc65a, 0xc65a, 0xc65a, 0xc65a, 0xc67a, 0xce7a, 0xce7a, 0xce7a, 0xce7a, 0xce9a, 0xce9a, 0xce9a, 
	0xd69a, 0xd69a, 0xd69a, 0xd6ba, 0xd6ba, 0xd6ba, 0xd6ba, 0xdebb, 0xdeda, 0xdeda, 0xdeda, 0xdedb, 0xdedb, 0xdefb, 0xdefb, 0xdefb, 
	0xe6fb, 0xe6fb, 0xe6fb, 0xe71b, 0xe71b, 0xe71b, 0xe71b, 0xe71b, 0xe71b, 0xef1b, 0xef3b, 0xef3b, 0xef3b, 0xef3b, 0xef3b, 0xef3b, 
	0xef3b, 0xef3b, 0xef3b, 0xef5b, 0xef5b, 0xef5b, 0xf75b, 0xf75b, 0xf75b, 0xf75b, 0xf75b, 0xf75b, 0xf75b, 0xf75b, 0xf75b, 0xf75b, 
	0xf75b, 0xf75b, 0xf75b, 0xf75b, 0xf75b, 0xf75b, 0xf77b, 0xf77b, 0xf77b, 0xf77b, 0xf77b, 0xf77b, 0xf77b, 0xf77b, 0xf77b, 0xf77b, 
	0xf77b, 0xf77b, 0xf77b, 0xf77b, 0xf77b, 0xf77b, 0xf77b, 0xf77b, 0xf77b, 0xf77b, 0xf77b, 0xf77b, 0xf77b, 0xf77b, 0xf77b, 0xf77b, 
	0xf77b, 0xf77b, 0xf77b, 0xf77b, 0xf77b, 0xf77b, 0xf77b, 0xf77b, 0xf77b, 0xf77b, 0xf77b, 0xf77b, 0xf77b, 0xf77b, 0xf77b, 0xf77b, 
	0xf75b, 0xf75b, 0xf75b, 0xf75b, 0xf75b, 0xf75b, 0xf77b, 0xf77b, 0xf75b, 0xf75b, 0xf75b, 0xf75b, 0xf75b, 0xf75b, 0xf75b, 0xf75b, 
	0xf75b, 0xf75b, 0xf75b, 0xf75b, 0xf75b, 0xf75b, 0xf75b, 0xf75b, 0xf75b, 0xf75b, 0xef5b, 0xef5b, 0xef5b, 0xef3b, 0xef5b, 0xef3b, 
	0xef3b, 0xef3b, 0xef3b, 0xef3b, 0xef3b, 0xef3b, 0xef3b, 0xef3b, 0xef3b, 0xef3a, 0xef3b, 0xef3b, 0xef1a, 0xef1a, 0xe71a, 0xe71a, 
	0xe71a, 0xe71a, 0xe71a, 0xe71a, 0xe71a, 0xe6fa, 0xe6fa, 0xe6fa, 0xe6fa, 0xe6fa, 0xe6fa, 0xe6fa, 0xdefa, 0xdeda, 0xdeda, 0xdeda, 
	0x9539, 0x9539, 0x9539, 0x9539, 0x9559, 0x9559, 0x9559, 0x9559, 0x9559, 0x9559, 0x9559, 0x9559, 0x9559, 0x955a, 0x9559, 0x9559, 
	0x955a, 0x955a, 0x9559, 0x9559, 0x9559, 0x9559, 0x955a, 0x955a, 0x955a, 0x9559, 0x955a, 0x955a, 0x955a, 0x9559, 0x9559, 0x955a, 
	0x955a, 0x955a, 0x9559, 0x9559, 0x9559, 0x955a, 0x9559, 0x9559, 0x9559, 0x955a, 0x9559, 0x9559, 0x9559, 0x9559, 0x9559, 0x955a, 
	0x955a, 0x9559, 0x9559, 0x9559, 0x9559, 0x9559, 0x9559, 0x9559, 0x9559, 0x955a, 0x955a, 0x955a, 0x955a, 0x955a, 0x955a, 0x955a, 
	0x955a, 0x955a, 0x955a, 0x955a, 0x955a, 0x955a, 0x955a, 0x955a, 0x955a, 0x955a, 0x955a, 0x955a, 0x955a, 0x955a, 0x955a, 0x9d5a, 
	0x9d5a, 0x9d59, 0x9d59, 0x9d79, 0x9d79, 0x9d79, 0x9d79, 0x9d7a, 0x9d7a, 0x9d7a, 0x9d7a, 0x9d7a, 0x9d7a, 0x9d7a, 0x9d7a, 0x9d7a, 
	0x9d7a, 0x9d7a, 0x9d7a, 0x9d7a, 0x9d7a, 0x9d7a, 0x9d7a, 0x9d9a, 0x9d9a, 0x9d9a, 0x9d9a, 0x9d9a, 0x9d9a, 0xa59a, 0xa59a, 0xa59a, 
	0xa59a, 0xa59a, 0xa59a, 0xa59a, 0xa5ba, 0xa5ba, 0xa5ba, 0xa5ba, 0xa5ba, 0xadba, 0xadba, 0xadda, 0xadda, 0xadda, 0xadda, 0xadda, 
	0xadda, 0xadda, 0xb5fa, 0xb5fa, 0xb5fa, 0xb5fa, 0xb5fa, 0xb5fa, 0xb61a, 0xb61a, 0xbe1a, 0xbe1a, 0xbe1a, 0xbe3a, 0xbe3a, 0xbe3a, 
	0xbe3a, 0xbe3a, 0xc65a, 0xc65a, 0xc65a, 0xc65a, 0xc65a, 0xc65a, 0xc67a, 0xce7a, 0xce7a, 0xce7a, 0xce7a, 0xce9a, 0xce9a, 0xce9a, 
	0xd69a, 0xd6ba, 0xd6ba, 0xd6ba, 0xd6ba, 0xd6ba, 0xd6ba, 0xdeba, 0xdedb, 0xdedb, 0xdedb, 0xdeda, 0xdefb, 0xdefb, 0xdefb, 0xe6fb, 
	0xe6fb, 0xe6fb, 0xe6fb, 0xe71b, 0xe71b, 0xe71b, 0xe71b, 0xe71b, 0xef1b, 0xef1b, 0xef1b, 0xef3b, 0xef3b, 0xef3b, 0xef3b, 0xef3b, 
	0xef3b, 0xef3b, 0xef5b, 0xef5b, 0xef5b, 0xef5b, 0xf75b, 0xf75b, 0xf75b, 0xf75b, 0xf75b, 0xf75b, 0xf75b, 0xf75b, 0xf75b, 0xf75b, 
	0xf75b, 0xf75b, 0xf75b, 0xf75b, 0xf75b, 0xf75b, 0xf75b, 0xf77b, 0xf77b, 0xf77b, 0xf77b, 0xf77b, 0xf77b, 0xf77b, 0xf77b, 0xf77b, 
	0xf77b, 0xf77b, 0xf77b, 0xf77b, 0xf77b, 0xf77b, 0xf77b, 0xf77b, 0xf77b, 0xf77b, 0xf77b, 0xf77b, 0xf77b, 0xf77b, 0xf77b, 0xf77b, 
	0xf77b, 0xf77b, 0xf77b, 0xf77b, 0xf77b, 0xf77b, 0xf77b, 0xf77b, 0xf77b, 0xf77b, 0xf77b, 0xf77b, 0xf77b, 0xf77b, 0xf77b, 0xf75b, 
	0xf75b, 0xf75b, 0xf75b, 0xf75b, 0xf75b, 0xf75b, 0xf77b, 0xf75b, 0xf75b, 0xf75b, 0xf75b, 0xf75b, 0xf75b, 0xf75b, 0xf75b, 0xf75b, 
	0xf75b, 0xf75b, 0xf75b, 0xf75b, 0xf75b, 0xf75b, 0xf75b, 0xf75b, 0xf75b, 0xf75b, 0xf75b, 0xf75b, 0xef5b, 0xef3b, 0xef5b, 0xef3b, 
	0xef5b, 0xef3b, 0xef3b, 0xef3b, 0xef3b, 0xef3b, 0xef3b, 0xef3b, 0xef3b, 0xef3b, 0xef3a, 0xef3a, 0xef1a, 0xef1a, 0xe71a, 0xe71a, 
	0xe71a, 0xe71a, 0xe71a, 0xe71a, 0xe71a, 0xe6fa, 0xe71a, 0xe6fa, 0xe6fa, 0xe6fa, 0xe6fa, 0xe6fa, 0xe6fa, 0xdefa, 0xdeda, 0xdeda, 
	0x9539, 0x9539, 0x9539, 0x9559, 0x9559, 0x9559, 0x9559, 0x9559, 0x9559, 0x9559, 0x9559, 0x9559, 0x955a, 0x955a, 0x955a, 0x955a, 
	0x955a, 0x955a, 0x9559, 0x9559, 0x955a, 0x9559, 0x955a, 0x955a, 0x955a, 0x955a, 0x9559, 0x955a, 0x955a, 0x955a, 0x955a, 0x955a, 
	0x955a, 0x9559, 0x9559, 0x9559, 0x9559, 0x9559, 0x9559, 0x9559, 0x9559, 0x9559, 0x9559, 0x9559, 0x955a, 0x955a, 0x955a, 0x955a, 
	0x955a, 0x955a, 0x955a, 0x955a, 0x955a, 0x9559, 0x955a, 0x955a, 0x955a, 0x955a, 0x955a, 0x955a, 0x955a, 0x955a, 0x955a, 0x955a, 
	0x955a, 0x955a, 0x955a, 0x955a, 0x955a, 0x955a, 0x955a, 0x955a, 0x955a, 0x955a, 0x955a, 0x955a, 0x955a, 0x9d5a, 0x9d5a, 0x9d5a, 
	0x9d5a, 0x9d5a, 0x9d7a, 0x9d7a, 0x9d7a, 0x9d7a, 0x9d7a, 0x9d7a, 0x9d7a, 0x9d7a, 0x9d7a, 0x9d7a, 0x9d7a, 0x9d7a, 0x9d7a, 0x9d7a, 
	0x9d7a, 0x9d7a, 0x9d7a, 0x9d7a, 0x9d7a, 0x9d7a, 0x9d7a, 0x9d9a, 0x9d9a, 0x9d9a, 0x9d9a, 0xa59a, 0xa59a, 0xa59a, 0xa59a, 0xa59a, 
	0xa59a, 0xa5ba, 0xa5ba, 0xa5ba, 0xa5ba, 0xa5ba, 0xa5ba, 0xa5ba, 0xadba, 0xadba, 0xadda, 0xadda, 0xadda, 0xadda, 0xadda, 0xadda, 
	0xadda, 0xadfa, 0xb5fa, 0xb5fa, 0xb5fa, 0xb5fa, 0xb5fa, 0xb61a, 0xb61a, 0xb61a, 0xbe1a, 0xbe1a, 0xbe1a, 0xbe3a, 0xbe3a, 0xbe3a, 
	0xbe3a, 0xc65a, 0xc65a, 0xc65a, 0xc65a, 0xc65a, 0xc67a, 0xc67a, 0xce7a, 0xce7a, 0xce7a, 0xce7a, 0xce9a, 0xce9a, 0xce9a, 0xce9a, 
	0xd69a, 0xd6ba, 0xd6bb, 0xd6bb, 0xd6bb, 0xd6ba, 0xdebb, 0xdedb, 0xdedb, 0xdedb, 0xdedb, 0xdedb, 0xdefb, 0xdefb, 0xe6fb, 0xe6fb, 
	0xe6fb, 0xe71b, 0xe71b, 0xe71b, 0xe71b, 0xe71b, 0xe71b, 0xef1b, 0xef1b, 0xef3b, 0xef3b, 0xef3b, 0xef3b, 0xef3b, 0xef3b, 0xef3b, 
	0xef3b, 0xef5b, 0xef5b, 0xef5b, 0xf75b, 0xf75b, 0xf75b, 0xf75b, 0xf75b, 0xf75b, 0xf75b, 0xf75b, 0xf75b, 0xf75b, 0xf75b, 0xf75b, 
	0xf75b, 0xf75b, 0xf75b, 0xf77b, 0xf77b, 0xf77b, 0xf77b, 0xf77b, 0xf77b, 0xf77b, 0xf77b, 0xf77b, 0xf77b, 0xf77b, 0xf77b, 0xf77b, 
	0xf77b, 0xf77b, 0xf77b, 0xf77b, 0xf77b, 0xf77b, 0xf77b, 0xf77b, 0xf77b, 0xf77b, 0xf77b, 0xf77b, 0xf77b, 0xf77b, 0xf77b, 0xf77b, 
	0xf77b, 0xf77b, 0xf77b, 0xf77b, 0xf77b, 0xf77b, 0xf77b, 0xf77b, 0xf77b, 0xf77b, 0xf77b, 0xf77b, 0xf77b, 0xf77b, 0xf77b, 0xf77b, 
	0xf77b, 0xf77b, 0xf77b, 0xf77b, 0xf77b, 0xf75b, 0xf75b, 0xf75b, 0xf75b, 0xf75b, 0xf75b, 0xf75b, 0xf75b, 0xf75b, 0xf75b, 0xf75b, 
	0xf75b, 0xf75b, 0xf75b, 0xf75b, 0xf75b, 0xf75b, 0xf75b, 0xf75b, 0xf75b, 0xf75b, 0xf75b, 0xef5b, 0xf75b, 0xef5b, 0xef3b, 0xef5b, 
	0xef3b, 0xef3b, 0xef3b, 0xef3b, 0xef3b, 0xef3b, 0xef3b, 0xef3b, 0xef3b, 0xef3b, 0xef3b, 0xef3b, 0xef3a, 0xef3a, 0xef3b, 0xef1a, 
	0xe71a, 0xe71a, 0xe71a, 0xe71a, 0xe71a, 0xe71a, 0xe6fa, 0xe71a, 0xe6fa, 0xe6fa, 0xe6fa, 0xe6fa, 0xe6fa, 0xe6fa, 0xdefa, 0xdeda, 
	0x9539, 0x9539, 0x9539, 0x9559, 0x9559, 0x9539, 0x9559, 0x9559, 0x9559, 0x9559, 0x9559, 0x9559, 0x9559, 0x955a, 0x955a, 0x9559, 
	0x9559, 0x955a, 0x9559, 0x955a, 0x955a, 0x9559, 0x955a, 0x955a, 0x9559, 0x955a, 0x955a, 0x955a, 0x955a, 0x955a, 0x955a, 0x955a, 
	0x9559, 0x9559, 0x9559, 0x9559, 0x9559, 0x9559, 0x9559, 0x9559, 0x955a, 0x955a, 0x955a, 0x9559, 0x9559, 0x955a, 0x955a, 0x955a, 
	0x955a, 0x955a, 0x955a, 0x9559, 0x9559, 0x9559, 0x955a, 0x955a, 0x955a, 0x955a, 0x955a, 0x9559, 0x9559, 0x9559, 0x9559, 0x9559, 
	0x9559, 0x9559, 0x9559, 0x9559, 0x9559, 0x9559, 0x9559, 0x9559, 0x9559, 0x9559, 0x9559, 0x9559, 0x9559, 0x9559, 0x9559, 0x9d59, 
	0x9d59, 0x9d59, 0x9d59, 0x9d79, 0x9d7a, 0x9d7a, 0x9d7a, 0x9d7a, 0x9d7a, 0x9d7a, 0x9d7a, 0x9d7a, 0x9d7a, 0x9d7a, 0x9d7a, 0x9d7a, 
	0x9d7a, 0x9d7a, 0x9d7a, 0x9d7a, 0x9d7a, 0x9d79, 0x9d7a, 0x9d9a, 0x9d9a, 0x9d9a, 0x9d9a, 0x9d9a, 0x9d9a, 0xa59a, 0xa59a, 0xa59a, 
	0xa59a, 0xa59a, 0xa59a, 0xa59a, 0xa5ba, 0xa5ba, 0xa5ba, 0xa5ba, 0xa5ba, 0xadba, 0xadda, 0xadda, 0xadda, 0xadda, 0xadda, 0xadda, 
	0xadda, 0xadfa, 0xb5fa, 0xb5fa, 0xb5fa, 0xb5fa, 0xb5fa, 0xb5fa, 0xb61a, 0xb61a, 0xbe1a, 0xbe1a, 0xbe3a, 0xbe3a, 0xbe3a, 0xbe3a, 
	0xbe3a, 0xbe3a, 0xc65a, 0xc65a, 0xc65a, 0xc65a, 0xc65a, 0xc67a, 0xce7a, 0xce7a, 0xce7a, 0xce7a, 0xce7a, 0xce9a, 0xce9a, 0xd69a, 
	0xd69a, 0xd69a, 0xd6ba, 0xd6ba, 0xd6ba, 0xd6ba, 0xd6bb, 0xdedb, 0xdedb, 0xdeda, 0xdedb, 0xdedb, 0xdedb, 0xdefb, 0xdefb, 0xe6fb, 
	0xe6fb, 0xe6fb, 0xe71b, 0xe71b, 0xe71b, 0xe71b, 0xe71b, 0xe71b, 0xef1b, 0xef3b, 0xef3b, 0xef3b, 0xef3b, 0xef3b, 0xef3b, 0xef3b, 
	0xef3b, 0xef3b, 0xef3b, 0xef5b, 0xf75b, 0xf75b, 0xf75b, 0xf75b, 0xf75b, 0xf75b, 0xf75b, 0xf75b, 0xf75b, 0xf75b, 0xf75b, 0xf75b, 
	0xf75b, 0xf77b, 0xf77b, 0xf77b, 0xf77b, 0xf77b, 0xf77b, 0xf77b, 0xf77b, 0xf77b, 0xf77b, 0xf77b, 0xf77b, 0xf77b, 0xf77b, 0xf77b, 
	0xf77b, 0xf77b, 0xf77b, 0xf77b, 0xf77b, 0xf77b, 0xf77b, 0xf77b, 0xf77b, 0xf77b, 0xf77b, 0xf77b, 0xf77b, 0xf77b, 0xf77b, 0xf77b, 
	0xf77b, 0xf77b, 0xf77b, 0xf77b, 0xf77b, 0xf77b, 0xf77b, 0xf77b, 0xf77b, 0xf77b, 0xf77b, 0xf77b, 0xf77b, 0xf77b, 0xf77b, 0xf77b, 
	0xf77b, 0xf77b, 0xf77b, 0xf77b, 0xf77b, 0xf77b, 0xf77b, 0xf77b, 0xf77b, 0xf77b, 0xf77b, 0xf77b, 0xf75b, 0xf75b, 0xf75b, 0xf75b, 
	0xf75b, 0xf75b, 0xf75b, 0xf75b, 0xf75b, 0xf75b, 0xf75b, 0xf75b, 0xf75b, 0xf75b, 0xf75b, 0xf75b, 0xef5b, 0xef5b, 0xef3b, 0xef3b, 
	0xef3b, 0xef3b, 0xef3b, 0xef3b, 0xef3b, 0xef3b, 0xef3b, 0xef3b, 0xef3b, 0xef3b, 0xef3b, 0xef3b, 0xef3b, 0xef3b, 0xef3a, 0xef3a, 
	0xe71a, 0xe71a, 0xe71a, 0xe71a, 0xe71a, 0xe71a, 0xe71a, 0xe6fa, 0xe6fa, 0xe6fa, 0xe6fa, 0xe6fa, 0xe6fa, 0xe6fa, 0xdeda, 0xdeda, 
	0x9539, 0x9539, 0x9539, 0x9559, 0x9539, 0x9559, 0x9559, 0x9559, 0x9559, 0x9559, 0x9559, 0x9559, 0x955a, 0x955a, 0x955a, 0x9559, 
	0x9559, 0x955a, 0x955a, 0x9559, 0x9559, 0x9559, 0x9559, 0x955a, 0x955a, 0x955a, 0x955a, 0x955a, 0x955a, 0x955a, 0x955a, 0x9559, 
	0x9559, 0x9559, 0x9559, 0x955a, 0x9559, 0x9559, 0x9559, 0x9559, 0x9559, 0x9559, 0x9559, 0x9559, 0x955a, 0x9559, 0x9559, 0x9559, 
	0x9559, 0x9559, 0x9559, 0x9559, 0x955a, 0x955a, 0x9559, 0x9559, 0x9559, 0x9559, 0x9559, 0x9559, 0x955a, 0x955a, 0x955a, 0x955a, 
	0x955a, 0x955a, 0x955a, 0x955a, 0x955a, 0x955a, 0x955a, 0x955a, 0x955a, 0x955a, 0x955a, 0x955a, 0x955a, 0x957a, 0x957a, 0x957a, 
	0x9d7a, 0x9d7a, 0x9d7a, 0x9d7a, 0x9d7a, 0x9d7a, 0x9d7a, 0x9d7a, 0x9d7a, 0x9d7a, 0x9d7a, 0x9d7a, 0x9d7a, 0x9d7a, 0x9d7a, 0x9d7a, 
	0x9d7a, 0x9d7a, 0x9d7a, 0x9d7a, 0x9d7a, 0x9d7a, 0x9d7a, 0x9d9a, 0x9d9a, 0x9d9a, 0x9d9a, 0xa59a, 0xa59a, 0xa59a, 0xa59a, 0xa59a, 
	0xa59a, 0xa5ba, 0xa5ba, 0xa5ba, 0xa5ba, 0xa5ba, 0xa5ba, 0xa5ba, 0xadba, 0xadba, 0xadda, 0xadda, 0xadda, 0xadda, 0xadda, 0xadda, 
	0xadfa, 0xadfa, 0xb5fa, 0xb5fa, 0xb5fa, 0xb5fa, 0xb5fa, 0xb61a, 0xb61a, 0xbe1a, 0xbe1a, 0xbe1a, 0xbe3a, 0xbe3a, 0xbe3a, 0xbe3a, 
	0xbe3a, 0xc65a, 0xc65a, 0xc65a, 0xc65a, 0xc65a, 0xc67a, 0xc67a, 0xce7a, 0xce7a, 0xce7a, 0xce9a, 0xce9a, 0xce9a, 0xce9a, 0xd69a, 
	0xd69b, 0xd6bb, 0xd6ba, 0xd6ba, 0xd6bb, 0xd6bb, 0xdedb, 0xdedb, 0xdedb, 0xdedb, 0xdedb, 0xdedb, 0xdefb, 0xdefb, 0xdefb, 0xe6fb, 
	0xe6fb, 0xe71b, 0xe71b, 0xe71b, 0xe71b, 0xe71b, 0xe71b, 0xef1b, 0xef1b, 0xef3b, 0xef3b, 0xef3b, 0xef3b, 0xef3b, 0xef3b, 0xef3b, 
	0xef3b, 0xef3b, 0xef5b, 0xf75b, 0xf75b, 0xf75b, 0xf75b, 0xf75b, 0xf75b, 0xf75b, 0xf75b, 0xf75b, 0xf75b, 0xf77b, 0xf77b, 0xf77b, 
	0xf77b, 0xf77b, 0xf77b, 0xf77b, 0xf77b, 0xf77b, 0xf77b, 0xf77b, 0xf77b, 0xf77b, 0xf77b, 0xf77b, 0xf77b, 0xf77b, 0xf77b, 0xf77b, 
	0xf77b, 0xf77b, 0xf77b, 0xf77b, 0xf77b, 0xf77b, 0xf77b, 0xf77b, 0xf77b, 0xf77b, 0xf77b, 0xf77b, 0xf77b, 0xf77b, 0xf77b, 0xf77b, 
	0xf77b, 0xf77b, 0xf77b, 0xf77b, 0xf77b, 0xf77b, 0xf77b, 0xf77b, 0xf77b, 0xf77b, 0xf77b, 0xf77b, 0xf77b, 0xf77b, 0xf77b, 0xf77b, 
	0xf77b, 0xf77b, 0xf77b, 0xf77b, 0xf77b, 0xf77b, 0xf77b, 0xf77b, 0xf77b, 0xf77b, 0xf77b, 0xf77b, 0xf77b, 0xf77b, 0xf77b, 0xf75b, 
	0xf75b, 0xf75b, 0xf75b, 0xf75b, 0xf75b, 0xf75b, 0xf75b, 0xf75b, 0xf75b, 0xf75b, 0xf75b, 0xf75b, 0xf75b, 0xef5b, 0xef5b, 0xef5b, 
	0xef3b, 0xef3b, 0xef3b, 0xef3b, 0xef3b, 0xef3b, 0xef3b, 0xef3b, 0xef3b, 0xef3b, 0xef3b, 0xef3b, 0xef3b, 0xef3b, 0xef1b, 0xef1a, 
	0xef1a, 0xe71a, 0xe71a, 0xe71a, 0xe71a, 0xe71a, 0xe71a, 0xe71a, 0xe6fa, 0xe71a, 0xe6fa, 0xe6fa, 0xe6fa, 0xe6fa, 0xe6fa, 0xdeda, 
	0x9539, 0x9559, 0x9559, 0x9539, 0x9559, 0x9559, 0x9559, 0x9559, 0x9559, 0x955a, 0x955a, 0x955a, 0x955a, 0x955a, 0x9559, 0x9559, 
	0x955a, 0x955a, 0x9559, 0x9559, 0x9559, 0x9559, 0x955a, 0x955a, 0x955a, 0x955a, 0x955a, 0x955a, 0x955a, 0x955a, 0x955a, 0x955a, 
	0x955a, 0x955a, 0x9559, 0x9559, 0x9559, 0x9559, 0x9559, 0x9559, 0x9559, 0x9559, 0x9559, 0x9559, 0x9559, 0x955a, 0x9559, 0x9559, 
	0x9559, 0x9559, 0x9559, 0x9559, 0x9559, 0x955a, 0x955a, 0x9559, 0x9559, 0x9559, 0x9559, 0x9559, 0x9559, 0x955a, 0x955a, 0x955a, 
	0x955a, 0x955a, 0x9559, 0x9559, 0x9559, 0x9559, 0x9559, 0x9559, 0x9559, 0x9559, 0x9559, 0x9559, 0x9559, 0x9579, 0x9579, 0x9579, 
	0x9579, 0x9579, 0x9579, 0x9579, 0x9d79, 0x9d7a, 0x9d7a, 0x9d7a, 0x9d7a, 0x9d7a, 0x9d7a, 0x9d7a, 0x9d7a, 0x9d7a, 0x9d7a, 0x9d7a, 
	0x9d7a, 0x9d7a, 0x9d7a, 0x9d7a, 0x9d7a, 0x9d9a, 0x9d9a, 0x9d9a, 0x9d9a, 0x9d9a, 0x9d9a, 0x9d9a, 0xa59a, 0xa59a, 0xa59a, 0xa59a, 
	0xa59a, 0xa59a, 0xa5ba, 0xa5ba, 0xa5ba, 0xa5ba, 0xa5ba, 0xa5ba, 0xadba, 0xadda, 0xadda, 0xadda, 0xadda, 0xadda, 0xadda, 0xadda, 
	0xadda, 0xadfa, 0xb5fa, 0xb5fa, 0xb5fa, 0xb5fa, 0xb61a, 0xb61a, 0xb61a, 0xbe1a, 0xbe1a, 0xbe1a, 0xbe3a, 0xbe3a, 0xbe3a, 0xbe3a, 
	0xc65a, 0xc65a, 0xc65a, 0xc65a, 0xc65a, 0xc65a, 0xc67a, 0xc67a, 0xce7a, 0xce7a, 0xce7a, 0xce9a, 0xce9a, 0xce9a, 0xce9a, 0xd69a, 
	0xd6ba, 0xd6bb, 0xd6bb, 0xd6bb, 0xd6ba, 0xdebb, 0xdedb, 0xdedb, 0xdedb, 0xdedb, 0xdedb, 0xdefb, 0xdefb, 0xdefb, 0xdefb, 0xe6fb, 
	0xe6fb, 0xe71b, 0xe71b, 0xe71b, 0xe71b, 0xe71b, 0xe71b, 0xef1b, 0xef3b, 0xef3b, 0xef3b, 0xef3b, 0xef3b, 0xef3b, 0xef3b, 0xef3b, 
	0xef3b, 0xef3b, 0xef5b, 0xf75b, 0xf75b, 0xf75b, 0xf75b, 0xf75b, 0xf75b, 0xf75b, 0xf75b, 0xf75b, 0xf75b, 0xf75b, 0xf77b, 0xf77b, 
	0xf77b, 0xf77b, 0xf77b, 0xf77b, 0xf77b, 0xf77b, 0xf77b, 0xf77b, 0xf77b, 0xf77b, 0xf77b, 0xf77b, 0xf77b, 0xf77b, 0xf77b, 0xf77b, 
	0xf77b, 0xf77b, 0xf77b, 0xf77b, 0xf77b, 0xf77b, 0xf77b, 0xf77b, 0xf77b, 0xf77b, 0xf77b, 0xf77b, 0xf77b, 0xf77b, 0xf77b, 0xf77b, 
	0xf77b, 0xf77b, 0xf77b, 0xf77b, 0xf77b, 0xf77b, 0xf77b, 0xf77b, 0xf77b, 0xf77b, 0xf77b, 0xf77b, 0xf77b, 0xf77b, 0xf77b, 0xf77b, 
	0xf77b, 0xf77b, 0xf77b, 0xf77b, 0xf77b, 0xf77b, 0xf77b, 0xf77b, 0xf77b, 0xf77b, 0xf77b, 0xf77b, 0xf77b, 0xf77b, 0xf77b, 0xf75b, 
	0xf75b, 0xf75b, 0xf77b, 0xf75b, 0xf75b, 0xf75b, 0xf75b, 0xf75b, 0xf75b, 0xf75b, 0xf75b, 0xf75b, 0xf75b, 0xef5b, 0xf75b, 0xef5b, 
	0xef5b, 0xef5b, 0xef3b, 0xef3b, 0xef3b, 0xef3b, 0xef3b, 0xef3b, 0xef3b, 0xef3b, 0xef3b, 0xef3b, 0xef3b, 0xef3b, 0xef3b, 0xef3b, 
	0xef1a, 0xef1a, 0xe71a, 0xe71a, 0xe71a, 0xe71a, 0xe71a, 0xe71a, 0xe71a, 0xe71a, 0xe6fa, 0xe6fa, 0xe6fa, 0xe6fa, 0xe6fa, 0xdefa, 
	0x9539, 0x9559, 0x9559, 0x9559, 0x9559, 0x9559, 0x9559, 0x9559, 0x955a, 0x955a, 0x955a, 0x955a, 0x955a, 0x955a, 0x9559, 0x955a, 
	0x955a, 0x955a, 0x9559, 0x9559, 0x955a, 0x955a, 0x955a, 0x955a, 0x955a, 0x955a, 0x9559, 0x955a, 0x955a, 0x955a, 0x955a, 0x955a, 
	0x955a, 0x9559, 0x9559, 0x9559, 0x9559, 0x9559, 0x9559, 0x9559, 0x9559, 0x9559, 0x9559, 0x9559, 0x9559, 0x9559, 0x9559, 0x9559, 
	0x9559, 0x9559, 0x9559, 0x9559, 0x9559, 0x955a, 0x955a, 0x955a, 0x955a, 0x955a, 0x955a, 0x9559, 0x9559, 0x9559, 0x9559, 0x9559, 
	0x9559, 0x9559, 0x9559, 0x9559, 0x9559, 0x9559, 0x9559, 0x9559, 0x9559, 0x9559, 0x9559, 0x9559, 0x9559, 0x9579, 0x9579, 0x9579, 
	0x9579, 0x9579, 0x9579, 0x9579, 0x9d79, 0x9d79, 0x9d79, 0x9d79, 0x9d79, 0x9d79, 0x9d79, 0x9d79, 0x9d79, 0x9d79, 0x9d79, 0x9d79, 
	0x9d79, 0x9d79, 0x9d79, 0x9d79, 0x9d7a, 0x9d7a, 0x9d7a, 0x9d7a, 0x9d9a, 0x9d9a, 0x9d9a, 0x9d9a, 0xa59a, 0xa59a, 0xa59a, 0xa59a, 
	0xa59a, 0xa5ba, 0xa5ba, 0xa5ba, 0xa5ba, 0xa5ba, 0xa5ba, 0xa5ba, 0xa5ba, 0xadba, 0xadda, 0xadda, 0xadda, 0xadda, 0xadda, 0xadda, 
	0xadfa, 0xadfa, 0xb5fa, 0xb5fa, 0xb5fa, 0xb5fa, 0xb5fa, 0xb61a, 0xb61a, 0xbe1a, 0xbe1a, 0xbe1a, 0xbe3a, 0xbe3a, 0xbe3a, 0xbe3a, 
	0xbe3a, 0xc65a, 0xc65a, 0xc65a, 0xc65a, 0xc65a, 0xc67a, 0xc67a, 0xce7a, 0xce7a, 0xce7a, 0xce7a, 0xce9a, 0xce9a, 0xce9a, 0xd69a, 
	0xd69a, 0xd6ba, 0xd6ba, 0xd6ba, 0xd6bb, 0xd6bb, 0xdebb, 0xdedb, 0xdedb, 0xdedb, 0xdedb, 0xdedb, 0xdefb, 0xdefb, 0xe6fb, 0xe6fb, 
	0xe6fb, 0xe71b, 0xe71b, 0xe71b, 0xe71b, 0xe71b, 0xe71b, 0xe71b, 0xef1b, 0xef3b, 0xef3b, 0xef3b, 0xef3b, 0xef3b, 0xef3b, 0xef3b, 
	0xef3b, 0xef5b, 0xef5b, 0xef5b, 0xf75b, 0xf75b, 0xf75b, 0xf75b, 0xf75b, 0xf75b, 0xf75b, 0xf75b, 0xf75b, 0xf75b, 0xf75b, 0xf75b, 
	0xf75b, 0xf75b, 0xf75b, 0xf77b, 0xf77b, 0xf77b, 0xf77b, 0xf77b, 0xf77b, 0xf77b, 0xf77b, 0xf77b, 0xf77b, 0xf77b, 0xf77b, 0xf77b, 
	0xf77b, 0xf77b, 0xf77b, 0xf77b, 0xff7b, 0xff7b, 0xff7b, 0xff7b, 0xff7b, 0xff7b, 0xff7b, 0xff7b, 0xf77b, 0xf77b, 0xf77b, 0xf77b, 
	0xf77b, 0xf77b, 0xf77b, 0xf77b, 0xf77b, 0xf77b, 0xf77b, 0xf77b, 0xf77b, 0xf77b, 0xf77b, 0xf77b, 0xf77b, 0xf77b, 0xf77b, 0xf77b, 
	0xf77b, 0xf77b, 0xf77b, 0xf77b, 0xf77b, 0xf77b, 0xf77b, 0xf77b, 0xf77b, 0xf77b, 0xf77b, 0xf77b, 0xf75b, 0xf77b, 0xf77b, 0xf77b, 
	0xf75b, 0xf75b, 0xf75b, 0xf75b, 0xf75b, 0xf75b, 0xf75b, 0xf75b, 0xf75b, 0xf75b, 0xf75b, 0xf75b, 0xf75b, 0xf75b, 0xef5b, 0xf75b, 
	0xef5b, 0xef5b, 0xef5b, 0xef5b, 0xef3b, 0xef3b, 0xef3b, 0xef3b, 0xef3b, 0xef3b, 0xef3b, 0xef3b, 0xef3b, 0xef3b, 0xef3b, 0xef3b, 
	0xef1b, 0xef1a, 0xef1a, 0xe71a, 0xe71a, 0xe71a, 0xe71a, 0xe71a, 0xe71a, 0xe71a, 0xe71a, 0xe6fa, 0xe6fa, 0xe6fa, 0xe6fa, 0xe6fa, 
	0x9539, 0x9559, 0x9539, 0x9559, 0x9559, 0x9559, 0x9559, 0x955a, 0x9559, 0x9559, 0x955a, 0x955a, 0x9559, 0x9559, 0x955a, 0x955a, 
	0x9559, 0x9559, 0x9559, 0x955a, 0x955a, 0x955a, 0x955a, 0x955a, 0x955a, 0x9559, 0x955a, 0x955a, 0x955a, 0x955a, 0x955a, 0x9559, 
	0x955a, 0x955a, 0x9559, 0x9559, 0x9559, 0x9559, 0x9559, 0x9559, 0x9559, 0x9559, 0x9559, 0x955a, 0x955a, 0x955a, 0x9559, 0x9559, 
	0x9559, 0x955a, 0x955a, 0x955a, 0x955a, 0x955a, 0x9559, 0x9559, 0x9559, 0x955a, 0x955a, 0x955a, 0x955a, 0x955a, 0x955a, 0x955a, 
	0x955a, 0x957a, 0x957a, 0x957a, 0x957a, 0x957a, 0x957a, 0x957a, 0x957a, 0x957a, 0x957a, 0x957a, 0x957a, 0x957a, 0x957a, 0x957a, 
	0x957a, 0x957a, 0x9d7a, 0x9d7a, 0x9d79, 0x9d79, 0x9d79, 0x9d7a, 0x9d7a, 0x9d7a, 0x9d7a, 0x9d7a, 0x9d7a, 0x9d7a, 0x9d7a, 0x9d7a, 
	0x9d7a, 0x9d7a, 0x9d7a, 0x9d7a, 0x9d7a, 0x9d7a, 0x9d9a, 0x9d9a, 0x9d9a, 0x9d9a, 0x9d9a, 0xa59a, 0xa59a, 0xa59a, 0xa59a, 0xa59a, 
	0xa5ba, 0xa5ba, 0xa5ba, 0xa5ba, 0xa5ba, 0xa5ba, 0xa5ba, 0xa5ba, 0xadba, 0xadda, 0xadda, 0xadda, 0xadda, 0xadda, 0xadda, 0xadfa, 
	0xadfa, 0xb5fa, 0xb5fa, 0xb5fa, 0xb5fa, 0xb5fa, 0xb61a, 0xb61a, 0xbe1a, 0xbe1a, 0xbe1a, 0xbe3a, 0xbe3a, 0xbe3a, 0xbe3a, 0xbe3a, 
	0xc65a, 0xc65a, 0xc65a, 0xc65a, 0xc65a, 0xc67a, 0xc67a, 0xce7a, 0xce7a, 0xce7a, 0xce7a, 0xce9a, 0xce9a, 0xce9b, 0xd69b, 0xd69b, 
	0xd6ba, 0xd6bb, 0xd6bb, 0xd6bb, 0xd6bb, 0xdebb, 0xdedb, 0xdedb, 0xdedb, 0xdedb, 0xdedb, 0xdefb, 0xdefb, 0xe6fb, 0xe6fb, 0xe6fb, 
	0xe6fb, 0xe71b, 0xe71b, 0xe71b, 0xe71b, 0xe71b, 0xe71b, 0xef3b, 0xef3b, 0xef3b, 0xef3b, 0xef3b, 0xef3b, 0xef3b, 0xef3b, 0xef3b, 
	0xef3b, 0xef5b, 0xef5b, 0xf75b, 0xf75b, 0xf75b, 0xf75b, 0xf75b, 0xf75b, 0xf75b, 0xf75b, 0xf75b, 0xf75b, 0xf75b, 0xf77b, 0xf77b, 
	0xf77b, 0xf77b, 0xf77b, 0xf77b, 0xf77b, 0xf77b, 0xf77b, 0xf77b, 0xf77b, 0xf77b, 0xf77b, 0xf77b, 0xf77b, 0xf77b, 0xff7b, 0xff7b, 
	0xff7b, 0xff7b, 0xff7b, 0xff7b, 0xff7b, 0xff7b, 0xff7b, 0xff7b, 0xff7b, 0xff7b, 0xff7b, 0xff7b, 0xff7b, 0xff7b, 0xff7b, 0xff7b, 
	0xff7b, 0xff7b, 0xff7b, 0xf77b, 0xf77b, 0xf77b, 0xf77b, 0xf77b, 0xf77b, 0xf77b, 0xf77b, 0xf77b, 0xf77b, 0xf77b, 0xf77b, 0xf77b, 
	0xf77b, 0xf77b, 0xf77b, 0xf77b, 0xf77b, 0xf77b, 0xf77b, 0xf77b, 0xf77b, 0xf77b, 0xf77b, 0xf77b, 0xf77b, 0xf77b, 0xf77b, 0xf75b, 
	0xf75b, 0xf75b, 0xf77b, 0xf75b, 0xf75b, 0xf75b, 0xf75b, 0xf75b, 0xf75b, 0xf75b, 0xf75b, 0xf75b, 0xf75b, 0xf75b, 0xf75b, 0xf75b, 
	0xef5b, 0xef5b, 0xef5b, 0xef5b, 0xef5b, 0xef3b, 0xef3b, 0xef3b, 0xef3b, 0xef3b, 0xef3b, 0xef3b, 0xef3b, 0xef3b, 0xef3b, 0xef3b, 
	0xef3b, 0xef1b, 0xef1a, 0xef1a, 0xe71a, 0xe71a, 0xe71a, 0xe71a, 0xe71a, 0xe71a, 0xe71a, 0xe6fa, 0xe6fa, 0xe6fa, 0xe6fa, 0xe6fa, 
	0x9539, 0x9559, 0x9559, 0x9559, 0x9559, 0x9559, 0x9559, 0x9559, 0x9559, 0x955a, 0x9559, 0x9559, 0x9559, 0x955a, 0x955a, 0x955a, 
	0x9559, 0x9559, 0x955a, 0x955a, 0x9559, 0x955a, 0x9559, 0x9559, 0x955a, 0x955a, 0x955a, 0x955a, 0x955a, 0x955a, 0x955a, 0x9559, 
	0x955a, 0x9559, 0x9559, 0x9559, 0x9559, 0x9559, 0x9559, 0x955a, 0x9559, 0x9559, 0x9559, 0x955a, 0x9559, 0x9559, 0x9559, 0x9559, 
	0x9559, 0x955a, 0x955a, 0x957a, 0x9559, 0x9559, 0x9559, 0x9559, 0x9559, 0x955a, 0x955a, 0x955a, 0x955a, 0x955a, 0x955a, 0x955a, 
	0x955a, 0x955a, 0x955a, 0x957a, 0x957a, 0x957a, 0x957a, 0x957a, 0x957a, 0x957a, 0x957a, 0x957a, 0x957a, 0x957a, 0x957a, 0x957a, 
	0x9d7a, 0x9d7a, 0x9d7a, 0x9d7a, 0x9d7a, 0x9d7a, 0x9d7a, 0x9d7a, 0x9d7a, 0x9d7a, 0x9d7a, 0x9d7a, 0x9d7a, 0x9d7a, 0x9d7a, 0x9d7a, 
	0x9d7a, 0x9d7a, 0x9d7a, 0x9d9a, 0x9d9a, 0x9d9a, 0x9d9a, 0x9d9a, 0x9d9a, 0x9d9a, 0x9d9a, 0xa59a, 0xa59a, 0xa59a, 0xa59a, 0xa59a, 
	0xa5ba, 0xa5ba, 0xa5ba, 0xa5ba, 0xa5ba, 0xa5ba, 0xadba, 0xadba, 0xadda, 0xadda, 0xadda, 0xadda, 0xadda, 0xadda, 0xadda, 0xadfa, 
	0xadfa, 0xb5fa, 0xb5fa, 0xb5fa, 0xb5fa, 0xb5fa, 0xb61a, 0xb61a, 0xbe1a, 0xbe1a, 0xbe1a, 0xbe3a, 0xbe3a, 0xbe3a, 0xbe3a, 0xbe3a, 
	0xc65a, 0xc65a, 0xc65a, 0xc65a, 0xc67a, 0xc67a, 0xc67a, 0xce7a, 0xce7a, 0xce9a, 0xce9a, 0xce9a, 0xce9a, 0xce9b, 0xd69b, 0xd6bb, 
	0xd6bb, 0xd6bb, 0xd6bb, 0xd6bb, 0xd6db, 0xdedb, 0xdedb, 0xdedb, 0xdedb, 0xdedb, 0xdefb, 0xdefb, 0xdefb, 0xe6fb, 0xe6fb, 0xe71b, 
	0xe71b, 0xe71b, 0xe71b, 0xe71b, 0xe71b, 0xe71b, 0xef1b, 0xef3b, 0xef3b, 0xef3b, 0xef3b, 0xef3b, 0xef3b, 0xef3b, 0xef3b, 0xef5b, 
	0xef5b, 0xef5b, 0xf75b, 0xf75b, 0xf75b, 0xf75b, 0xf75b, 0xf75b, 0xf75b, 0xf75b, 0xf75b, 0xf75b, 0xf75b, 0xf77b, 0xf77b, 0xf77b, 
	0xf77b, 0xf77b, 0xf77b, 0xf77b, 0xf77b, 0xf77b, 0xf77b, 0xf77b, 0xf77b, 0xf77b, 0xf77b, 0xf77b, 0xff7b, 0xff7b, 0xff7b, 0xff7b, 
	0xff7b, 0xff7b, 0xff7b, 0xff7b, 0xff7b, 0xff7b, 0xff7b, 0xff7b, 0xff7b, 0xff7b, 0xff7b, 0xff7b, 0xff7b, 0xff7b, 0xff7b, 0xff7b, 
	0xff7b, 0xff7b, 0xff7b, 0xff7b, 0xff7b, 0xff7b, 0xff7b, 0xff7b, 0xff7b, 0xff7b, 0xff7b, 0xff7b, 0xff7b, 0xff7b, 0xf77b, 0xf77b, 
	0xf77b, 0xf77b, 0xf77b, 0xf77b, 0xf77b, 0xf77b, 0xf77b, 0xf77b, 0xf77b, 0xf77b, 0xf77b, 0xf77b, 0xf77b, 0xf77b, 0xf77b, 0xf77b, 
	0xf75b, 0xf75b, 0xf75b, 0xf75b, 0xf75b, 0xf75b, 0xf75b, 0xf75b, 0xf75b, 0xf75b, 0xf75b, 0xf75b, 0xf75b, 0xf75b, 0xf75b, 0xf75b, 
	0xf75b, 0xf75b, 0xef5b, 0xef5b, 0xef5b, 0xef3b, 0xef5b, 0xef3b, 0xef3b, 0xef3b, 0xef3b, 0xef3b, 0xef3b, 0xef3b, 0xef3b, 0xef3b, 
	0xef3b, 0xef3b, 0xef1b, 0xef1a, 0xef1a, 0xe71a, 0xe71a, 0xe71a, 0xe71a, 0xe71a, 0xe71a, 0xe6fa, 0xe71a, 0xe6fa, 0xe6fa, 0xe6fa, 
	0x9559, 0x9539, 0x9559, 0x9559, 0x9559, 0x9559, 0x955a, 0x955a, 0x955a, 0x955a, 0x955a, 0x9559, 0x955a, 0x955a, 0x9559, 0x9559, 
	0x9559, 0x955a, 0x9559, 0x9559, 0x9559, 0x9559, 0x9559, 0x955a, 0x955a, 0x955a, 0x955a, 0x955a, 0x955a, 0x955a, 0x955a, 0x9559, 
	0x9559, 0x9559, 0x9559, 0x955a, 0x9559, 0x9559, 0x9559, 0x955a, 0x9559, 0x9559, 0x9559, 0x9559, 0x9559, 0x9559, 0x9559, 0x9559, 
	0x9559, 0x9559, 0x9559, 0x9559, 0x955a, 0x9559, 0x9559, 0x9559, 0x9559, 0x9559, 0x9559, 0x9559, 0x955a, 0x955a, 0x955a, 0x955a, 
	0x955a, 0x955a, 0x955a, 0x955a, 0x955a, 0x955a, 0x955a, 0x955a, 0x955a, 0x955a, 0x955a, 0x955a, 0x955a, 0x955a, 0x9d7a, 0x9d7a, 
	0x9d7a, 0x9d7a, 0x9d7a, 0x9d7a, 0x9d7a, 0x9d7a, 0x9d7a, 0x9d7a, 0x9d7a, 0x9d7a, 0x9d7a, 0x9d7a, 0x9d7a, 0x9d7a, 0x9d7a, 0x9d7a, 
	0x9d7a, 0x9d7a, 0x9d7a, 0x9d7a, 0x9d9a, 0x9d9a, 0x9d9a, 0x9d9a, 0x9d9a, 0x9d9a, 0x9d9a, 0xa59a, 0xa59a, 0xa59a, 0xa59a, 0xa59a, 
	0xa5ba, 0xa5ba, 0xa5ba, 0xa5ba, 0xa5ba, 0xa5ba, 0xa5ba, 0xadba, 0xadda, 0xadda, 0xadda, 0xadda, 0xadda, 0xadda, 0xadda, 0xadfa, 
	0xb5fa, 0xb5fa, 0xb5fa, 0xb5fa, 0xb5fa, 0xb61a, 0xb61a, 0xb61a, 0xbe1a, 0xbe1a, 0xbe1a, 0xbe3a, 0xbe3a, 0xbe3a, 0xbe3a, 0xc65a, 
	0xc65a, 0xc65a, 0xc65a, 0xc65a, 0xc65a, 0xc67a, 0xc67a, 0xce7a, 0xce7a, 0xce9b, 0xce9a, 0xce9a, 0xce9a, 0xce9a, 0xd69b, 0xd69b, 
	0xd6bb, 0xd6bb, 0xd6bb, 0xd6bb, 0xd6db, 0xdedb, 0xdedb, 0xdedb, 0xdedb, 0xdedb, 0xdedb, 0xdefb, 0xdefb, 0xe6fb, 0xe6fb, 0xe6fb, 
	0xe71b, 0xe71b, 0xe71b, 0xe71b, 0xe71b, 0xef1b, 0xef1b, 0xef3b, 0xef3b, 0xef3b, 0xef3b, 0xef3b, 0xef3b, 0xef3b, 0xef3b, 0xef5b, 
	0xef5b, 0xef5b, 0xf75b, 0xf75b, 0xf75b, 0xf75b, 0xf75b, 0xf75b, 0xf75b, 0xf75b, 0xf75b, 0xf75b, 0xf75b, 0xf75b, 0xf77b, 0xf77b, 
	0xf77b, 0xf77b, 0xf77b, 0xf77b, 0xf77b, 0xf77b, 0xf77b, 0xf77b, 0xf77b, 0xf77b, 0xf77b, 0xf77b, 0xf77b, 0xff7b, 0xff7b, 0xff7b, 
	0xff7b, 0xff7b, 0xff7b, 0xff7b, 0xff7b, 0xff7b, 0xff7b, 0xff7b, 0xff7b, 0xff7b, 0xff7b, 0xff7b, 0xff7b, 0xff7b, 0xff7b, 0xff7b, 
	0xff7b, 0xff7b, 0xff7b, 0xff7b, 0xff7b, 0xff7b, 0xff7b, 0xff7b, 0xff7b, 0xff7b, 0xff7b, 0xff7b, 0xff7b, 0xff7b, 0xf77b, 0xf77b, 
	0xf77b, 0xf77b, 0xf77b, 0xf77b, 0xf77b, 0xf77b, 0xf77b, 0xf77b, 0xf77b, 0xf77b, 0xf77b, 0xf77b, 0xf77b, 0xf77b, 0xf77b, 0xf77b, 
	0xf75b, 0xf75b, 0xf75b, 0xf75b, 0xf75b, 0xf75b, 0xf75b, 0xf75b, 0xf75b, 0xf75b, 0xf75b, 0xf75b, 0xf75b, 0xf75b, 0xf75b, 0xf75b, 
	0xf75b, 0xf75b, 0xf75b, 0xef5b, 0xef5b, 0xef5b, 0xef5b, 0xef5b, 0xef3b, 0xef3b, 0xef3b, 0xef3b, 0xef3b, 0xef3b, 0xef3b, 0xef3b, 
	0xef3b, 0xef3b, 0xef3b, 0xef1b, 0xef1a, 0xef1a, 0xe71a, 0xe71a, 0xe71a, 0xe71a, 0xe71a, 0xe71a, 0xe71a, 0xe6fa, 0xe6fa, 0xe6fa, 
	0x9559, 0x9559, 0x9559, 0x9559, 0x955a, 0x955a, 0x955a, 0x955a, 0x955a, 0x955a, 0x955a, 0x955a, 0x955a, 0x955a, 0x9559, 0x9559, 
	0x955a, 0x955a, 0x9559, 0x9559, 0x9559, 0x9559, 0x955a, 0x955a, 0x955a, 0x955a, 0x955a, 0x955a, 0x955a, 0x955a, 0x9559, 0x9559, 
	0x9559, 0x9559, 0x955a, 0x9559, 0x9559, 0x9559, 0x9559, 0x9559, 0x9559, 0x9559, 0x9559, 0x9559, 0x9559, 0x9559, 0x9559, 0x9559, 
	0x9559, 0x9559, 0x9559, 0x9559, 0x9559, 0x9559, 0x9559, 0x9559, 0x9559, 0x9559, 0x9559, 0x9559, 0x9559, 0x9559, 0x9559, 0x9559, 
	0x9559, 0x9559, 0x9559, 0x9559, 0x9559, 0x9559, 0x9559, 0x9559, 0x9559, 0x9559, 0x9559, 0x9559, 0x9559, 0x9559, 0x9559, 0x9579, 
	0x9579, 0x9579, 0x9579, 0x9579, 0x9579, 0x9579, 0x9d79, 0x9d79, 0x9d79, 0x9d79, 0x9d79, 0x9d79, 0x9d79, 0x9d7a, 0x9d7a, 0x9d7a, 
	0x9d7a, 0x9d7a, 0x9d7a, 0x9d7a, 0x9d9a, 0x9d9a, 0x9d9a, 0x9d9a, 0x9d99, 0x9d9a, 0x9d9a, 0xa59a, 0xa59a, 0xa59a, 0xa59a, 0xa59a, 
	0xa5ba, 0xa5ba, 0xa5ba, 0xa5ba, 0xa5ba, 0xa5ba, 0xa5ba, 0xadba, 0xadba, 0xadda, 0xadda, 0xadda, 0xadda, 0xadda, 0xadda, 0xadfa, 
	0xadfa, 0xb5fa, 0xb5fa, 0xb5fa, 0xb5fa, 0xb5fa, 0xb61a, 0xb61a, 0xbe1a, 0xbe1a, 0xbe1a, 0xbe3a, 0xbe3a, 0xbe3a, 0xbe3a, 0xbe3a, 
	0xc65a, 0xc65a, 0xc65a, 0xc65a, 0xc67a, 0xc67a, 0xc67a, 0xce7a, 0xce7a, 0xce7a, 0xce9a, 0xce9a, 0xce9a, 0xce9b, 0xd69b, 0xd6ba, 
	0xd6ba, 0xd6bb, 0xd6bb, 0xd6bb, 0xd6bb, 0xdedb, 0xdedb, 0xdedb, 0xdedb, 0xdedb, 0xdefb, 0xdefb, 0xdefb, 0xe6fb, 0xe6fb, 0xe6fb, 
	0xe6fb, 0xe71b, 0xe71b, 0xe71b, 0xe71b, 0xe71b, 0xef1b, 0xef1b, 0xef3b, 0xef3b, 0xef3b, 0xef3b, 0xef3b, 0xef3b, 0xef3b, 0xef3b, 
	0xef3b, 0xef5b, 0xef5b, 0xef5b, 0xf75b, 0xf75b, 0xf75b, 0xf75b, 0xf75b, 0xf75b, 0xf75b, 0xf75b, 0xf75b, 0xf75b, 0xf75b, 0xf75b, 
	0xf75b, 0xf75b, 0xf77b, 0xf77b, 0xf77b, 0xf77b, 0xf77b, 0xf77b, 0xf77b, 0xf77b, 0xf77b, 0xf77b, 0xf77b, 0xf77b, 0xf77b, 0xf77b, 
	0xf77b, 0xf77b, 0xff7b, 0xff7b, 0xff7b, 0xff7b, 0xff7b, 0xff7b, 0xff7b, 0xff7b, 0xff7b, 0xff7b, 0xff7b, 0xff7b, 0xf77b, 0xf77b, 
	0xf77b, 0xf77b, 0xf77b, 0xf77b, 0xf77b, 0xf77b, 0xf77b, 0xf77b, 0xf77b, 0xf77b, 0xf77b, 0xf77b, 0xf77b, 0xf77b, 0xf77b, 0xf77b, 
	0xf77b, 0xf77b, 0xf77b, 0xf77b, 0xf77b, 0xf77b, 0xf77b, 0xf77b, 0xf77b, 0xf77b, 0xf77b, 0xf77b, 0xf77b, 0xf77b, 0xf77b, 0xf77b, 
	0xf77b, 0xf75b, 0xf75b, 0xf75b, 0xf75b, 0xf75b, 0xf75b, 0xf75b, 0xf75b, 0xf75b, 0xf75b, 0xf75b, 0xf75b, 0xf75b, 0xf75b, 0xf75b, 
	0xf75b, 0xf75b, 0xf75b, 0xf75b, 0xf75b, 0xef5b, 0xef5b, 0xef5b, 0xef5b, 0xef3b, 0xef3b, 0xef3b, 0xef3b, 0xef3b, 0xef3b, 0xef3b, 
	0xef3b, 0xef3b, 0xef3b, 0xef3b, 0xef1a, 0xef3a, 0xef1a, 0xe71a, 0xe71a, 0xe71a, 0xe71a, 0xe71a, 0xe71a, 0xe71a, 0xe6fa, 0xe6fa, 
	0x9539, 0x9559, 0x9559, 0x9559, 0x9559, 0x955a, 0x9559, 0x955a, 0x955a, 0x9559, 0x9559, 0x955a, 0x955a, 0x955a, 0x955a, 0x955a, 
	0x955a, 0x955a, 0x955a, 0x9559, 0x9559, 0x955a, 0x955a, 0x955a, 0x955a, 0x9559, 0x955a, 0x955a, 0x9559, 0x9559, 0x9559, 0x955a, 
	0x955a, 0x955a, 0x9559, 0x9559, 0x9559, 0x9559, 0x9559, 0x9559, 0x9559, 0x9559, 0x9559, 0x9559, 0x9559, 0x9559, 0x9559, 0x9559, 
	0x9559, 0x9559, 0x9559, 0x9559, 0x9579, 0x9559, 0x9559, 0x9559, 0x9559, 0x9559, 0x9559, 0x9559, 0x9559, 0x9559, 0x9559, 0x9559, 
	0x9559, 0x9559, 0x9559, 0x9559, 0x9579, 0x9579, 0x9579, 0x9579, 0x9579, 0x9579, 0x9579, 0x9579, 0x9579, 0x9579, 0x9579, 0x9579, 
	0x9579, 0x9579, 0x9579, 0x9579, 0x9d79, 0x9d79, 0x9d79, 0x9d79, 0x9d7a, 0x9d7a, 0x9d7a, 0x9d7a, 0x9d7a, 0x9d7a, 0x9d7a, 0x9d7a, 
	0x9d7a, 0x9d7a, 0x9d9a, 0x9d9a, 0x9d9a, 0x9d9a, 0x9d9a, 0x9d9a, 0x9d9a, 0x9d9a, 0xa59a, 0xa59a, 0xa59a, 0xa59a, 0xa59a, 0xa5ba, 
	0xa5ba, 0xa5ba, 0xa5ba, 0xa5ba, 0xa5ba, 0xa5ba, 0xadba, 0xadba, 0xadda, 0xadda, 0xadda, 0xadda, 0xadda, 0xadda, 0xadfa, 0xadfa, 
	0xb5fa, 0xb5fa, 0xb5fa, 0xb5fa, 0xb5fa, 0xb61a, 0xb61a, 0xb61a, 0xbe1a, 0xbe1a, 0xbe3a, 0xbe3a, 0xbe3a, 0xbe3a, 0xbe3a, 0xc65a, 
	0xc65a, 0xc65a, 0xc65a, 0xc65a, 0xc67a, 0xc67a, 0xce7a, 0xce7a, 0xce7a, 0xce9a, 0xce9b, 0xce9b, 0xce9b, 0xd69b, 0xd6bb, 0xd6bb, 
	0xd6bb, 0xd6bb, 0xd6bb, 0xd6bb, 0xdedb, 0xdedb, 0xdedb, 0xdedb, 0xdedb, 0xdefb, 0xdefb, 0xdefb, 0xe6fb, 0xe6fb, 0xe6fb, 0xe6fb, 
	0xe71b, 0xe71b, 0xe71b, 0xe71b, 0xe71b, 0xef1b, 0xef1b, 0xef3b, 0xef3b, 0xef3b, 0xef3b, 0xef3b, 0xef3b, 0xef3b, 0xef3b, 0xef5b, 
	0xef5b, 0xef5b, 0xf75b, 0xf75b, 0xf75b, 0xf75b, 0xf75b, 0xf75b, 0xf75b, 0xf75b, 0xf75b, 0xf75b, 0xf75b, 0xf77b, 0xf77b, 0xf77b, 
	0xf77b, 0xf77b, 0xf77b, 0xf77b, 0xf77b, 0xf77b, 0xf77b, 0xf77b, 0xf77b, 0xf77b, 0xf77b, 0xf77b, 0xf77b, 0xff7b, 0xff7b, 0xff7b, 
	0xff7b, 0xff7b, 0xff7b, 0xff7b, 0xff7b, 0xff7b, 0xff7b, 0xff7b, 0xff7b, 0xff7b, 0xff7b, 0xff7b, 0xff7b, 0xff7b, 0xff7b, 0xff7b, 
	0xff7b, 0xff7b, 0xff7b, 0xff7b, 0xff7b, 0xff7b, 0xff7b, 0xff7b, 0xff7b, 0xff7b, 0xff7b, 0xff7b, 0xff7b, 0xff7b, 0xff7b, 0xf77b, 
	0xf77b, 0xf77b, 0xf77b, 0xf77b, 0xf77b, 0xf77b, 0xf77b, 0xf77b, 0xf77b, 0xf77b, 0xf77b, 0xf77b, 0xf77b, 0xf77b, 0xf77b, 0xf77b, 
	0xf75b, 0xf75b, 0xf75b, 0xf75b, 0xf75b, 0xf75b, 0xf75b, 0xf75b, 0xf75b, 0xf75b, 0xf75b, 0xf75b, 0xf75b, 0xf75b, 0xf75b, 0xf75b, 
	0xf75b, 0xf75b, 0xf75b, 0xf75b, 0xf75b, 0xf75b, 0xef5b, 0xef5b, 0xef5b, 0xef3b, 0xef3b, 0xef3b, 0xef3b, 0xef3b, 0xef3b, 0xef3b, 
	0xef3b, 0xef3b, 0xef3b, 0xef3b, 0xef3b, 0xef1a, 0xef1a, 0xef1a, 0xef1a, 0xe71a, 0xe71a, 0xe71a, 0xe71a, 0xe71a, 0xe71a, 0xe6fa, 
	0x9559, 0x9559, 0x9559, 0x9559, 0x955a, 0x955a, 0x955a, 0x955a, 0x955a, 0x9559, 0x955a, 0x9559, 0x955a, 0x9559, 0x955a, 0x955a, 
	0x955a, 0x9559, 0x955a, 0x9559, 0x955a, 0x955a, 0x9559, 0x9559, 0x955a, 0x9559, 0x9559, 0x9559, 0x955a, 0x955a, 0x9559, 0x955a, 
	0x955a, 0x9559, 0x9559, 0x9559, 0x9559, 0x9559, 0x9559, 0x9559, 0x9559, 0x9559, 0x9559, 0x9559, 0x9559, 0x9559, 0x9559, 0x9559, 
	0x9559, 0x9559, 0x9559, 0x9559, 0x9559, 0x9559, 0x9559, 0x9559, 0x9559, 0x9559, 0x9559, 0x9559, 0x9559, 0x9559, 0x9559, 0x9559, 
	0x9559, 0x9559, 0x9559, 0x9559, 0x9559, 0x9559, 0x9559, 0x9559, 0x9559, 0x9559, 0x9559, 0x9559, 0x9559, 0x9579, 0x9579, 0x9579, 
	0x9579, 0x9579, 0x9579, 0x9579, 0x9d79, 0x9d79, 0x9d79, 0x9d79, 0x9d79, 0x9d79, 0x9d79, 0x9d79, 0x9d79, 0x9d79, 0x9d79, 0x9d79, 
	0x9d79, 0x9d79, 0x9d79, 0x9d79, 0x9d7a, 0x9d7a, 0x9d9a, 0x9d9a, 0x9d9a, 0x9d9a, 0x9d9a, 0x9d9a, 0xa59a, 0xa59a, 0xa59a, 0xa5ba, 
	0xa5ba, 0xa5ba, 0xa5ba, 0xa5ba, 0xa5ba, 0xa5ba, 0xa5ba, 0xadba, 0xadda, 0xadda, 0xadda, 0xadda, 0xadda, 0xadda, 0xadda, 0xadfa, 
	0xb5fa, 0xb5fa, 0xb5fa, 0xb5fa, 0xb5fa, 0xb61a, 0xb61a, 0xb61a, 0xbe1a, 0xbe1a, 0xbe1a, 0xbe3a, 0xbe3a, 0xbe3a, 0xbe3a, 0xbe5a, 
	0xc65a, 0xc65a, 0xc65a, 0xc65a, 0xc67a, 0xc67a, 0xc67a, 0xce7a, 0xce7a, 0xce9a, 0xce9a, 0xce9a, 0xce9a, 0xd69a, 0xd69b, 0xd6bb, 
	0xd6bb, 0xd6bb, 0xd6bb, 0xd6bb, 0xdebb, 0xdedb, 0xdedb, 0xdedb, 0xdedb, 0xdedb, 0xdefb, 0xdefb, 0xdefb, 0xe6fb, 0xe6fb, 0xe6fb, 
	0xe6fb, 0xe71b, 0xe71b, 0xe71b, 0xe71b, 0xe71b, 0xef3b, 0xef3b, 0xef3b, 0xef3b, 0xef3b, 0xef3b, 0xef3b, 0xef3b, 0xef3b, 0xef3b, 
	0xef3b, 0xef5b, 0xef5b, 0xef5b, 0xf75b, 0xf75b, 0xf75b, 0xf75b, 0xf75b, 0xf75b, 0xf75b, 0xf75b, 0xf75b, 0xf75b, 0xf75b, 0xf77b, 
	0xf77b, 0xf77b, 0xf77b, 0xf77b, 0xf77b, 0xf77b, 0xf77b, 0xf77b, 0xf77b, 0xf77b, 0xf77b, 0xf77b, 0xf77b, 0xf77b, 0xf77b, 0xf77b, 
	0xf77b, 0xf77b, 0xf77b, 0xff7b, 0xff7b, 0xff7b, 0xff7b, 0xff7b, 0xff7b, 0xff7b, 0xff7b, 0xff7b, 0xff7b, 0xff7b, 0xf77b, 0xf77b, 
	0xf77b, 0xf77b, 0xf77b, 0xf77b, 0xf77b, 0xf77b, 0xf77b, 0xf77b, 0xf77b, 0xf77b, 0xf77b, 0xf77b, 0xf77b, 0xf77b, 0xf77b, 0xf77b, 
	0xf77b, 0xf77b, 0xf77b, 0xf77b, 0xf77b, 0xf77b, 0xf77b, 0xf77b, 0xf77b, 0xf77b, 0xf77b, 0xf77b, 0xf77b, 0xf77b, 0xf77b, 0xf77b, 
	0xf77b, 0xf77b, 0xf77b, 0xf75b, 0xf75b, 0xf75b, 0xf75b, 0xf75b, 0xf75b, 0xf75b, 0xf75b, 0xf75b, 0xf75b, 0xf75b, 0xf75b, 0xf75b, 
	0xf75b, 0xf75b, 0xf75b, 0xf75b, 0xf75b, 0xef3b, 0xf75b, 0xf75b, 0xef5b, 0xef3b, 0xef5b, 0xef5b, 0xef3b, 0xef3b, 0xef3b, 0xef3b, 
	0xef3b, 0xef3b, 0xef3b, 0xef3b, 0xef3b, 0xef3b, 0xef1a, 0xef3b, 0xef1a, 0xe71a, 0xef1a, 0xe71a, 0xe71a, 0xe71a, 0xe71a, 0xe71a, 
	0x9559, 0x9559, 0x9559, 0x9559, 0x9559, 0x955a, 0x955a, 0x955a, 0x955a, 0x955a, 0x955a, 0x955a, 0x955a, 0x955a, 0x955a, 0x955a, 
	0x955a, 0x955a, 0x9559, 0x955a, 0x955a, 0x9559, 0x9559, 0x955a, 0x9559, 0x9559, 0x9559, 0x955a, 0x955a, 0x955a, 0x955a, 0x9559, 
	0x9559, 0x955a, 0x9559, 0x9559, 0x9559, 0x9559, 0x9559, 0x9559, 0x9559, 0x9559, 0x9559, 0x9559, 0x9559, 0x9559, 0x9559, 0x9559, 
	0x9559, 0x9559, 0x9559, 0x9559, 0x9559, 0x9559, 0x9559, 0x9559, 0x9559, 0x9559, 0x9559, 0x9559, 0x9559, 0x9559, 0x9559, 0x9559, 
	0x9559, 0x9579, 0x9579, 0x9579, 0x9579, 0x9579, 0x9579, 0x9579, 0x9579, 0x9579, 0x9579, 0x9579, 0x9579, 0x9579, 0x9579, 0x9579, 
	0x9579, 0x9d79, 0x9d79, 0x9d79, 0x9d79, 0x9d79, 0x9d79, 0x9d79, 0x9d79, 0x9d79, 0x9d79, 0x9d79, 0x9d79, 0x9d7a, 0x9d7a, 0x9d7a, 
	0x9d7a, 0x9d7a, 0x9d7a, 0x9d7a, 0x9d9a, 0x9d9a, 0x9d9a, 0x9d9a, 0x9d9a, 0xa59a, 0xa59a, 0xa59a, 0xa59a, 0xa5ba, 0xa5ba, 0xa5ba, 
	0xa5ba, 0xa5ba, 0xa5ba, 0xa5ba, 0xa5ba, 0xa5ba, 0xa5ba, 0xadda, 0xadda, 0xadda, 0xadda, 0xadda, 0xadda, 0xadda, 0xadfa, 0xb5fa, 
	0xb5fa, 0xb5fa, 0xb5fa, 0xb5fa, 0xb61a, 0xb61a, 0xb61a, 0xb61a, 0xbe1a, 0xbe1a, 0xbe3a, 0xbe3a, 0xbe3a, 0xbe3a, 0xc65a, 0xc65a, 
	0xc65a, 0xc65a, 0xc65a, 0xc65a, 0xc67a, 0xc67a, 0xce7a, 0xce7a, 0xce9a, 0xce9a, 0xce9a, 0xce9a, 0xce9b, 0xd69b, 0xd6bb, 0xd6bb, 
	0xd6bb, 0xd6bb, 0xd6bb, 0xd6bb, 0xdedb, 0xdedb, 0xdedb, 0xdedb, 0xdedb, 0xdefb, 0xdefb, 0xe6fb, 0xe6fb, 0xe6fb, 0xe6fb, 0xe6fb, 
	0xe71b, 0xe71b, 0xe71b, 0xe71b, 0xe71b, 0xef3b, 0xef3b, 0xef3b, 0xef3b, 0xef3b, 0xef3b, 0xef3b, 0xef3b, 0xef3b, 0xef3b, 0xef5b, 
	0xef5b, 0xef5b, 0xf75b, 0xf75b, 0xf75b, 0xf75b, 0xf75b, 0xf75b, 0xf75b, 0xf75b, 0xf75b, 0xf77b, 0xf77b, 0xf77b, 0xf77b, 0xf77b, 
	0xf77b, 0xf77b, 0xf77b, 0xf77b, 0xf77b, 0xf77b, 0xf77b, 0xf77b, 0xf77b, 0xf77b, 0xf77b, 0xf77b, 0xf77b, 0xf77b, 0xff7b, 0xff7b, 
	0xff7b, 0xff7b, 0xff7b, 0xff7b, 0xff7b, 0xff7b, 0xff7b, 0xff7b, 0xff7b, 0xff7b, 0xff7b, 0xff7b, 0xff7b, 0xff7b, 0xff7b, 0xff7b, 
	0xff7b, 0xff7b, 0xff7b, 0xff7b, 0xff7b, 0xff7b, 0xff7b, 0xff7b, 0xff7b, 0xff7b, 0xff7b, 0xff7b, 0xff7b, 0xff7b, 0xff7b, 0xf77b, 
	0xf77b, 0xf77b, 0xf77b, 0xf77b, 0xf77b, 0xf77b, 0xf77b, 0xf77b, 0xf77b, 0xf77b, 0xf77b, 0xf77b, 0xf77b, 0xf77b, 0xf77b, 0xf77b, 
	0xf77b, 0xf77b, 0xf77b, 0xf77b, 0xf77b, 0xf75b, 0xf75b, 0xf75b, 0xf75b, 0xf75b, 0xf75b, 0xf75b, 0xf75b, 0xf75b, 0xf75b, 0xf75b, 
	0xf75b, 0xf75b, 0xf75b, 0xf75b, 0xf75b, 0xf75b, 0xef5b, 0xef5b, 0xef5b, 0xef3b, 0xef3b, 0xef5b, 0xef5b, 0xef3b, 0xef3b, 0xef3b, 
	0xef3b, 0xef3b, 0xef3b, 0xef3b, 0xef3b, 0xef3b, 0xef3b, 0xef1a, 0xef1a, 0xef1a, 0xef1a, 0xef1a, 0xe71a, 0xe71a, 0xe71a, 0xe71a, 
	0x9559, 0x9559, 0x9559, 0x955a, 0x9559, 0x955a, 0x9559, 0x955a, 0x9559, 0x955a, 0x955a, 0x955a, 0x955a, 0x955a, 0x955a, 0x955a, 
	0x955a, 0x955a, 0x955a, 0x955a, 0x955a, 0x9559, 0x9559, 0x9559, 0x9559, 0x955a, 0x955a, 0x955a, 0x9559, 0x955a, 0x955a, 0x9559, 
	0x9559, 0x9559, 0x9559, 0x9559, 0x9559, 0x9559, 0x9559, 0x9559, 0x9559, 0x9559, 0x9559, 0x9559, 0x9559, 0x9559, 0x9559, 0x9559, 
	0x9559, 0x9559, 0x9559, 0x9579, 0x9559, 0x9559, 0x9559, 0x9559, 0x9559, 0x9559, 0x9559, 0x9559, 0x9559, 0x9559, 0x9559, 0x9559, 
	0x9559, 0x9559, 0x9559, 0x9579, 0x9579, 0x9579, 0x9579, 0x9579, 0x9579, 0x9579, 0x9579, 0x9579, 0x9579, 0x9579, 0x9579, 0x9579, 
	0x9579, 0x9579, 0x9579, 0x9d79, 0x9d79, 0x9d79, 0x9d79, 0x9d79, 0x9d79, 0x9d79, 0x9d79, 0x9d79, 0x9d79, 0x9d79, 0x9d7a, 0x9d7a, 
	0x9d7a, 0x9d7a, 0x9d7a, 0x9d7a, 0x9d9a, 0x9d9a, 0x9d9a, 0x9d9a, 0x9d9a, 0xa59a, 0xa59a, 0xa59a, 0xa59a, 0xa5ba, 0xa5ba, 0xa5ba, 
	0xa5ba, 0xa5ba, 0xa5ba, 0xa5ba, 0xa5ba, 0xa5ba, 0xa5ba, 0xadda, 0xadda, 0xadda, 0xadda, 0xadda, 0xadda, 0xadfa, 0xadfa, 0xb5fa, 
	0xb5fa, 0xb5fa, 0xb5fa, 0xb5fa, 0xb61a, 0xb61a, 0xb61a, 0xb61a, 0xbe1a, 0xbe3a, 0xbe3a, 0xbe3a, 0xbe3a, 0xbe3a, 0xc65a, 0xc65a, 
	0xc65a, 0xc65a, 0xc65a, 0xc65a, 0xc67a, 0xc67a, 0xce7a, 0xce7b, 0xce9b, 0xce9b, 0xce9b, 0xce9b, 0xd69b, 0xd69b, 0xd6bb, 0xd6bb, 
	0xd6bb, 0xd6bb, 0xd6db, 0xd6db, 0xdedb, 0xdedb, 0xdedb, 0xdedb, 0xdedb, 0xdefb, 0xdefb, 0xe6fb, 0xe6fb, 0xe6fb, 0xe71b, 0xe71b, 
	0xe71b, 0xe71b, 0xe71b, 0xe71b, 0xe73b, 0xef3b, 0xef3b, 0xef3b, 0xef3b, 0xef3b, 0xef3b, 0xef3b, 0xef3b, 0xef3b, 0xef3b, 0xef5b, 
	0xf75b, 0xf75b, 0xf75b, 0xf75b, 0xf75b, 0xf75b, 0xf75b, 0xf75b, 0xf75b, 0xf75b, 0xf77b, 0xf77b, 0xf77b, 0xf77b, 0xf77b, 0xf77b, 
	0xf77b, 0xf77b, 0xf77b, 0xf77b, 0xf77b, 0xf77b, 0xf77b, 0xf77b, 0xf77b, 0xf77b, 0xf77c, 0xf77c, 0xff7c, 0xff7c, 0xff7c, 0xff7c, 
	0xff7c, 0xff7c, 0xff7c, 0xff7c, 0xff7c, 0xff7c, 0xff7c, 0xff7c, 0xff7c, 0xff7c, 0xff7c, 0xff7c, 0xff7c, 0xff7c, 0xff7c, 0xff7c, 
	0xff7c, 0xff7c, 0xff7c, 0xff7c, 0xff7c, 0xff7c, 0xff7c, 0xff7c, 0xff7c, 0xff7c, 0xff7c, 0xff7c, 0xff7c, 0xff7c, 0xff7b, 0xff7b, 
	0xff7b, 0xff7b, 0xf77b, 0xf77b, 0xf77b, 0xf77b, 0xf77b, 0xf77b, 0xf77b, 0xf77b, 0xf77b, 0xf77b, 0xf77b, 0xf77b, 0xf77b, 0xf77b, 
	0xf77b, 0xf77b, 0xf77b, 0xf77b, 0xf77b, 0xf77b, 0xf75b, 0xf75b, 0xf75b, 0xf75b, 0xf75b, 0xf75b, 0xf75b, 0xf75b, 0xf75b, 0xf75b, 
	0xf75b, 0xf75b, 0xf75b, 0xf75b, 0xf75b, 0xf75b, 0xf75b, 0xf75b, 0xf75b, 0xef3b, 0xef5b, 0xef5b, 0xef5b, 0xef5b, 0xef3b, 0xef3b, 
	0xef3b, 0xef3b, 0xef3b, 0xef3b, 0xef3b, 0xef3b, 0xef3b, 0xef3a, 0xef1a, 0xef1a, 0xef1a, 0xef1a, 0xef1a, 0xe71a, 0xe71a, 0xe71a, 
	0x9559, 0x9559, 0x9559, 0x955a, 0x955a, 0x955a, 0x955a, 0x9559, 0x955a, 0x955a, 0x9559, 0x955a, 0x955a, 0x955a, 0x955a, 0x955a, 
	0x9559, 0x955a, 0x955a, 0x955a, 0x9559, 0x9559, 0x9559, 0x9559, 0x955a, 0x955a, 0x955a, 0x955a, 0x9559, 0x9559, 0x955a, 0x9559, 
	0x9559, 0x9579, 0x9559, 0x9559, 0x9559, 0x9559, 0x9559, 0x9559, 0x9559, 0x9559, 0x9559, 0x9559, 0x9559, 0x9559, 0x9559, 0x9559, 
	0x9559, 0x9559, 0x9559, 0x9559, 0x9559, 0x9559, 0x9559, 0x9559, 0x9559, 0x9559, 0x9559, 0x9559, 0x9559, 0x9559, 0x9559, 0x9559, 
	0x9559, 0x9559, 0x9559, 0x9559, 0x9559, 0x9559, 0x9559, 0x9559, 0x9559, 0x9559, 0x9559, 0x9559, 0x9559, 0x9559, 0x9d79, 0x9d79, 
	0x9d79, 0x9d79, 0x9d79, 0x9d79, 0x9d79, 0x9d79, 0x9d79, 0x9d79, 0x9d79, 0x9d79, 0x9d79, 0x9d79, 0x9d79, 0x9d79, 0x9d79, 0x9d79, 
	0x9d7a, 0x9d9a, 0x9d9a, 0x9d9a, 0x9d9a, 0x9d9a, 0x9d9a, 0x9d9a, 0x9d9a, 0xa59a, 0xa59a, 0xa59a, 0xa59a, 0xa59a, 0xa5ba, 0xa5ba, 
	0xa5ba, 0xa5ba, 0xa5ba, 0xa5ba, 0xa5ba, 0xa5da, 0xadda, 0xadda, 0xadda, 0xadda, 0xadda, 0xadda, 0xadda, 0xadfa, 0xadfa, 0xb5fa, 
	0xb5fa, 0xb5fa, 0xb5fa, 0xb5fa, 0xb61a, 0xb61a, 0xb61a, 0xbe1a, 0xbe1a, 0xbe3a, 0xbe3a, 0xbe3a, 0xbe3a, 0xbe3a, 0xc63a, 0xc65a, 
	0xc65a, 0xc65a, 0xc65a, 0xc67a, 0xc67a, 0xc67a, 0xce7a, 0xce7a, 0xce9b, 0xce9b, 0xce9b, 0xce9b, 0xd69b, 0xd69b, 0xd6bb, 0xd6bb, 
	0xd6bb, 0xd6bb, 0xd6bb, 0xd6db, 0xdedb, 0xdedb, 0xdedb, 0xdedb, 0xdedb, 0xdefb, 0xe6fb, 0xe6fb, 0xe6fb, 0xe6fb, 0xe71b, 0xe71b, 
	0xe71b, 0xe71b, 0xe71b, 0xe71b, 0xe73b, 0xef3b, 0xef3b, 0xef3b, 0xef3b, 0xef3b, 0xef3b, 0xef3b, 0xef3b, 0xef3b, 0xef3b, 0xef5b, 
	0xf75b, 0xf75b, 0xf75b, 0xf75b, 0xf75b, 0xf75b, 0xf75b, 0xf75b, 0xf75b, 0xf75b, 0xf75b, 0xf77b, 0xf77b, 0xf77b, 0xf77b, 0xf77b, 
	0xf77b, 0xf77b, 0xf77b, 0xf77b, 0xf77b, 0xf77b, 0xf77b, 0xf77b, 0xf77b, 0xf77b, 0xf77b, 0xf77c, 0xf77c, 0xff7c, 0xff7c, 0xff7c, 
	0xff7c, 0xff7c, 0xff7c, 0xff7c, 0xff7c, 0xff7c, 0xff7c, 0xff7c, 0xff7c, 0xff7c, 0xff7c, 0xff7c, 0xff7c, 0xff7c, 0xff7c, 0xff7c, 
	0xff7c, 0xff7c, 0xff7c, 0xff7c, 0xff7c, 0xff7c, 0xff7c, 0xff7c, 0xff7c, 0xff7c, 0xff7c, 0xff7c, 0xff7c, 0xff7b, 0xff7b, 0xff7b, 
	0xff7b, 0xff7b, 0xf77b, 0xf77b, 0xf77b, 0xf77b, 0xf77b, 0xf77b, 0xf77b, 0xf77b, 0xf77b, 0xf77b, 0xf77b, 0xf77b, 0xf77b, 0xf77b, 
	0xf77b, 0xf77b, 0xf77b, 0xf77b, 0xf77b, 0xf77b, 0xf77b, 0xf77b, 0xf77b, 0xf75b, 0xf75b, 0xf75b, 0xf75b, 0xf75b, 0xf75b, 0xf75b, 
	0xf75b, 0xf75b, 0xf75b, 0xf75b, 0xf75b, 0xf75b, 0xf75b, 0xf75b, 0xf75b, 0xf75b, 0xef5b, 0xef5b, 0xef5b, 0xef5b, 0xef3b, 0xef3b, 
	0xef3b, 0xef3b, 0xef3b, 0xef3b, 0xef3b, 0xef3b, 0xef3b, 0xef3b, 0xef1a, 0xef3b, 0xef1a, 0xef1a, 0xef1a, 0xef1a, 0xe71a, 0xe71a, 
	0x9559, 0x9559, 0x955a, 0x955a, 0x955a, 0x955a, 0x955a, 0x955a, 0x955a, 0x955a, 0x9559, 0x955a, 0x955a, 0x955a, 0x955a, 0x9559, 
	0x955a, 0x955a, 0x955a, 0x9559, 0x9559, 0x9559, 0x9559, 0x955a, 0x955a, 0x9559, 0x955a, 0x955a, 0x9559, 0x9559, 0x9559, 0x9559, 
	0x9559, 0x9559, 0x9559, 0x9559, 0x9559, 0x9559, 0x9559, 0x9559, 0x9559, 0x9559, 0x9559, 0x9559, 0x9559, 0x9559, 0x9559, 0x9559, 
	0x9559, 0x9559, 0x9559, 0x9559, 0x9559, 0x9559, 0x9559, 0x9559, 0x9559, 0x9559, 0x9559, 0x9559, 0x9559, 0x9559, 0x9559, 0x9559, 
	0x9559, 0x9559, 0x9559, 0x9559, 0x9559, 0x9559, 0x9559, 0x9559, 0x9559, 0x9559, 0x9559, 0x9559, 0x9559, 0x9559, 0x9559, 0x9579, 
	0x9579, 0x9579, 0x9579, 0x9579, 0x9579, 0x9579, 0x9d79, 0x9d79, 0x9d79, 0x9d79, 0x9d79, 0x9d79, 0x9d79, 0x9d79, 0x9d79, 0x9d79, 
	0x9d79, 0x9d79, 0x9d79, 0x9d79, 0x9d79, 0x9d99, 0x9d99, 0x9d99, 0x9d99, 0xa59a, 0xa59a, 0xa59a, 0xa59a, 0xa59a, 0xa5ba, 0xa5ba, 
	0xa5ba, 0xa5ba, 0xa5ba, 0xa5ba, 0xa5ba, 0xa5ba, 0xa5ba, 0xadda, 0xadda, 0xadda, 0xadda, 0xadda, 0xadda, 0xadda, 0xadfa, 0xadfa, 
	0xb5fa, 0xb5fa, 0xb5fa, 0xb61a, 0xb61a, 0xb61a, 0xb61a, 0xbe1a, 0xbe1a, 0xbe1a, 0xbe3a, 0xbe3a, 0xbe3a, 0xbe3a, 0xbe5a, 0xc65a, 
	0xc65a, 0xc65a, 0xc65a, 0xc65a, 0xc67a, 0xc67a, 0xce7a, 0xce7a, 0xce7a, 0xce9a, 0xce9a, 0xce9b, 0xce9b, 0xd6bb, 0xd6bb, 0xd6bb, 
	0xd6bb, 0xd6bb, 0xd6bb, 0xd6bb, 0xdedb, 0xdedb, 0xdedb, 0xdedb, 0xdedb, 0xdedb, 0xdefb, 0xe6fb, 0xe6fb, 0xe6fb, 0xe6fb, 0xe71b, 
	0xe71b, 0xe71b, 0xe71b, 0xe71b, 0xe71b, 0xef1b, 0xef3b, 0xef3b, 0xef3b, 0xef3b, 0xef3b, 0xef3b, 0xef3b, 0xef3b, 0xef5b, 0xef5b, 
	0xef5b, 0xef5b, 0xf75b, 0xf75b, 0xf75b, 0xf75b, 0xf75b, 0xf75b, 0xf75b, 0xf75b, 0xf75b, 0xf75b, 0xf75b, 0xf75b, 0xf75b, 0xf77b, 
	0xf77b, 0xf77b, 0xf77b, 0xf77b, 0xf77b, 0xf77b, 0xf77b, 0xf77b, 0xf77b, 0xf77b, 0xf77b, 0xf77b, 0xf77b, 0xf77b, 0xf77b, 0xf77b, 
	0xf77b, 0xf77b, 0xf77b, 0xff7b, 0xff7b, 0xff7b, 0xff7b, 0xff7b, 0xff7b, 0xff7b, 0xff7b, 0xff7b, 0xff7b, 0xff7b, 0xff7b, 0xff7b, 
	0xff7b, 0xff7b, 0xff7b, 0xff7b, 0xff7b, 0xff7b, 0xff7b, 0xff7b, 0xff7b, 0xff7b, 0xff7b, 0xff7b, 0xf77b, 0xf77b, 0xf77b, 0xf77b, 
	0xf77b, 0xf77b, 0xf77b, 0xf77b, 0xf77b, 0xf77b, 0xf77b, 0xf77b, 0xf77b, 0xf77b, 0xf77b, 0xf77b, 0xf77b, 0xf77b, 0xf77b, 0xf77b, 
	0xf77b, 0xf77b, 0xf77b, 0xf77b, 0xf77b, 0xf77b, 0xf77b, 0xf77b, 0xf77b, 0xf77b, 0xf77b, 0xf77b, 0xf75b, 0xf75b, 0xf75b, 0xf75b, 
	0xf75b, 0xf75b, 0xf75b, 0xf75b, 0xf75b, 0xf75b, 0xf75b, 0xf75b, 0xf75b, 0xf75b, 0xf75b, 0xf75b, 0xf75b, 0xef5b, 0xef5b, 0xef5b, 
	0xef3b, 0xef3b, 0xef3b, 0xef3b, 0xef3b, 0xef3b, 0xef3b, 0xef3b, 0xef3b, 0xef3b, 0xef3b, 0xef3a, 0xef1a, 0xef1a, 0xe71a, 0xe71a, 
	0x9559, 0x9559, 0x9559, 0x955a, 0x955a, 0x9559, 0x9559, 0x955a, 0x9559, 0x955a, 0x955a, 0x955a, 0x955a, 0x955a, 0x9559, 0x955a, 
	0x955a, 0x955a, 0x9559, 0x9559, 0x9559, 0x9559, 0x955a, 0x955a, 0x9559, 0x955a, 0x955a, 0x9559, 0x9559, 0x9559, 0x9559, 0x9559, 
	0x9559, 0x9559, 0x9559, 0x9559, 0x9559, 0x9559, 0x9559, 0x9559, 0x9559, 0x9559, 0x9559, 0x9559, 0x9559, 0x9559, 0x9559, 0x9559, 
	0x9559, 0x9559, 0x9559, 0x9559, 0x9579, 0x9559, 0x9559, 0x9559, 0x9559, 0x9559, 0x9559, 0x9559, 0x9559, 0x9559, 0x9559, 0x9559, 
	0x9559, 0x9559, 0x9559, 0x9559, 0x9579, 0x9579, 0x9579, 0x9579, 0x9579, 0x9579, 0x9579, 0x9579, 0x9579, 0x9579, 0x9579, 0x9579, 
	0x9579, 0x9579, 0x9579, 0x9d79, 0x9d79, 0x9d79, 0x9d79, 0x9d79, 0x9d79, 0x9d79, 0x9d79, 0x9d79, 0x9d7a, 0x9d7a, 0x9d7a, 0x9d7a, 
	0x9d7a, 0x9d7a, 0x9d7a, 0x9d79, 0x9d9a, 0x9d9a, 0x9d9a, 0x9d9a, 0xa59a, 0xa59a, 0xa59a, 0xa59a, 0xa5ba, 0xa5ba, 0xa5ba, 0xa5ba, 
	0xa5ba, 0xa5ba, 0xa5ba, 0xa5ba, 0xa5ba, 0xa5ba, 0xadda, 0xadda, 0xadda, 0xadda, 0xadda, 0xadda, 0xadda, 0xadfa, 0xadfa, 0xb5fa, 
	0xb5fa, 0xb5fa, 0xb5fa, 0xb61a, 0xb61a, 0xb61a, 0xb61a, 0xbe1a, 0xbe1a, 0xbe3a, 0xbe3a, 0xbe3a, 0xbe3a, 0xbe5a, 0xc65a, 0xc65a, 
	0xc65a, 0xc65a, 0xc65a, 0xc67a, 0xc67b, 0xce7b, 0xce7a, 0xce7a, 0xce9b, 0xce9b, 0xce9b, 0xce9b, 0xd6bb, 0xd6bb, 0xd6bb, 0xd6bb, 
	0xd6bb, 0xd6bb, 0xdebb, 0xdedb, 0xdedb, 0xdedb, 0xdedb, 0xdedb, 0xdedb, 0xdefb, 0xe6fb, 0xe6fb, 0xe6fb, 0xe6fb, 0xe71b, 0xe71b, 
	0xe71b, 0xe71b, 0xe71b, 0xe71b, 0xef3b, 0xef3b, 0xef3b, 0xef3b, 0xef3b, 0xef3b, 0xef3b, 0xef3b, 0xef3b, 0xef5b, 0xef5b, 0xef5b, 
	0xf75b, 0xf75b, 0xf75b, 0xf75b, 0xf75b, 0xf75b, 0xf75b, 0xf75b, 0xf75b, 0xf75b, 0xf75b, 0xf75b, 0xf77b, 0xf77b, 0xf77b, 0xf77b, 
	0xf77b, 0xf77b, 0xf77b, 0xf77b, 0xf77b, 0xf77c, 0xf77c, 0xf77c, 0xf77c, 0xf77c, 0xf77c, 0xf77c, 0xf77c, 0xff7c, 0xff7c, 0xff7c, 
	0xff7c, 0xff7c, 0xff7c, 0xff7c, 0xff7c, 0xff7c, 0xff7c, 0xff7c, 0xff7c, 0xff7c, 0xff7c, 0xff7c, 0xff7c, 0xff7c, 0xff7c, 0xff7c, 
	0xff7c, 0xff7c, 0xff7c, 0xff7c, 0xff7c, 0xff7c, 0xff7c, 0xff7c, 0xff7c, 0xff7c, 0xff7c, 0xff7c, 0xff7c, 0xff7c, 0xff7c, 0xff7c, 
	0xff7c, 0xff7c, 0xf77c, 0xf77b, 0xf77b, 0xf77b, 0xf77b, 0xf77b, 0xf77b, 0xf77b, 0xf77b, 0xf77b, 0xf77b, 0xf77b, 0xf77b, 0xf77b, 
	0xf77b, 0xf77b, 0xf77b, 0xf77b, 0xf77b, 0xf77b, 0xf77b, 0xf77b, 0xf77b, 0xf77b, 0xf77b, 0xf77b, 0xf77b, 0xf75b, 0xf75b, 0xf75b, 
	0xf75b, 0xf75b, 0xf75b, 0xf75b, 0xf75b, 0xf75b, 0xf75b, 0xf75b, 0xf75b, 0xf75b, 0xf75b, 0xf75b, 0xf75b, 0xef5b, 0xef5b, 0xef5b, 
	0xef3b, 0xef3b, 0xef3b, 0xef3b, 0xef3b, 0xef3b, 0xef3b, 0xef3b, 0xef3b, 0xef3b, 0xef1a, 0xef3a, 0xef3a, 0xef1a, 0xef1a, 0xe71a, 
	0x9559, 0x955a, 0x9559, 0x955a, 0x955a, 0x955a, 0x955a, 0x955a, 0x955a, 0x9559, 0x955a, 0x957a, 0x955a, 0x9559, 0x955a, 0x955a, 
	0x955a, 0x9559, 0x9559, 0x9559, 0x9559, 0x9559, 0x955a, 0x9559, 0x9559, 0x955a, 0x9559, 0x9559, 0x9559, 0x9559, 0x9559, 0x9559, 
	0x9559, 0x957a, 0x9559, 0x9559, 0x9559, 0x9559, 0x9559, 0x9559, 0x9559, 0x9559, 0x9559, 0x9559, 0x9559, 0x9559, 0x9559, 0x9559, 
	0x9559, 0x9559, 0x9559, 0x9559, 0x9559, 0x9559, 0x9559, 0x9559, 0x9559, 0x9559, 0x9559, 0x9559, 0x9559, 0x9559, 0x9559, 0x9559, 
	0x9559, 0x9559, 0x9559, 0x9559, 0x9559, 0x9559, 0x9559, 0x9559, 0x9559, 0x9559, 0x9559, 0x9559, 0x9559, 0x9559, 0x9d79, 0x9d79, 
	0x9d79, 0x9d79, 0x9d79, 0x9d79, 0x9d79, 0x9d79, 0x9d79, 0x9d79, 0x9d79, 0x9d79, 0x9d79, 0x9d79, 0x9d79, 0x9d7a, 0x9d7a, 0x9d7a, 
	0x9d7a, 0x9d9a, 0x9d9a, 0x9d9a, 0x9d9a, 0x9d9a, 0x9d9a, 0x9d9a, 0xa59a, 0xa59a, 0xa59a, 0xa59a, 0xa59a, 0xa5ba, 0xa5ba, 0xa5ba, 
	0xa5ba, 0xa5ba, 0xa5ba, 0xa5ba, 0xa5ba, 0xa5ba, 0xadda, 0xadda, 0xadda, 0xadda, 0xadda, 0xadda, 0xadfa, 0xadfa, 0xb5fa, 0xb5fa, 
	0xb5fa, 0xb5fa, 0xb5fa, 0xb61a, 0xb61a, 0xb61a, 0xb61a, 0xbe1a, 0xbe3a, 0xbe3a, 0xbe3a, 0xbe3a, 0xbe3a, 0xc65a, 0xc65a, 0xc65a, 
	0xc65a, 0xc65a, 0xc65a, 0xc67a, 0xc67a, 0xce7b, 0xce7b, 0xce9b, 0xce9b, 0xce9b, 0xce9b, 0xce9b, 0xd6bb, 0xd6bb, 0xd6bb, 0xd6bb, 
	0xd6bb, 0xd6bb, 0xdedb, 0xdedb, 0xdedb, 0xdedb, 0xdedb, 0xdefb, 0xdefb, 0xdefb, 0xe6fb, 0xe6fb, 0xe6fb, 0xe6fb, 0xe71b, 0xe71b, 
	0xe71b, 0xe71b, 0xe71b, 0xef1b, 0xef3b, 0xef3b, 0xef3b, 0xef3b, 0xef3b, 0xef3b, 0xef3b, 0xef3b, 0xef5b, 0xef5b, 0xef5b, 0xef5b, 
	0xf75b, 0xf75b, 0xf75b, 0xf75b, 0xf75b, 0xf75b, 0xf75b, 0xf75b, 0xf75b, 0xf75b, 0xf75b, 0xf75b, 0xf77b, 0xf77b, 0xf77b, 0xf77b, 
	0xf77b, 0xf77b, 0xf77b, 0xf77b, 0xf77b, 0xf77c, 0xf77c, 0xf77c, 0xf77c, 0xf77c, 0xf77c, 0xf77c, 0xf77c, 0xff7c, 0xff7c, 0xff7c, 
	0xff7c, 0xff7c, 0xff7c, 0xff7c, 0xff7c, 0xff7c, 0xff7c, 0xff7c, 0xff7c, 0xff7c, 0xff7c, 0xff7c, 0xff7c, 0xff7c, 0xff7c, 0xff7c, 
	0xff7c, 0xff7c, 0xff7c, 0xff7c, 0xff7c, 0xff7c, 0xff7c, 0xff7c, 0xff7c, 0xff7c, 0xff7c, 0xff7c, 0xff7c, 0xff7c, 0xff7c, 0xff7c, 
	0xff7c, 0xff7c, 0xff7c, 0xf77b, 0xf77b, 0xf77b, 0xf77b, 0xf77b, 0xf77b, 0xf77b, 0xf77b, 0xf77c, 0xf77c, 0xf77c, 0xf77c, 0xf77b, 
	0xf77b, 0xf77b, 0xf77b, 0xf77b, 0xf77b, 0xf77b, 0xf77b, 0xf77b, 0xf77b, 0xf77b, 0xf77b, 0xf77b, 0xf77b, 0xf75b, 0xf77b, 0xf75b, 
	0xf75b, 0xf75b, 0xf75b, 0xf75b, 0xf75b, 0xf75b, 0xf75b, 0xf75b, 0xf75b, 0xf75b, 0xf75b, 0xf75b, 0xf75b, 0xf75b, 0xef5b, 0xef3b, 
	0xef3b, 0xef3b, 0xef3b, 0xef3b, 0xef3b, 0xef3b, 0xef3b, 0xef3b, 0xef3b, 0xef3b, 0xef3b, 0xef3b, 0xef3a, 0xef1a, 0xef1a, 0xe71a, 
	0x9559, 0x955a, 0x955a, 0x955a, 0x955a, 0x9559, 0x955a, 0x955a, 0x955a, 0x955a, 0x955a, 0x955a, 0x9559, 0x955a, 0x955a, 0x955a, 
	0x9559, 0x955a, 0x955a, 0x9559, 0x955a, 0x955a, 0x9559, 0x9559, 0x9559, 0x9559, 0x9559, 0x9559, 0x9559, 0x9559, 0x9559, 0x955a, 
	0x9559, 0x9559, 0x9559, 0x9559, 0x9559, 0x9559, 0x9559, 0x9559, 0x9559, 0x9559, 0x9559, 0x9559, 0x9559, 0x9559, 0x9559, 0x9559, 
	0x9559, 0x9559, 0x9559, 0x9559, 0x9559, 0x9559, 0x9559, 0x9559, 0x9559, 0x9559, 0x9559, 0x9559, 0x9559, 0x9559, 0x9559, 0x9559, 
	0x9559, 0x9559, 0x9559, 0x9579, 0x9579, 0x9579, 0x9579, 0x9579, 0x9579, 0x9579, 0x9579, 0x9579, 0x9579, 0x9579, 0x9579, 0x9579, 
	0x9579, 0x9579, 0x9d79, 0x9d79, 0x9d79, 0x9d79, 0x9d79, 0x9d79, 0x9d79, 0x9d79, 0x9d79, 0x9d79, 0x9d79, 0x9d79, 0x9d79, 0x9d79, 
	0x9d79, 0x9d79, 0x9d7a, 0x9d9a, 0x9d9a, 0x9d9a, 0x9d9a, 0x9d9a, 0x9d9a, 0x9d9a, 0xa59a, 0xa59a, 0xa59a, 0xa59a, 0xa5ba, 0xa5ba, 
	0xa5ba, 0xa5ba, 0xa5ba, 0xa5ba, 0xa5ba, 0xa5da, 0xadda, 0xadda, 0xadda, 0xadda, 0xadda, 0xadda, 0xadda, 0xadfa, 0xadfa, 0xb5fa, 
	0xb5fa, 0xb5fa, 0xb5fa, 0xb61a, 0xb61a, 0xb61a, 0xb61a, 0xbe1a, 0xbe3a, 0xbe3a, 0xbe3a, 0xbe3a, 0xbe3a, 0xc63a, 0xc65a, 0xc65a, 
	0xc65a, 0xc65a, 0xc65a, 0xc67a, 0xc67a, 0xce7a, 0xce7a, 0xce9b, 0xce9b, 0xce9b, 0xce9b, 0xce9b, 0xd69b, 0xd6bb, 0xd6bb, 0xd6bb, 
	0xd6bb, 0xd6bb, 0xdebb, 0xdedb, 0xdedb, 0xdedb, 0xdedb, 0xdedb, 0xdefb, 0xdefb, 0xe6fb, 0xe6fb, 0xe6fb, 0xe6fb, 0xe71b, 0xe71b, 
	0xe71b, 0xe71b, 0xe71b, 0xef1b, 0xef1b, 0xef3b, 0xef3b, 0xef3b, 0xef3b, 0xef3b, 0xef3b, 0xef3b, 0xef3b, 0xef3b, 0xef5b, 0xef5b, 
	0xef5b, 0xf75b, 0xf75b, 0xf75b, 0xf75b, 0xf75b, 0xf75b, 0xf75b, 0xf75b, 0xf75b, 0xf75b, 0xf75b, 0xf75b, 0xf75b, 0xf77b, 0xf77b, 
	0xf77b, 0xf77b, 0xf77b, 0xf77b, 0xf77b, 0xf77b, 0xf77b, 0xf77b, 0xf77b, 0xf77b, 0xf77c, 0xf77c, 0xf77c, 0xf77c, 0xf77c, 0xf77c, 
	0xff7c, 0xff7c, 0xff7c, 0xff7c, 0xff7c, 0xff7c, 0xff7c, 0xff7c, 0xff7c, 0xff7c, 0xff7c, 0xff7c, 0xff7c, 0xff7c, 0xff7c, 0xff7c, 
	0xff7c, 0xff7c, 0xff7c, 0xff7c, 0xff7c, 0xff7c, 0xff7c, 0xff7c, 0xff7c, 0xff7c, 0xff7c, 0xff7c, 0xff7c, 0xff7c, 0xff7c, 0xff7b, 
	0xf77b, 0xf77b, 0xf77b, 0xf77b, 0xf77b, 0xf77b, 0xf77b, 0xf77c, 0xf77c, 0xf77c, 0xf77c, 0xf77c, 0xf77c, 0xf77b, 0xf77b, 0xf77c, 
	0xf77c, 0xf77b, 0xf77b, 0xf77b, 0xf77b, 0xf77b, 0xf77b, 0xf77b, 0xf77b, 0xf77b, 0xf77b, 0xf77b, 0xf77b, 0xf77b, 0xf75b, 0xf75b, 
	0xf75b, 0xf75b, 0xf75b, 0xf75b, 0xf75b, 0xf75b, 0xf75b, 0xf75b, 0xf75b, 0xf75b, 0xf75b, 0xf75b, 0xf75b, 0xf75b, 0xef5b, 0xef5b, 
	0xef5b, 0xef5b, 0xef5b, 0xef3b, 0xef3b, 0xef3b, 0xef3b, 0xef3b, 0xef3b, 0xef3b, 0xef3b, 0xef3b, 0xef3a, 0xef1a, 0xef1a, 0xef1a, 
	0x9559, 0x955a, 0x955a, 0x955a, 0x955a, 0x955a, 0x955a, 0x955a, 0x9559, 0x955a, 0x955a, 0x955a, 0x955a, 0x955a, 0x955a, 0x955a, 
	0x955a, 0x9559, 0x9559, 0x955a, 0x9559, 0x9559, 0x9559, 0x9559, 0x9559, 0x9559, 0x9559, 0x9559, 0x9559, 0x955a, 0x9559, 0x9559, 
	0x9559, 0x9559, 0x9559, 0x9559, 0x9559, 0x9559, 0x9559, 0x9559, 0x9559, 0x9559, 0x9559, 0x9559, 0x9559, 0x9559, 0x9559, 0x9559, 
	0x9559, 0x9559, 0x9559, 0x9559, 0x9559, 0x9559, 0x9559, 0x9559, 0x9559, 0x9559, 0x9559, 0x9559, 0x9559, 0x9559, 0x9559, 0x9559, 
	0x9559, 0x9559, 0x9559, 0x9559, 0x9559, 0x9559, 0x9559, 0x9559, 0x9559, 0x9559, 0x9559, 0x9559, 0x9559, 0x9559, 0x9579, 0x9579, 
	0x9579, 0x9579, 0x9579, 0x9579, 0x9d79, 0x9d79, 0x9d79, 0x9d79, 0x9d79, 0x9d79, 0x9d79, 0x9d79, 0x9d79, 0x9d79, 0x9d79, 0x9d79, 
	0x9d79, 0x9d79, 0x9d79, 0x9d79, 0x9d9a, 0x9d9a, 0x9d9a, 0x9d9a, 0x9d9a, 0x9d9a, 0xa59a, 0xa599, 0xa5ba, 0xa5ba, 0xa5ba, 0xa5ba, 
	0xa5ba, 0xa5ba, 0xa5ba, 0xa5ba, 0xa5ba, 0xa5ba, 0xadda, 0xadda, 0xadda, 0xadda, 0xadda, 0xadda, 0xadda, 0xadfa, 0xadfa, 0xb5fa, 
	0xb5fa, 0xb5fa, 0xb61a, 0xb61a, 0xb61a, 0xb61a, 0xbe1a, 0xbe1a, 0xbe3a, 0xbe3a, 0xbe3a, 0xbe3a, 0xbe3a, 0xc63a, 0xc65a, 0xc65a, 
	0xc65a, 0xc65a, 0xc67a, 0xc67a, 0xc67a, 0xce7a, 0xce7a, 0xce7b, 0xce9b, 0xce9b, 0xce9b, 0xce9b, 0xd69b, 0xd6bb, 0xd6bb, 0xd6bb, 
	0xd6bb, 0xd6bb, 0xdedb, 0xdedb, 0xdedb, 0xdedb, 0xdedb, 0xdedb, 0xdefb, 0xdefb, 0xe6fb, 0xe6fb, 0xe6fb, 0xe6fb, 0xe71b, 0xe71b, 
	0xe71b, 0xe71b, 0xe71b, 0xef1b, 0xef1b, 0xef3b, 0xef3b, 0xef3b, 0xef3b, 0xef3b, 0xef3b, 0xef3b, 0xef3b, 0xef3b, 0xef5b, 0xef5b, 
	0xef5b, 0xf75b, 0xf75b, 0xf75b, 0xf75b, 0xf75b, 0xf75b, 0xf75b, 0xf75b, 0xf75b, 0xf75b, 0xf75c, 0xf75c, 0xf75c, 0xf75c, 0xf77c, 
	0xf77c, 0xf77c, 0xf77b, 0xf77b, 0xf77b, 0xf77b, 0xf77b, 0xf77b, 0xf77b, 0xf77b, 0xf77b, 0xf77b, 0xf77b, 0xf77b, 0xf77b, 0xf77c, 
	0xf77c, 0xff7c, 0xff7c, 0xff7c, 0xff7c, 0xff7c, 0xff7c, 0xff7c, 0xff7c, 0xff7c, 0xff7c, 0xff7c, 0xff7c, 0xff7c, 0xff7c, 0xff7c, 
	0xff7c, 0xff7c, 0xff7c, 0xff7c, 0xff7c, 0xff7c, 0xff7c, 0xff7c, 0xff7c, 0xff7c, 0xff7c, 0xff7c, 0xff7c, 0xff7b, 0xff7b, 0xf77b, 
	0xf77b, 0xf77b, 0xf77b, 0xf77b, 0xf77b, 0xff7c, 0xf77c, 0xf77c, 0xf77c, 0xf77c, 0xf77c, 0xf77c, 0xf77c, 0xf77c, 0xf77c, 0xf77c, 
	0xf77b, 0xf77b, 0xf77b, 0xf77b, 0xf77b, 0xf77b, 0xf77b, 0xf77b, 0xf77b, 0xf77b, 0xf77b, 0xf77b, 0xf77b, 0xf77b, 0xf75b, 0xf77b, 
	0xf75b, 0xf75b, 0xf75b, 0xf75b, 0xf75b, 0xf75b, 0xf75b, 0xf75b, 0xf75b, 0xf75b, 0xf75b, 0xf75b, 0xf75b, 0xf75b, 0xf75b, 0xf75b, 
	0xef5b, 0xef5b, 0xef5b, 0xef3b, 0xef3b, 0xef3b, 0xef3b, 0xef3b, 0xef3b, 0xef3b, 0xef3b, 0xef3b, 0xef3b, 0xef3a, 0xef1a, 0xef1a, 
	0x955a, 0x9559, 0x955a, 0x955a, 0x9559, 0x955a, 0x9559, 0x955a, 0x955a, 0x955a, 0x955a, 0x9559, 0x955a, 0x955a, 0x955a, 0x9559, 
	0x9559, 0x9559, 0x955a, 0x9559, 0x9559, 0x955a, 0x9559, 0x9559, 0x9559, 0x9559, 0x9559, 0x9559, 0x9559, 0x9559, 0x9559, 0x9559, 
	0x9559, 0x9559, 0x9559, 0x9559, 0x9559, 0x9559, 0x9559, 0x9559, 0x9559, 0x9559, 0x9559, 0x9559, 0x9559, 0x9559, 0x9559, 0x9559, 
	0x9559, 0x9559, 0x9559, 0x9559, 0x9559, 0x9559, 0x9559, 0x9559, 0x9559, 0x9559, 0x9559, 0x9559, 0x9559, 0x9559, 0x9559, 0x9559, 
	0x9559, 0x9559, 0x9579, 0x9579, 0x9579, 0x9579, 0x9579, 0x9579, 0x9579, 0x9579, 0x9579, 0x9579, 0x9579, 0x9579, 0x9579, 0x9579, 
	0x9579, 0x9d79, 0x9d79, 0x9d79, 0x9d79, 0x9d79, 0x9d79, 0x9d79, 0x9d79, 0x9d79, 0x9d79, 0x9d79, 0x9d79, 0x9d79, 0x9d79, 0x9d79, 
	0x9d7a, 0x9d7a, 0x9d9a, 0x9d9a, 0x9d9a, 0x9d9a, 0x9d9a, 0xa59a, 0xa59a, 0xa59a, 0xa59a, 0xa5ba, 0xa5ba, 0xa5ba, 0xa5ba, 0xa5ba, 
	0xa5ba, 0xa5ba, 0xa5ba, 0xa5ba, 0xa5ba, 0xadda, 0xadda, 0xadda, 0xadda, 0xadda, 0xadda, 0xadda, 0xadfa, 0xadfa, 0xb5fa, 0xb5fa, 
	0xb5fa, 0xb61a, 0xb61a, 0xb61a, 0xb61a, 0xb61a, 0xbe1a, 0xbe3a, 0xbe3a, 0xbe3a, 0xbe3a, 0xbe3a, 0xbe3a, 0xc65a, 0xc65a, 0xc65a, 
	0xc65a, 0xc67a, 0xc67a, 0xc67a, 0xce7a, 0xce7b, 0xce7b, 0xce9b, 0xce9b, 0xce9b, 0xce9b, 0xd69b, 0xd6bb, 0xd6bb, 0xd6bb, 0xd6bb, 
	0xd6bb, 0xd6db, 0xdedb, 0xdedb, 0xdedb, 0xdedb, 0xdedb, 0xdefb, 0xdefb, 0xdefb, 0xe6fb, 0xe6fb, 0xe6fb, 0xe71b, 0xe71b, 0xe71b, 
	0xe71b, 0xe71b, 0xef1b, 0xef3b, 0xef3b, 0xef3b, 0xef3b, 0xef3b, 0xef3b, 0xef3b, 0xef3b, 0xef3b, 0xef5b, 0xef5b, 0xef5b, 0xf75b, 
	0xf75b, 0xf75b, 0xf75b, 0xf75b, 0xf75b, 0xf75b, 0xf75c, 0xf75c, 0xf75c, 0xf75c, 0xf75c, 0xf77c, 0xf77c, 0xf77c, 0xf77c, 0xf77c, 
	0xf77c, 0xf77c, 0xf77c, 0xf77c, 0xf77b, 0xf77b, 0xf77b, 0xf77c, 0xf77c, 0xf77c, 0xf77c, 0xff7c, 0xff7c, 0xff7c, 0xff7c, 0xff7c, 
	0xff7c, 0xff7c, 0xff7c, 0xff7c, 0xff7c, 0xff7c, 0xff7c, 0xff7c, 0xff7c, 0xff7c, 0xff7c, 0xff7c, 0xff7c, 0xff7c, 0xff7c, 0xff7c, 
	0xff7c, 0xff7c, 0xff7c, 0xff7c, 0xff7c, 0xff7c, 0xff7c, 0xff7c, 0xff7c, 0xff7c, 0xff7c, 0xff7c, 0xff7c, 0xff7c, 0xff7c, 0xff7c, 
	0xff7c, 0xff7c, 0xff7b, 0xff7b, 0xf77b, 0xf77b, 0xf77b, 0xf77b, 0xf77b, 0xf77b, 0xf77c, 0xf77c, 0xf77c, 0xf77c, 0xf77c, 0xf77b, 
	0xf77b, 0xf77b, 0xf77c, 0xf77b, 0xf77b, 0xf77b, 0xf77b, 0xf77b, 0xf77b, 0xf77b, 0xf77b, 0xf77b, 0xf77b, 0xf77b, 0xf77b, 0xf75b, 
	0xf75b, 0xf75b, 0xf75b, 0xf75b, 0xf75b, 0xf75b, 0xf75b, 0xf75b, 0xf75b, 0xf75b, 0xf75b, 0xf75b, 0xf75b, 0xf75b, 0xf75b, 0xef5b, 
	0xef5b, 0xef5b, 0xef3b, 0xef3b, 0xef3b, 0xef3b, 0xef3b, 0xef3b, 0xef3b, 0xef3b, 0xef3b, 0xef3b, 0xef3b, 0xef3a, 0xef1a, 0xef1a, 
	0x955a, 0x955a, 0x955a, 0x955a, 0x955a, 0x955a, 0x955a, 0x9559, 0x955a, 0x955a, 0x955a, 0x955a, 0x955a, 0x9559, 0x9559, 0x9559, 
	0x9559, 0x9559, 0x9559, 0x9559, 0x955a, 0x9559, 0x9559, 0x9559, 0x9559, 0x9559, 0x9559, 0x9559, 0x9559, 0x9559, 0x9559, 0x9559, 
	0x9559, 0x9559, 0x9559, 0x9559, 0x9559, 0x9559, 0x9559, 0x9559, 0x9559, 0x9559, 0x9559, 0x9559, 0x9559, 0x9559, 0x9579, 0x9559, 
	0x9559, 0x9559, 0x9559, 0x9559, 0x9559, 0x9559, 0x9559, 0x9559, 0x9559, 0x9559, 0x9559, 0x9559, 0x9559, 0x9559, 0x9559, 0x9559, 
	0x9559, 0x9559, 0x9559, 0x9559, 0x9559, 0x9559, 0x9559, 0x9559, 0x9559, 0x9559, 0x9559, 0x9559, 0x9559, 0x9579, 0x9579, 0x9579, 
	0x9579, 0x9579, 0x9579, 0x9d79, 0x9d79, 0x9d79, 0x9d79, 0x9d79, 0x9d79, 0x9d79, 0x9d79, 0x9d79, 0x9d79, 0x9d79, 0x9d79, 0x9d99, 
	0x9d99, 0x9d99, 0x9d9a, 0x9d9a, 0x9d9a, 0x9d9a, 0x9d9a, 0x9d9a, 0xa59a, 0xa59a, 0xa59a, 0xa59a, 0xa5ba, 0xa5ba, 0xa5ba, 0xa5ba, 
	0xa5ba, 0xa5ba, 0xa5ba, 0xa5ba, 0xa5ba, 0xadba, 0xadda, 0xadda, 0xadda, 0xadda, 0xadda, 0xadfa, 0xadfa, 0xadfa, 0xadfa, 0xb5fa, 
	0xb5fa, 0xb5fa, 0xb61a, 0xb61a, 0xb61a, 0xb61a, 0xbe1a, 0xbe1a, 0xbe3a, 0xbe3a, 0xbe3a, 0xbe3a, 0xbe3a, 0xc65a, 0xc65a, 0xc65a, 
	0xc65a, 0xc67a, 0xc67a, 0xc67a, 0xce7a, 0xce7a, 0xce7b, 0xce9b, 0xce9b, 0xce9b, 0xce9b, 0xd69b, 0xd6bb, 0xd6bb, 0xd6bb, 0xd6bb, 
	0xd6bb, 0xd6db, 0xdedb, 0xdedb, 0xdedb, 0xdedb, 0xdedb, 0xdefb, 0xdefb, 0xdefb, 0xe6fb, 0xe6fb, 0xe6fb, 0xe71b, 0xe71b, 0xe71b, 
	0xe71b, 0xe71b, 0xef3b, 0xef3b, 0xef3b, 0xef3b, 0xef3b, 0xef3b, 0xef3b, 0xef3b, 0xef3b, 0xef3b, 0xef5b, 0xef5b, 0xef5b, 0xf75b, 
	0xf75b, 0xf75b, 0xf75b, 0xf75b, 0xf75b, 0xf75b, 0xf75b, 0xf75b, 0xf75c, 0xf75c, 0xf75c, 0xf75c, 0xf77c, 0xf77c, 0xf77c, 0xf77c, 
	0xf77c, 0xf77c, 0xf77c, 0xf77c, 0xf77c, 0xf77c, 0xf77c, 0xf77c, 0xf77c, 0xf77c, 0xf77c, 0xf77c, 0xff7c, 0xff7c, 0xff7c, 0xff7c, 
	0xff7c, 0xff7c, 0xff7c, 0xff7c, 0xff7c, 0xff7c, 0xff7c, 0xff7c, 0xff7c, 0xff7c, 0xff7c, 0xff7c, 0xff7c, 0xff7c, 0xff7c, 0xff7c, 
	0xff7c, 0xff7c, 0xff7c, 0xff7c, 0xff7c, 0xff7c, 0xff7c, 0xff7c, 0xff7c, 0xff7c, 0xff7c, 0xff7c, 0xff7c, 0xff7c, 0xff7c, 0xff7c, 
	0xff7c, 0xff7c, 0xff7c, 0xff7c, 0xf77c, 0xf77c, 0xf77c, 0xf77c, 0xf77c, 0xf77c, 0xf77c, 0xf77c, 0xf77c, 0xf77c, 0xf77b, 0xf77b, 
	0xf77b, 0xf77c, 0xf77b, 0xf77b, 0xf77b, 0xf77b, 0xf77b, 0xf77b, 0xf77b, 0xf77b, 0xf77b, 0xf77b, 0xf77b, 0xf77b, 0xf77b, 0xf75b, 
	0xf75b, 0xf75b, 0xf75b, 0xf75b, 0xf75b, 0xf75b, 0xf75b, 0xf75b, 0xf75b, 0xf75b, 0xf75b, 0xf75b, 0xf75b, 0xf75b, 0xf75b, 0xf75b, 
	0xef5b, 0xef5b, 0xef5b, 0xef3b, 0xef3b, 0xef3b, 0xef3b, 0xef3b, 0xef3b, 0xef3b, 0xef3b, 0xef3b, 0xef3b, 0xef3a, 0xef3a, 0xef1a, 
	0x955a, 0x955a, 0x955a, 0x955a, 0x955a, 0x955a, 0x9559, 0x955a, 0x955a, 0x955a, 0x955a, 0x955a, 0x955a, 0x955a, 0x955a, 0x9559, 
	0x9559, 0x955a, 0x9559, 0x9559, 0x9559, 0x9559, 0x9559, 0x9559, 0x9559, 0x9559, 0x955a, 0x9559, 0x9559, 0x9559, 0x9559, 0x9559, 
	0x9559, 0x9559, 0x9559, 0x9559, 0x9559, 0x9559, 0x9559, 0x9559, 0x9559, 0x9559, 0x9559, 0x9579, 0x9559, 0x9559, 0x9559, 0x9559, 
	0x9559, 0x9559, 0x9559, 0x9559, 0x9559, 0x9559, 0x9559, 0x9559, 0x9559, 0x9559, 0x9559, 0x9559, 0x9559, 0x9559, 0x9559, 0x9559, 
	0x9559, 0x9559, 0x9579, 0x9579, 0x9579, 0x9579, 0x9579, 0x9579, 0x9579, 0x9579, 0x9579, 0x9579, 0x9579, 0x9579, 0x9579, 0x9579, 
	0x9d79, 0x9d79, 0x9d79, 0x9d79, 0x9d79, 0x9d79, 0x9d79, 0x9d79, 0x9d79, 0x9d79, 0x9d79, 0x9d79, 0x9d79, 0x9d79, 0x9d79, 0x9d79, 
	0x9d79, 0x9d79, 0x9d99, 0x9d99, 0x9d99, 0x9d99, 0x9d99, 0x9d9a, 0x9d9a, 0xa59a, 0xa59a, 0xa59a, 0xa59a, 0xa5ba, 0xa5ba, 0xa5ba, 
	0xa5ba, 0xa5ba, 0xa5ba, 0xa5ba, 0xa5da, 0xa5da, 0xadda, 0xadda, 0xadda, 0xadda, 0xadda, 0xadda, 0xadfa, 0xadfa, 0xb5fa, 0xb5fa, 
	0xb5fa, 0xb5fa, 0xb61a, 0xb61a, 0xb61a, 0xb61a, 0xbe1a, 0xbe1a, 0xbe3a, 0xbe3a, 0xbe3a, 0xbe3a, 0xbe5a, 0xc65a, 0xc65a, 0xc65a, 
	0xc65a, 0xc65a, 0xc67a, 0xc67a, 0xce7b, 0xce7a, 0xce7a, 0xce9a, 0xce9b, 0xce9b, 0xce9b, 0xd6bb, 0xd6bb, 0xd6bb, 0xd6bb, 0xd6bb, 
	0xd6bb, 0xd6db, 0xdedb, 0xdedb, 0xdedb, 0xdedb, 0xdedb, 0xdefb, 0xdefb, 0xe6fb, 0xe6fb, 0xe6fb, 0xe6fb, 0xe6fb, 0xe71b, 0xe71b, 
	0xe71b, 0xe71b, 0xe71b, 0xef3b, 0xef3b, 0xef3b, 0xef3b, 0xef3b, 0xef3b, 0xef3b, 0xef3b, 0xef3b, 0xef3b, 0xef3b, 0xef5b, 0xef5b, 
	0xf75b, 0xf75b, 0xf75b, 0xf75b, 0xf75b, 0xf75b, 0xf75b, 0xf75b, 0xf75b, 0xf75b, 0xf75b, 0xf75b, 0xf75c, 0xf75c, 0xf77c, 0xf77c, 
	0xf77c, 0xf77c, 0xf77c, 0xf77c, 0xf77c, 0xf77c, 0xf77c, 0xf77c, 0xf77c, 0xf77c, 0xf77c, 0xf77c, 0xf77c, 0xf77c, 0xf77c, 0xf77c, 
	0xff7c, 0xff7c, 0xff7c, 0xff7c, 0xff7c, 0xff7c, 0xff7c, 0xff7c, 0xff7c, 0xff7c, 0xff7c, 0xff7c, 0xff7c, 0xff7c, 0xff7c, 0xff7c, 
	0xff7c, 0xff7c, 0xff7c, 0xff7c, 0xff7c, 0xff7c, 0xff7c, 0xff7c, 0xff7c, 0xff7c, 0xff7c, 0xff7c, 0xff7c, 0xff7c, 0xff7c, 0xff7c, 
	0xf77c, 0xf77c, 0xf77c, 0xf77c, 0xf77c, 0xff7c, 0xff7c, 0xf77c, 0xf77c, 0xf77c, 0xf77c, 0xf77c, 0xf77c, 0xf77c, 0xf77c, 0xf77c, 
	0xf77b, 0xf77b, 0xf77b, 0xf77b, 0xf77b, 0xf77b, 0xf77b, 0xf77b, 0xf77b, 0xf77b, 0xf77b, 0xf77b, 0xf77b, 0xf77b, 0xf75b, 0xf75b, 
	0xf75b, 0xf75b, 0xf75b, 0xf75b, 0xf75b, 0xf75b, 0xf75b, 0xf75b, 0xf75b, 0xf75b, 0xf75b, 0xf75b, 0xf75b, 0xf75b, 0xf75b, 0xf75b, 
	0xf75b, 0xf75b, 0xef5b, 0xef5b, 0xef5b, 0xef3b, 0xef3b, 0xef3b, 0xef3b, 0xef3b, 0xef3b, 0xef3b, 0xef3b, 0xef3a, 0xef3a, 0xef1a, 
	0x9559, 0x955a, 0x955a, 0x955a, 0x955a, 0x955a, 0x955a, 0x955a, 0x955a, 0x955a, 0x955a, 0x955a, 0x955a, 0x9559, 0x9559, 0x9559, 
	0x955a, 0x9559, 0x9559, 0x9559, 0x9559, 0x9559, 0x9559, 0x9559, 0x9559, 0x9559, 0x9559, 0x9559, 0x9559, 0x9559, 0x9559, 0x9559, 
	0x9559, 0x9559, 0x9559, 0x9559, 0x9559, 0x9559, 0x9559, 0x9559, 0x9559, 0x9559, 0x9559, 0x9559, 0x9559, 0x9559, 0x9559, 0x9559, 
	0x9559, 0x9559, 0x9559, 0x9559, 0x9559, 0x9559, 0x9559, 0x9559, 0x9559, 0x9559, 0x9559, 0x9559, 0x9559, 0x9559, 0x9579, 0x9579, 
	0x9579, 0x9579, 0x9579, 0x9579, 0x9579, 0x9579, 0x9579, 0x9579, 0x9579, 0x9579, 0x9579, 0x9579, 0x9579, 0x9d79, 0x9d79, 0x9d79, 
	0x9d79, 0x9d79, 0x9d79, 0x9d79, 0x9d79, 0x9d79, 0x9d79, 0x9d79, 0x9d79, 0x9d79, 0x9d79, 0x9d79, 0x9d79, 0x9d79, 0x9d79, 0x9d99, 
	0x9d99, 0x9d9a, 0x9d9a, 0x9d9a, 0x9d9a, 0x9d9a, 0x9d9a, 0x9d9a, 0xa59a, 0xa59a, 0xa59a, 0xa5ba, 0xa5ba, 0xa5ba, 0xa5ba, 0xa5ba, 
	0xa5ba, 0xa5ba, 0xa5ba, 0xa5da, 0xa5da, 0xadda, 0xadda, 0xadda, 0xadda, 0xadda, 0xadfa, 0xadfa, 0xadfa, 0xb5fa, 0xb5fa, 0xb5fa, 
	0xb5fa, 0xb61a, 0xb61a, 0xb61a, 0xb61a, 0xbe1a, 0xbe1a, 0xbe3a, 0xbe3a, 0xbe3a, 0xbe3a, 0xbe3a, 0xbe5a, 0xc65a, 0xc65a, 0xc65a, 
	0xc65a, 0xc67b, 0xc67b, 0xce7b, 0xce7b, 0xce7b, 0xce9b, 0xce9b, 0xce9b, 0xce9b, 0xd6bb, 0xd6bb, 0xd6bb, 0xd6bb, 0xd6bb, 0xd6bb, 
	0xd6db, 0xdedb, 0xdedb, 0xdedb, 0xdedb, 0xdedb, 0xdefb, 0xdefb, 0xe6fb, 0xe6fb, 0xe6fb, 0xe6fb, 0xe71b, 0xe71b, 0xe71b, 0xe71b, 
	0xe71b, 0xef3b, 0xef3b, 0xef3b, 0xef3b, 0xef3b, 0xef3b, 0xef3b, 0xef3b, 0xef3b, 0xef3b, 0xef5b, 0xef5b, 0xef5c, 0xf75c, 0xf75b, 
	0xf75b, 0xf75b, 0xf75b, 0xf75b, 0xf75b, 0xf75c, 0xf75c, 0xf75c, 0xf75c, 0xf75c, 0xf77c, 0xf77c, 0xf77c, 0xf77c, 0xf77c, 0xf77c, 
	0xf77c, 0xf77c, 0xf77c, 0xf77c, 0xf77c, 0xf77c, 0xf77c, 0xf77c, 0xf77c, 0xff7c, 0xff7c, 0xff7c, 0xff7c, 0xff7c, 0xff7c, 0xff7c, 
	0xff7c, 0xff7c, 0xff7c, 0xff7c, 0xff7c, 0xff7c, 0xff7c, 0xff7c, 0xff7c, 0xff7c, 0xff7c, 0xff7c, 0xff7c, 0xff7c, 0xff7c, 0xff7c, 
	0xff7c, 0xff7c, 0xff7c, 0xff7c, 0xff7c, 0xff7c, 0xff7c, 0xff7c, 0xff7c, 0xff7c, 0xff7c, 0xff7c, 0xff7c, 0xff7c, 0xff7c, 0xff7c, 
	0xff7c, 0xff7c, 0xff7c, 0xff7c, 0xff7c, 0xff7c, 0xff7c, 0xf77c, 0xf77c, 0xf77c, 0xf77c, 0xff7c, 0xf77c, 0xf77c, 0xf77c, 0xf77c, 
	0xf77c, 0xf77c, 0xf77c, 0xff7c, 0xf77c, 0xf77c, 0xf77b, 0xf77b, 0xf77b, 0xf77b, 0xf77b, 0xf77b, 0xf77b, 0xf77b, 0xf75b, 0xf77b, 
	0xf75b, 0xf75b, 0xf75b, 0xf75b, 0xf75b, 0xf75b, 0xf75b, 0xf75b, 0xf75b, 0xf75b, 0xf75b, 0xf75b, 0xf75b, 0xf75b, 0xf75b, 0xf75b, 
	0xf75b, 0xf75b, 0xef5b, 0xef5b, 0xef5b, 0xef5b, 0xef3b, 0xef3b, 0xef3b, 0xef3b, 0xef3b, 0xef3b, 0xef3b, 0xef3a, 0xef3a, 0xef1a, 
	0x9559, 0x955a, 0x9559, 0x955a, 0x955a, 0x955a, 0x9559, 0x955a, 0x955a, 0x955a, 0x955a, 0x955a, 0x9559, 0x955a, 0x955a, 0x9559, 
	0x9559, 0x955a, 0x9559, 0x9559, 0x9559, 0x9559, 0x9559, 0x9559, 0x9559, 0x9559, 0x9559, 0x9559, 0x9559, 0x9559, 0x9559, 0x9559, 
	0x9559, 0x9559, 0x9559, 0x9559, 0x9559, 0x9559, 0x9559, 0x9559, 0x9559, 0x9559, 0x9559, 0x9559, 0x9559, 0x9559, 0x9559, 0x9559, 
	0x9559, 0x9559, 0x9559, 0x9559, 0x9559, 0x9559, 0x9559, 0x9559, 0x9559, 0x9559, 0x9559, 0x9559, 0x9559, 0x9559, 0x9559, 0x9559, 
	0x9559, 0x9559, 0x9559, 0x9579, 0x9579, 0x9579, 0x9579, 0x9579, 0x9579, 0x9579, 0x9579, 0x9579, 0x9579, 0x9579, 0x9579, 0x9579, 
	0x9d79, 0x9d79, 0x9d79, 0x9d79, 0x9d79, 0x9d79, 0x9d79, 0x9d79, 0x9d79, 0x9d79, 0x9d79, 0x9d79, 0x9d79, 0x9d79, 0x9d79, 0x9d79, 
	0x9d79, 0x9d99, 0x9d99, 0x9d99, 0x9d99, 0x9d99, 0x9d9a, 0x9d9a, 0x9d9a, 0xa59a, 0xa5ba, 0xa5ba, 0xa5ba, 0xa5ba, 0xa5ba, 0xa5ba, 
	0xa5ba, 0xa5ba, 0xa5ba, 0xa5ba, 0xadda, 0xadda, 0xadda, 0xadda, 0xadda, 0xadda, 0xadda, 0xadfa, 0xadfa, 0xadfa, 0xb5fa, 0xb5fa, 
	0xb5fa, 0xb5fa, 0xb61a, 0xb61a, 0xb61a, 0xbe1a, 0xbe3a, 0xbe3a, 0xbe3a, 0xbe3a, 0xbe3a, 0xbe3a, 0xbe5a, 0xc65a, 0xc65a, 0xc65a, 
	0xc65a, 0xc67a, 0xc67b, 0xce7b, 0xce7b, 0xce7b, 0xce7b, 0xce9b, 0xce9b, 0xce9b, 0xce9b, 0xd6bb, 0xd6bb, 0xd6bb, 0xd6bb, 0xd6bb, 
	0xd6db, 0xd6db, 0xdedb, 0xdedb, 0xdedb, 0xdedb, 0xdefb, 0xdefb, 0xdefb, 0xe6fb, 0xe6fb, 0xe71b, 0xe71b, 0xe71b, 0xe71b, 0xe71b, 
	0xe71b, 0xe71b, 0xef3b, 0xef3b, 0xef3b, 0xef3b, 0xef3b, 0xef3b, 0xef3b, 0xef3b, 0xef3b, 0xef3b, 0xef5b, 0xef5b, 0xef5b, 0xf75b, 
	0xf75b, 0xf75c, 0xf75c, 0xf75c, 0xf75c, 0xf75c, 0xf75c, 0xf75c, 0xf75c, 0xf75c, 0xf75c, 0xf75c, 0xf77c, 0xf77c, 0xf77c, 0xf77c, 
	0xf77c, 0xf77c, 0xf77c, 0xf77c, 0xf77c, 0xf77c, 0xf77c, 0xf77c, 0xf77c, 0xff7c, 0xff7c, 0xff7c, 0xff7c, 0xff7c, 0xff7c, 0xff7c, 
	0xff7c, 0xff7c, 0xff7c, 0xff7c, 0xff7c, 0xff7c, 0xff7c, 0xff7c, 0xff7c, 0xff7c, 0xff7c, 0xff7c, 0xff7c, 0xff7c, 0xff7c, 0xff7c, 
	0xff7c, 0xff7c, 0xff7c, 0xff7c, 0xff7c, 0xff7c, 0xff7c, 0xff7c, 0xff7c, 0xff7c, 0xff7c, 0xff7c, 0xff7c, 0xff7c, 0xff7c, 0xff7c, 
	0xff7c, 0xff7c, 0xff7c, 0xff7c, 0xff7c, 0xf77c, 0xf77c, 0xff7c, 0xff7c, 0xff7c, 0xff7c, 0xf77c, 0xf77c, 0xf77c, 0xf77c, 0xff7c, 
	0xf77c, 0xf77c, 0xf77c, 0xf77c, 0xf77c, 0xf77b, 0xf77c, 0xf77c, 0xf77c, 0xf77b, 0xf77b, 0xf77b, 0xf77b, 0xf77b, 0xf77b, 0xf75b, 
	0xf75b, 0xf75b, 0xf75b, 0xf75b, 0xf75b, 0xf75b, 0xf75b, 0xf75b, 0xf75b, 0xf75b, 0xf75b, 0xf75b, 0xf75b, 0xf75b, 0xf75b, 0xf75b, 
	0xf75b, 0xf75b, 0xf75b, 0xef5b, 0xef5b, 0xef5b, 0xef3b, 0xef3b, 0xef5b, 0xef3b, 0xef3b, 0xef3b, 0xef3b, 0xef3b, 0xef3a, 0xef3a, 
	0x955a, 0x955a, 0x955a, 0x955a, 0x955a, 0x955a, 0x955a, 0x955a, 0x955a, 0x9559, 0x955a, 0x955a, 0x955a, 0x9559, 0x9559, 0x955a, 
	0x955a, 0x9559, 0x9559, 0x9559, 0x9559, 0x9559, 0x9559, 0x9559, 0x9559, 0x9559, 0x9559, 0x9559, 0x9559, 0x9559, 0x9559, 0x9559, 
	0x9559, 0x9559, 0x9559, 0x9559, 0x9559, 0x9559, 0x9559, 0x9559, 0x9559, 0x9559, 0x9559, 0x9559, 0x9559, 0x9559, 0x9559, 0x9559, 
	0x9559, 0x9559, 0x9559, 0x9559, 0x9559, 0x9559, 0x9559, 0x9559, 0x9559, 0x9559, 0x9559, 0x9559, 0x9559, 0x9559, 0x9559, 0x9559, 
	0x9559, 0x9559, 0x9559, 0x9559, 0x9559, 0x9559, 0x9559, 0x9559, 0x9559, 0x9559, 0x9559, 0x9559, 0x9559, 0x9559, 0x9579, 0x9579, 
	0x9579, 0x9579, 0x9d79, 0x9d79, 0x9d79, 0x9d79, 0x9d79, 0x9d79, 0x9d79, 0x9d79, 0x9d79, 0x9d79, 0x9d79, 0x9d79, 0x9d99, 0x9d99, 
	0x9d99, 0x9d99, 0x9d99, 0x9d99, 0x9d99, 0x9d99, 0x9d99, 0xa599, 0xa599, 0xa59a, 0xa59a, 0xa5ba, 0xa5ba, 0xa5ba, 0xa5ba, 0xa5ba, 
	0xa5ba, 0xa5ba, 0xa5ba, 0xa5ba, 0xadba, 0xadda, 0xadda, 0xadda, 0xadda, 0xadda, 0xadda, 0xadda, 0xadfa, 0xadfa, 0xb5fa, 0xb5fa, 
	0xb5fa, 0xb61a, 0xb61a, 0xb61a, 0xb61a, 0xbe1a, 0xbe3a, 0xbe3a, 0xbe3a, 0xbe3a, 0xbe3a, 0xbe3a, 0xc65a, 0xc65a, 0xc65a, 0xc65a, 
	0xc65a, 0xc67a, 0xc67a, 0xce7b, 0xce7b, 0xce7b, 0xce9b, 0xce9b, 0xce9b, 0xce9b, 0xce9b, 0xd6bb, 0xd6bb, 0xd6bb, 0xd6bb, 0xd6bb, 
	0xd6db, 0xd6db, 0xdedb, 0xdedb, 0xdedb, 0xdedb, 0xdefb, 0xdefb, 0xdefb, 0xe6fb, 0xe6fb, 0xe71b, 0xe71b, 0xe71b, 0xe71b, 0xe71b, 
	0xe71b, 0xe71b, 0xef3b, 0xef3b, 0xef3b, 0xef3b, 0xef3b, 0xef3b, 0xef3b, 0xef3b, 0xef3b, 0xef3b, 0xef3b, 0xef5b, 0xef5b, 0xf75b, 
	0xf75b, 0xf75b, 0xf75b, 0xf75c, 0xf75c, 0xf75c, 0xf75c, 0xf75c, 0xf75c, 0xf75c, 0xf75c, 0xf75c, 0xf75c, 0xf77c, 0xf77c, 0xf77c, 
	0xf77c, 0xf77c, 0xf77c, 0xf77c, 0xf77c, 0xf77c, 0xf77c, 0xf77c, 0xf77c, 0xf77c, 0xf77c, 0xff7c, 0xff7c, 0xff7c, 0xff7c, 0xff7c, 
	0xff7c, 0xff7c, 0xff7c, 0xff7c, 0xff7c, 0xff7c, 0xff7c, 0xff7c, 0xff7c, 0xff7c, 0xff7c, 0xff7c, 0xff7c, 0xff7c, 0xff7c, 0xff7c, 
	0xff7c, 0xff7c, 0xff7c, 0xff7c, 0xff7c, 0xff7c, 0xff7c, 0xff7c, 0xff7c, 0xff7c, 0xff7c, 0xff7c, 0xff7c, 0xff7c, 0xff7c, 0xff7c, 
	0xff7c, 0xff7c, 0xff7c, 0xff7c, 0xf77c, 0xff7c, 0xff7c, 0xff7c, 0xff7c, 0xff7c, 0xff7c, 0xf77c, 0xf77c, 0xff7c, 0xff7c, 0xff7c, 
	0xff7c, 0xf77c, 0xf77c, 0xf77c, 0xf77c, 0xf77c, 0xf77c, 0xf77c, 0xf77b, 0xf77b, 0xf77b, 0xf77c, 0xf77b, 0xf77b, 0xf77b, 0xf75b, 
	0xf77b, 0xf75b, 0xf75b, 0xf75b, 0xf75b, 0xf75b, 0xf75b, 0xf75b, 0xf75b, 0xf75b, 0xf75b, 0xf75b, 0xf75b, 0xf75b, 0xf75b, 0xf75b, 
	0xf75b, 0xf75b, 0xf75b, 0xf75b, 0xef5b, 0xef5b, 0xef5b, 0xef5b, 0xef3b, 0xef3b, 0xef3b, 0xef3b, 0xef3b, 0xef3b, 0xef3a, 0xef3a, 
	0x955a, 0x955a, 0x9559, 0x955a, 0x955a, 0x9559, 0x955a, 0x955a, 0x955a, 0x955a, 0x955a, 0x9559, 0x9559, 0x9559, 0x955a, 0x9559, 
	0x9559, 0x9559, 0x9559, 0x9559, 0x9559, 0x9559, 0x9559, 0x9559, 0x9559, 0x9559, 0x9559, 0x9559, 0x9559, 0x9559, 0x9559, 0x9559, 
	0x9559, 0x9559, 0x9559, 0x9559, 0x9559, 0x9559, 0x9559, 0x9559, 0x9559, 0x9559, 0x9559, 0x9579, 0x9579, 0x9579, 0x9559, 0x9559, 
	0x9559, 0x9559, 0x9559, 0x9559, 0x9559, 0x9559, 0x9559, 0x9559, 0x9559, 0x9559, 0x9559, 0x9559, 0x9559, 0x9559, 0x9559, 0x9559, 
	0x9559, 0x9559, 0x9559, 0x9579, 0x9579, 0x9579, 0x9579, 0x9579, 0x9579, 0x9579, 0x9579, 0x9579, 0x9579, 0x9579, 0x9579, 0x9d79, 
	0x9d79, 0x9d79, 0x9d79, 0x9d79, 0x9d79, 0x9d79, 0x9d79, 0x9d79, 0x9d79, 0x9d79, 0x9d79, 0x9d79, 0x9d79, 0x9d99, 0x9d99, 0x9d99, 
	0x9d99, 0x9d99, 0x9d99, 0x9d99, 0x9d9a, 0x9d9a, 0xa59a, 0xa59a, 0xa59a, 0xa5ba, 0xa5ba, 0xa5ba, 0xa5ba, 0xa5ba, 0xa5ba, 0xa5ba, 
	0xa5ba, 0xa5ba, 0xa5ba, 0xadba, 0xadda, 0xadda, 0xadda, 0xadda, 0xadda, 0xadda, 0xadda, 0xadfa, 0xadfa, 0xb5fa, 0xb5fa, 0xb61a, 
	0xb61a, 0xb61a, 0xb61a, 0xb61a, 0xb61a, 0xbe1a, 0xbe3a, 0xbe3a, 0xbe3a, 0xbe3a, 0xbe3a, 0xc65a, 0xc65a, 0xc65a, 0xc65a, 0xc65a, 
	0xc67a, 0xc67b, 0xce7b, 0xce7b, 0xce7b, 0xce9b, 0xce9b, 0xce9b, 0xce9b, 0xce9b, 0xd6bb, 0xd6bb, 0xd6bb, 0xd6bb, 0xd6bb, 0xd6db, 
	0xd6db, 0xdedb, 0xdedb, 0xdedb, 0xdedb, 0xdefb, 0xdefb, 0xdefb, 0xe6fb, 0xe6fb, 0xe71b, 0xe71b, 0xe71b, 0xe71b, 0xe71b, 0xe71b, 
	0xe71b, 0xef3b, 0xef3b, 0xef3b, 0xef3b, 0xef3b, 0xef3b, 0xef3b, 0xef3b, 0xef3b, 0xef5b, 0xef5b, 0xef5b, 0xf75b, 0xf75c, 0xf75c, 
	0xf75c, 0xf75c, 0xf75c, 0xf75c, 0xf75c, 0xf75c, 0xf75c, 0xf75c, 0xf75c, 0xf77c, 0xf77c, 0xf77c, 0xf77c, 0xf77c, 0xf77c, 0xf77c, 
	0xf77c, 0xf77c, 0xf77c, 0xf77c, 0xf77c, 0xf77c, 0xff7c, 0xff7c, 0xff7c, 0xff7c, 0xff7c, 0xff7c, 0xff7c, 0xff7c, 0xff7c, 0xff7c, 
	0xff7c, 0xff7c, 0xff7c, 0xff7c, 0xff7c, 0xff7c, 0xff7c, 0xff7c, 0xff7c, 0xff7c, 0xff7c, 0xff7c, 0xff7c, 0xff7c, 0xff7c, 0xff7c, 
	0xff7c, 0xff7c, 0xff7c, 0xff7c, 0xff7c, 0xff7c, 0xff7c, 0xff7c, 0xff7c, 0xff7c, 0xff7c, 0xff7c, 0xff7c, 0xff7c, 0xff7c, 0xff7c, 
	0xff7c, 0xff7c, 0xff7c, 0xff7c, 0xff7c, 0xff7c, 0xff7c, 0xff7c, 0xff7c, 0xff7c, 0xff7c, 0xff7c, 0xff7c, 0xff7c, 0xff7c, 0xff7c, 
	0xff7c, 0xf77c, 0xff7c, 0xff7c, 0xff7c, 0xf77c, 0xf77c, 0xf77b, 0xf77b, 0xf77c, 0xf77c, 0xf77b, 0xf77b, 0xf77c, 0xf75b, 0xf77b, 
	0xf75b, 0xf77b, 0xf75b, 0xf75b, 0xf75b, 0xf75b, 0xf75b, 0xf75b, 0xf75b, 0xf75b, 0xf75b, 0xf75b, 0xf75b, 0xf75b, 0xf75b, 0xf75b, 
	0xf75b, 0xf75b, 0xf75b, 0xf75b, 0xef5b, 0xef5b, 0xef5b, 0xef5b, 0xef3b, 0xef5b, 0xef3b, 0xef3b, 0xef3b, 0xef3b, 0xef3a, 0xef3a, 
	0x955a, 0x955a, 0x955a, 0x955a, 0x955a, 0x955a, 0x955a, 0x9559, 0x9559, 0x955a, 0x955a, 0x9559, 0x9559, 0x9559, 0x9559, 0x9559, 
	0x955a, 0x9559, 0x9559, 0x9559, 0x9559, 0x9559, 0x9559, 0x9559, 0x9559, 0x9559, 0x9559, 0x9559, 0x9559, 0x9559, 0x9559, 0x9559, 
	0x9559, 0x9559, 0x9559, 0x9559, 0x9559, 0x9559, 0x9559, 0x9559, 0x9559, 0x9559, 0x9559, 0x9559, 0x9559, 0x9559, 0x9559, 0x9559, 
	0x9559, 0x9559, 0x9559, 0x9559, 0x9559, 0x9559, 0x9559, 0x9559, 0x9559, 0x9559, 0x9559, 0x9559, 0x9559, 0x9559, 0x9579, 0x9579, 
	0x9579, 0x9579, 0x9579, 0x9579, 0x9579, 0x9579, 0x9579, 0x9579, 0x9579, 0x9579, 0x9579, 0x9579, 0x9579, 0x9d79, 0x9d79, 0x9d79, 
	0x9d79, 0x9d79, 0x9d79, 0x9d79, 0x9d79, 0x9d79, 0x9d79, 0x9d79, 0x9d79, 0x9d79, 0x9d79, 0x9d79, 0x9d79, 0x9d99, 0x9d99, 0x9d99, 
	0x9d99, 0x9d99, 0x9d99, 0x9d99, 0x9d99, 0x9d99, 0x9d99, 0xa59a, 0xa59a, 0xa59a, 0xa5ba, 0xa5ba, 0xa5ba, 0xa5ba, 0xa5ba, 0xa5ba, 
	0xa5ba, 0xa5ba, 0xa5ba, 0xa5ba, 0xadba, 0xadda, 0xadda, 0xadda, 0xadda, 0xadda, 0xadfa, 0xadfa, 0xadfa, 0xb5fa, 0xb5fa, 0xb5fa, 
	0xb61a, 0xb61a, 0xb61a, 0xb61a, 0xbe1a, 0xbe1a, 0xbe3a, 0xbe3a, 0xbe3a, 0xbe3a, 0xbe3a, 0xbe3a, 0xc65a, 0xc65a, 0xc65a, 0xc65a, 
	0xc67a, 0xc67a, 0xce7b, 0xce7b, 0xce7b, 0xce9b, 0xce9b, 0xce9b, 0xce9b, 0xce9b, 0xd6bb, 0xd6bb, 0xd6bb, 0xd6bb, 0xd6bb, 0xd6bb, 
	0xdedb, 0xdedb, 0xdedb, 0xdedb, 0xdedb, 0xdefb, 0xdefb, 0xdefb, 0xe6fb, 0xe6fb, 0xe71b, 0xe71b, 0xe71b, 0xe71b, 0xe71b, 0xe71b, 
	0xe71b, 0xef3b, 0xef3b, 0xef3b, 0xef3b, 0xef3b, 0xef3b, 0xef3b, 0xef3c, 0xef3c, 0xef3c, 0xef5c, 0xef5b, 0xf75b, 0xf75b, 0xf75b, 
	0xf75c, 0xf75c, 0xf75c, 0xf75c, 0xf75c, 0xf75c, 0xf75c, 0xf75c, 0xf75c, 0xf75c, 0xf77c, 0xf77c, 0xf77c, 0xf77c, 0xf77c, 0xf77c, 
	0xf77c, 0xf77c, 0xff7c, 0xff7c, 0xff7c, 0xff7c, 0xff7c, 0xff7c, 0xff7c, 0xff7c, 0xff7c, 0xff7c, 0xff7c, 0xff7c, 0xff7c, 0xff7c, 
	0xff7c, 0xff7c, 0xff7c, 0xff7c, 0xff7c, 0xff7c, 0xff7c, 0xff7c, 0xff7c, 0xff7c, 0xff7c, 0xff7c, 0xff7c, 0xff7c, 0xff7c, 0xff7c, 
	0xff7c, 0xff7c, 0xff7c, 0xff7c, 0xff7c, 0xff7c, 0xff7c, 0xff7c, 0xff7c, 0xff7c, 0xff7c, 0xff7c, 0xff7c, 0xff7c, 0xff7c, 0xff7c, 
	0xff7c, 0xff7c, 0xff7c, 0xff7c, 0xff7c, 0xff7c, 0xff7c, 0xff7c, 0xff7c, 0xff7c, 0xff7c, 0xff7c, 0xff7c, 0xff7c, 0xff7c, 0xff7c, 
	0xff7c, 0xff7c, 0xff7c, 0xff7c, 0xff7c, 0xf77c, 0xf77b, 0xf77b, 0xf77b, 0xf77c, 0xf77b, 0xf77b, 0xf77b, 0xf77c, 0xf75b, 0xf77c, 
	0xf75b, 0xf77b, 0xf75b, 0xf75b, 0xf75b, 0xf75b, 0xf75b, 0xf75b, 0xf75b, 0xf75b, 0xf75b, 0xf75b, 0xf75b, 0xf75b, 0xf75b, 0xf75b, 
	0xf75b, 0xf75b, 0xf75b, 0xf75b, 0xf75b, 0xef5b, 0xf75b, 0xef5b, 0xef3b, 0xef5b, 0xef5b, 0xef3b, 0xef3b, 0xef3b, 0xef3b, 0xef3a, 
	0x955a, 0x955a, 0x955a, 0x955a, 0x955a, 0x955a, 0x955a, 0x955a, 0x955a, 0x955a, 0x955a, 0x9559, 0x9559, 0x955a, 0x9559, 0x9559, 
	0x9559, 0x9559, 0x9559, 0x9559, 0x9559, 0x9559, 0x9559, 0x9559, 0x9559, 0x9559, 0x9559, 0x9559, 0x9559, 0x9559, 0x9559, 0x9559, 
	0x9559, 0x9559, 0x9559, 0x9559, 0x9559, 0x9559, 0x9559, 0x9559, 0x9559, 0x9559, 0x9559, 0x9559, 0x9559, 0x9559, 0x9559, 0x9559, 
	0x9559, 0x9559, 0x9559, 0x9559, 0x9559, 0x9559, 0x9559, 0x9559, 0x9559, 0x9559, 0x9559, 0x9579, 0x9559, 0x9559, 0x9559, 0x9559, 
	0x9559, 0x9559, 0x9559, 0x9579, 0x9579, 0x9579, 0x9579, 0x9579, 0x9579, 0x9579, 0x9579, 0x9579, 0x9579, 0x9579, 0x9579, 0x9d79, 
	0x9d79, 0x9d79, 0x9d79, 0x9d79, 0x9d79, 0x9d79, 0x9d79, 0x9d79, 0x9d79, 0x9d79, 0x9d79, 0x9d79, 0x9d79, 0x9d79, 0x9d79, 0x9d99, 
	0x9d99, 0x9d99, 0x9d99, 0x9d99, 0x9d99, 0x9d99, 0x9d99, 0x9d99, 0xa599, 0xa599, 0xa599, 0xa59a, 0xa5ba, 0xa5ba, 0xa5ba, 0xa5ba, 
	0xa5ba, 0xa5ba, 0xa5ba, 0xa5ba, 0xadda, 0xadda, 0xadda, 0xadda, 0xadda, 0xadda, 0xadfa, 0xadfa, 0xadfa, 0xadfa, 0xb5fa, 0xb5fa, 
	0xb5fa, 0xb61a, 0xb61a, 0xb61a, 0xbe1a, 0xbe1a, 0xbe1a, 0xbe3a, 0xbe3a, 0xbe3a, 0xbe3a, 0xbe5a, 0xc65a, 0xc65a, 0xc65a, 0xc65a, 
	0xc67a, 0xc67a, 0xce7a, 0xce7a, 0xce7b, 0xce9b, 0xce9b, 0xce9b, 0xce9b, 0xce9b, 0xd69b, 0xd6bb, 0xd6bb, 0xd6bb, 0xd6bb, 0xd6bb, 
	0xdedb, 0xdedb, 0xdedb, 0xdedb, 0xdefb, 0xdefb, 0xdefb, 0xdefb, 0xe6fb, 0xe6fb, 0xe6fb, 0xe71b, 0xe71b, 0xe71b, 0xe71b, 0xe71b, 
	0xe71b, 0xef1b, 0xef3b, 0xef3b, 0xef3b, 0xef3b, 0xef3b, 0xef3b, 0xef3b, 0xef3b, 0xef3b, 0xef3c, 0xef5c, 0xef5c, 0xf75c, 0xf75c, 
	0xf75c, 0xf75c, 0xf75c, 0xf75c, 0xf75c, 0xf75c, 0xf75c, 0xf75c, 0xf77c, 0xf77c, 0xf77c, 0xf77c, 0xf77c, 0xf77c, 0xf77c, 0xf77c, 
	0xf77c, 0xf77c, 0xf77c, 0xf77c, 0xff7c, 0xff7c, 0xff7c, 0xff7c, 0xff7c, 0xff7c, 0xff7c, 0xff7c, 0xff7c, 0xff7c, 0xff7c, 0xff7c, 
	0xff7c, 0xff7c, 0xff7c, 0xff7c, 0xff7c, 0xff7c, 0xff7c, 0xff7c, 0xff7c, 0xff7c, 0xff7c, 0xff7c, 0xff7c, 0xff7c, 0xff7c, 0xff7c, 
	0xff7c, 0xff7c, 0xff7c, 0xff7c, 0xff7c, 0xff7c, 0xff7c, 0xff7c, 0xff7c, 0xff7c, 0xff7c, 0xff7c, 0xff7c, 0xff7c, 0xff7c, 0xff7c, 
	0xff7c, 0xff7c, 0xff7c, 0xff7c, 0xff7c, 0xff7c, 0xff7c, 0xff7c, 0xff7c, 0xff7c, 0xff7c, 0xff7c, 0xff7c, 0xff7c, 0xff7c, 0xff7c, 
	0xff7c, 0xff7c, 0xff7c, 0xff7c, 0xff7c, 0xff7c, 0xff7c, 0xf77c, 0xf77b, 0xf77b, 0xf77b, 0xf77b, 0xf77b, 0xf77b, 0xf77c, 0xf75b, 
	0xf77c, 0xf75b, 0xf75b, 0xf75b, 0xf75b, 0xf75b, 0xf75b, 0xf75b, 0xf75b, 0xf75b, 0xf75b, 0xf75b, 0xf75b, 0xf75b, 0xf75b, 0xf75b, 
	0xf75b, 0xf75b, 0xf75b, 0xf75b, 0xf75b, 0xf75b, 0xef5b, 0xf75b, 0xef5b, 0xef5b, 0xef5b, 0xef5b, 0xef3b, 0xef3b, 0xef3b, 0xef3a, 
	0x955a, 0x9559, 0x955a, 0x9d5a, 0x955a, 0x955a, 0x955a, 0x9559, 0x955a, 0x9559, 0x9559, 0x9559, 0x9559, 0x9559, 0x9559, 0x9559, 
	0x9559, 0x9559, 0x9559, 0x9559, 0x9559, 0x9559, 0x9559, 0x9559, 0x9559, 0x9559, 0x9559, 0x9559, 0x9559, 0x9559, 0x9559, 0x9559, 
	0x9559, 0x9559, 0x9559, 0x9559, 0x9559, 0x9559, 0x9559, 0x9559, 0x9559, 0x9559, 0x9559, 0x9559, 0x9559, 0x9559, 0x9559, 0x9559, 
	0x9559, 0x9559, 0x9559, 0x9559, 0x9559, 0x9559, 0x9559, 0x9559, 0x9559, 0x9559, 0x9559, 0x9559, 0x9559, 0x9559, 0x9559, 0x9579, 
	0x9579, 0x9579, 0x9579, 0x9579, 0x9579, 0x9579, 0x9579, 0x9579, 0x9579, 0x9579, 0x9579, 0x9579, 0x9579, 0x9d79, 0x9d79, 0x9d79, 
	0x9d79, 0x9d79, 0x9d79, 0x9d79, 0x9d79, 0x9d79, 0x9d79, 0x9d79, 0x9d79, 0x9d79, 0x9d79, 0x9d79, 0x9d79, 0x9d99, 0x9d99, 0x9d99, 
	0x9d99, 0x9d99, 0x9d99, 0x9d99, 0x9d99, 0x9d99, 0x9d99, 0xa59a, 0xa59a, 0xa59a, 0xa5ba, 0xa5ba, 0xa5ba, 0xa5ba, 0xa5ba, 0xa5ba, 
	0xa5ba, 0xa5ba, 0xa5da, 0xadda, 0xadda, 0xadda, 0xadda, 0xadda, 0xadda, 0xadfa, 0xadfa, 0xadfa, 0xadfa, 0xb5fa, 0xb5fa, 0xb5fa, 
	0xb61a, 0xb61a, 0xb61a, 0xbe1a, 0xbe1a, 0xbe1a, 0xbe3a, 0xbe3a, 0xbe3a, 0xbe3a, 0xbe5a, 0xc65a, 0xc65a, 0xc65b, 0xc65b, 0xc67b, 
	0xc67b, 0xc67b, 0xce7b, 0xce7b, 0xce9b, 0xce9b, 0xce9b, 0xce9b, 0xce9b, 0xd69b, 0xd6bb, 0xd6bb, 0xd6bb, 0xd6bb, 0xd6bb, 0xd6db, 
	0xdedb, 0xdedb, 0xdedb, 0xdefb, 0xdefb, 0xdefb, 0xdefb, 0xe6fb, 0xe6fb, 0xe71b, 0xe71b, 0xe71b, 0xe71b, 0xe71b, 0xe71b, 0xe71b, 
	0xef1b, 0xef3b, 0xef3b, 0xef3b, 0xef3b, 0xef3b, 0xef3c, 0xef3c, 0xef3c, 0xef3c, 0xef5c, 0xef5c, 0xf75c, 0xf75c, 0xf75c, 0xf75c, 
	0xf75c, 0xf75c, 0xf75c, 0xf75c, 0xf75c, 0xf77c, 0xf77c, 0xf77c, 0xf77c, 0xf77c, 0xf77c, 0xf77c, 0xf77c, 0xf77c, 0xf77c, 0xf77c, 
	0xf77c, 0xff7c, 0xff7c, 0xff7c, 0xff7c, 0xff7c, 0xff7c, 0xff7c, 0xff7c, 0xff7c, 0xff7c, 0xff7c, 0xff7c, 0xff7c, 0xff7c, 0xff7c, 
	0xff7c, 0xff7c, 0xff7c, 0xff7c, 0xff7c, 0xff7c, 0xff7c, 0xff7c, 0xff7c, 0xff7c, 0xff7c, 0xff7c, 0xff7c, 0xff7c, 0xff7c, 0xff7c, 
	0xff7c, 0xff7c, 0xff7c, 0xff7c, 0xff7c, 0xff7c, 0xff7c, 0xff7c, 0xff7c, 0xff7c, 0xff7c, 0xff7c, 0xff7c, 0xff7c, 0xff7c, 0xff7c, 
	0xff7c, 0xff7c, 0xff7c, 0xff7c, 0xff7c, 0xff7c, 0xff7c, 0xff7c, 0xff7c, 0xff7c, 0xff7c, 0xff7c, 0xff7c, 0xff7c, 0xff7c, 0xff7c, 
	0xff7c, 0xff7c, 0xff7c, 0xff7c, 0xff7c, 0xff7c, 0xf77c, 0xf77c, 0xf77c, 0xf77c, 0xf77c, 0xf77b, 0xf77b, 0xf77c, 0xf77b, 0xf77c, 
	0xf75b, 0xf77c, 0xf75c, 0xf77b, 0xf75b, 0xf75b, 0xf75b, 0xf75b, 0xf75b, 0xf75b, 0xf75b, 0xf75b, 0xf75b, 0xf75b, 0xf75b, 0xf75b, 
	0xf75b, 0xf75b, 0xf75b, 0xf75b, 0xf75b, 0xf75b, 0xef5b, 0xf75b, 0xef5b, 0xef5b, 0xef5b, 0xef5b, 0xef5b, 0xef3b, 0xef3b, 0xef3a, 
	0x955a, 0x955a, 0x955a, 0x955a, 0x955a, 0x955a, 0x955a, 0x9559, 0x955a, 0x955a, 0x955a, 0x9559, 0x955a, 0x955a, 0x9559, 0x9559, 
	0x9559, 0x9559, 0x9559, 0x9559, 0x9559, 0x9559, 0x9559, 0x9559, 0x9559, 0x9559, 0x9559, 0x9559, 0x9559, 0x9559, 0x9559, 0x9559, 
	0x9559, 0x9559, 0x9559, 0x9559, 0x9559, 0x9559, 0x9559, 0x9559, 0x9559, 0x9559, 0x9559, 0x9559, 0x9559, 0x9559, 0x9559, 0x9559, 
	0x9559, 0x9559, 0x9559, 0x9559, 0x9559, 0x9559, 0x9559, 0x9559, 0x9559, 0x9559, 0x9559, 0x9559, 0x9559, 0x9559, 0x9559, 0x9559, 
	0x9559, 0x9559, 0x9559, 0x9559, 0x9559, 0x9559, 0x9559, 0x9559, 0x9559, 0x9559, 0x9559, 0x9559, 0x9559, 0x9579, 0x9579, 0x9579, 
	0x9d79, 0x9d79, 0x9d79, 0x9d79, 0x9d79, 0x9d79, 0x9d79, 0x9d79, 0x9d79, 0x9d79, 0x9d79, 0x9d79, 0x9d79, 0x9d79, 0x9d79, 0x9d79, 
	0x9d99, 0x9d99, 0x9d99, 0x9d99, 0x9d99, 0x9d99, 0x9d99, 0x9d99, 0xa599, 0xa5b9, 0xa5b9, 0xa5b9, 0xa5b9, 0xa5ba, 0xa5ba, 0xa5ba, 
	0xa5ba, 0xa5ba, 0xa5ba, 0xa5ba, 0xadda, 0xadda, 0xadda, 0xadda, 0xadda, 0xadda, 0xadfa, 0xadfa, 0xadfa, 0xb5fa, 0xb5fa, 0xb5fa, 
	0xb5fa, 0xb61a, 0xb61a, 0xb61a, 0xbe1a, 0xbe3a, 0xbe3a, 0xbe3a, 0xbe3a, 0xbe3a, 0xbe5a, 0xbe5a, 0xc65a, 0xc65a, 0xc65a, 0xc65a, 
	0xc67b, 0xc67b, 0xce7b, 0xce7b, 0xce7b, 0xce9b, 0xce9b, 0xce9b, 0xce9b, 0xd69b, 0xd6bb, 0xd6bb, 0xd6bb, 0xd6bb, 0xd6db, 0xd6db, 
	0xdedb, 0xdedb, 0xdedb, 0xdedb, 0xdefb, 0xdefb, 0xdefb, 0xdefb, 0xe6fb, 0xe6fb, 0xe71b, 0xe71b, 0xe71b, 0xe71b, 0xe71b, 0xe71b, 
	0xe71b, 0xef1b, 0xef3b, 0xef3b, 0xef3b, 0xef3b, 0xef3b, 0xef3b, 0xef3b, 0xef3b, 0xef3b, 0xef3b, 0xef5c, 0xef5c, 0xf75c, 0xf75c, 
	0xf75c, 0xf75c, 0xf75c, 0xf75c, 0xf75c, 0xf75c, 0xf75c, 0xf77c, 0xf77c, 0xf77c, 0xf77c, 0xf77c, 0xf77c, 0xf77c, 0xf77c, 0xf77c, 
	0xf77c, 0xf77c, 0xf77c, 0xff7c, 0xff7c, 0xff7c, 0xff7c, 0xff7c, 0xff7c, 0xff7c, 0xff7c, 0xff7c, 0xff7c, 0xff7c, 0xff7c, 0xff7c, 
	0xff7c, 0xff7c, 0xff7c, 0xff7c, 0xff7c, 0xff7c, 0xff7c, 0xff7c, 0xff7c, 0xff7c, 0xff7c, 0xff7c, 0xff7c, 0xff7c, 0xff7c, 0xff7c, 
	0xff7c, 0xff7c, 0xff7c, 0xff7c, 0xff7c, 0xff7c, 0xff7c, 0xff7c, 0xff7c, 0xff7c, 0xff7c, 0xff7c, 0xff7c, 0xff7c, 0xff7c, 0xff7c, 
	0xff7c, 0xff7c, 0xff7c, 0xff7c, 0xff7c, 0xff7c, 0xff7c, 0xff7c, 0xff7c, 0xff7c, 0xff7c, 0xff7c, 0xff7c, 0xff7c, 0xff7c, 0xff7c, 
	0xff7c, 0xff7c, 0xff7c, 0xff7c, 0xff7c, 0xff7c, 0xff7c, 0xf77c, 0xf77c, 0xf77c, 0xf77c, 0xf77c, 0xf77b, 0xf77b, 0xf77c, 0xf77b, 
	0xf77c, 0xf75b, 0xf77c, 0xf75c, 0xf75b, 0xf77b, 0xf75b, 0xf75b, 0xf75b, 0xf75b, 0xf75b, 0xf75b, 0xf75b, 0xf75b, 0xf75b, 0xf75b, 
	0xf75b, 0xf75b, 0xf75b, 0xf75b, 0xf75b, 0xf75b, 0xf75b, 0xf75b, 0xf75b, 0xf75b, 0xef5b, 0xef5b, 0xef5b, 0xef3b, 0xef3b, 0xef3a, 
	0x9559, 0x955a, 0x955a, 0x955a, 0x955a, 0x955a, 0x9559, 0x955a, 0x955a, 0x955a, 0x9559, 0x9559, 0x955a, 0x9559, 0x9559, 0x9559, 
	0x9559, 0x9559, 0x9559, 0x9559, 0x9559, 0x9559, 0x9559, 0x9559, 0x9559, 0x9559, 0x9559, 0x9559, 0x9559, 0x9559, 0x9559, 0x9559, 
	0x9559, 0x9559, 0x9559, 0x9559, 0x9559, 0x9559, 0x9559, 0x9559, 0x9559, 0x9559, 0x9559, 0x9579, 0x9579, 0x9579, 0x9559, 0x9559, 
	0x9559, 0x9559, 0x9559, 0x9559, 0x9559, 0x9559, 0x9559, 0x9559, 0x9559, 0x9559, 0x9559, 0x9559, 0x9559, 0x9559, 0x9559, 0x9559, 
	0x9559, 0x9559, 0x9579, 0x9579, 0x9579, 0x9579, 0x9579, 0x9579, 0x9579, 0x9579, 0x9579, 0x9579, 0x9579, 0x9579, 0x9d79, 0x9d79, 
	0x9d79, 0x9d79, 0x9d79, 0x9d79, 0x9d79, 0x9d79, 0x9d79, 0x9d79, 0x9d79, 0x9d79, 0x9d79, 0x9d79, 0x9d79, 0x9d79, 0x9d79, 0x9d99, 
	0x9d99, 0x9d99, 0x9d99, 0x9d99, 0x9d99, 0x9d99, 0x9d99, 0xa599, 0xa5b9, 0xa5b9, 0xa5ba, 0xa5ba, 0xa5ba, 0xa5ba, 0xa5ba, 0xa5ba, 
	0xa5ba, 0xa5ba, 0xadda, 0xadda, 0xadda, 0xadda, 0xadda, 0xadda, 0xadda, 0xadfa, 0xadfa, 0xadfa, 0xb5fa, 0xb5fa, 0xb5fa, 0xb5fa, 
	0xb61a, 0xb61a, 0xb61a, 0xbe1a, 0xbe3a, 0xbe3a, 0xbe3a, 0xbe3a, 0xbe3a, 0xbe5a, 0xbe5a, 0xc65a, 0xc65a, 0xc65a, 0xc65b, 0xc67b, 
	0xc67b, 0xce7b, 0xce7b, 0xce7b, 0xce9b, 0xce9b, 0xce9b, 0xce9b, 0xd69b, 0xd6bb, 0xd6bb, 0xd6bb, 0xd6bb, 0xd6db, 0xd6db, 0xdedb, 
	0xdedb, 0xdedb, 0xdedb, 0xdefb, 0xdefb, 0xdefb, 0xdefb, 0xe6fb, 0xe6fb, 0xe71b, 0xe71b, 0xe71b, 0xe71b, 0xe71b, 0xe71b, 0xe71b, 
	0xef1b, 0xef3b, 0xef3b, 0xef3b, 0xef3b, 0xef3b, 0xef3b, 0xef3b, 0xef3c, 0xef3c, 0xef5c, 0xef5c, 0xf75c, 0xf75c, 0xf75c, 0xf75c, 
	0xf75c, 0xf75c, 0xf75c, 0xf75c, 0xf75c, 0xf77c, 0xf77c, 0xf77c, 0xf77c, 0xf77c, 0xf77c, 0xf77c, 0xf77c, 0xf77c, 0xf77c, 0xf77c, 
	0xf77c, 0xff7c, 0xff7c, 0xff7c, 0xff7c, 0xff7c, 0xff7c, 0xff7c, 0xff7c, 0xff7c, 0xff7c, 0xff7c, 0xff7c, 0xff7c, 0xff7c, 0xff7c, 
	0xff7c, 0xff7c, 0xff7c, 0xff7c, 0xff7c, 0xff7c, 0xff7c, 0xff7c, 0xff7c, 0xff7c, 0xff7c, 0xff7c, 0xff7c, 0xff7c, 0xff7c, 0xff7c, 
	0xff7c, 0xff7c, 0xff7c, 0xff7c, 0xff7c, 0xff7c, 0xff7c, 0xff7c, 0xff7c, 0xff7c, 0xff7c, 0xff7c, 0xff7c, 0xff7c, 0xff7c, 0xff7c, 
	0xff7c, 0xff7c, 0xff7c, 0xff7c, 0xff7c, 0xff7c, 0xff7c, 0xff7c, 0xff7c, 0xff7c, 0xff7c, 0xff7c, 0xff7c, 0xff7c, 0xff7c, 0xff7c, 
	0xff7c, 0xff7c, 0xff7c, 0xff7c, 0xff7c, 0xff7c, 0xff7c, 0xff7c, 0xf77c, 0xf77c, 0xf77c, 0xf77c, 0xf77c, 0xf77c, 0xf77b, 0xf77c, 
	0xf77b, 0xf77c, 0xf75c, 0xf77c, 0xf75c, 0xf75b, 0xf77b, 0xf77b, 0xf75b, 0xf75b, 0xf77b, 0xf75b, 0xf75b, 0xf75b, 0xf75b, 0xf75b, 
	0xf75b, 0xf75b, 0xf75b, 0xf75b, 0xf75b, 0xf75b, 0xf75b, 0xf75b, 0xf75b, 0xf75b, 0xf75b, 0xef5b, 0xef5b, 0xef3b, 0xef3b, 0xef3a, 
	0x955a, 0x955a, 0x955a, 0x9559, 0x955a, 0x955a, 0x955a, 0x955a, 0x955a, 0x9559, 0x9559, 0x955a, 0x9559, 0x9559, 0x9559, 0x9559, 
	0x9559, 0x9559, 0x9559, 0x9559, 0x9559, 0x9559, 0x9559, 0x9559, 0x9559, 0x9559, 0x9559, 0x9559, 0x9559, 0x9559, 0x9559, 0x9559, 
	0x9559, 0x9559, 0x9559, 0x9559, 0x9559, 0x9559, 0x9559, 0x9559, 0x9559, 0x9559, 0x9579, 0x9559, 0x9559, 0x9559, 0x9559, 0x9559, 
	0x9559, 0x9559, 0x9559, 0x9559, 0x9559, 0x9559, 0x9559, 0x9559, 0x9559, 0x9559, 0x9559, 0x9559, 0x9559, 0x9559, 0x9559, 0x9579, 
	0x9579, 0x9579, 0x9579, 0x9579, 0x9579, 0x9579, 0x9579, 0x9579, 0x9579, 0x9579, 0x9579, 0x9579, 0x9579, 0x9579, 0x9579, 0x9579, 
	0x9d79, 0x9d79, 0x9d79, 0x9d79, 0x9d79, 0x9d79, 0x9d79, 0x9d79, 0x9d79, 0x9d79, 0x9d79, 0x9d79, 0x9d79, 0x9d99, 0x9d99, 0x9d99, 
	0x9d99, 0x9d99, 0x9d99, 0x9d99, 0x9d99, 0x9d99, 0x9d99, 0xa599, 0xa599, 0xa599, 0xa5b9, 0xa5b9, 0xa5b9, 0xa5b9, 0xa5ba, 0xa5ba, 
	0xa5ba, 0xa5ba, 0xadba, 0xadda, 0xadda, 0xadda, 0xadda, 0xadda, 0xadda, 0xadda, 0xadfa, 0xadfa, 0xb5fa, 0xb5fa, 0xb5fa, 0xb61a, 
	0xb61a, 0xb61a, 0xb61a, 0xbe1a, 0xbe1a, 0xbe3a, 0xbe3a, 0xbe3a, 0xbe3a, 0xbe3a, 0xbe5a, 0xc65a, 0xc65a, 0xc65a, 0xc65a, 0xc67a, 
	0xc67b, 0xc67b, 0xce7b, 0xce7b, 0xce7b, 0xce9b, 0xce9b, 0xce9b, 0xd69b, 0xd69b, 0xd6bb, 0xd6bb, 0xd6bb, 0xd6bb, 0xd6db, 0xdedb, 
	0xdedb, 0xdedb, 0xdedb, 0xdedb, 0xdefb, 0xdefb, 0xdefb, 0xe6fb, 0xe6fb, 0xe6fb, 0xe71b, 0xe71b, 0xe71b, 0xe71b, 0xe71b, 0xe71b, 
	0xe71b, 0xef1b, 0xef3b, 0xef3b, 0xef3b, 0xef3c, 0xef3b, 0xef3b, 0xef3b, 0xef3b, 0xef3b, 0xef5b, 0xef5b, 0xf75c, 0xf75c, 0xf75c, 
	0xf75c, 0xf75c, 0xf75c, 0xf75c, 0xf75c, 0xf75c, 0xf75c, 0xf75c, 0xf77c, 0xf77c, 0xf77c, 0xf77c, 0xf77c, 0xf77c, 0xf77c, 0xf77c, 
	0xf77c, 0xf77c, 0xf77c, 0xff7c, 0xff7c, 0xff7c, 0xff7c, 0xff7c, 0xff7c, 0xff7c, 0xff7c, 0xff7c, 0xff7c, 0xff7c, 0xff7c, 0xff7c, 
	0xff7c, 0xff7c, 0xff7c, 0xff7c, 0xff7c, 0xff7c, 0xff7c, 0xff7c, 0xff7c, 0xff7c, 0xff7c, 0xff7c, 0xff7c, 0xff7c, 0xff7c, 0xff7c, 
	0xff7c, 0xff7c, 0xff7c, 0xff7c, 0xff7c, 0xff7c, 0xff7c, 0xff7c, 0xff7c, 0xff7c, 0xff7c, 0xff7c, 0xff7c, 0xff7c, 0xff7c, 0xff7c, 
	0xff7c, 0xff7c, 0xff7c, 0xff7c, 0xff7c, 0xff7c, 0xff7c, 0xff7c, 0xff7c, 0xff7c, 0xff7c, 0xff7c, 0xff7c, 0xff7c, 0xff7c, 0xff7c, 
	0xff7c, 0xff7c, 0xff7c, 0xff7c, 0xff7c, 0xff7c, 0xff7c, 0xff7c, 0xff7c, 0xf77c, 0xf77c, 0xf77c, 0xf77c, 0xf77c, 0xf77c, 0xf77b, 
	0xf77c, 0xf75b, 0xf77c, 0xf75c, 0xf77c, 0xf77b, 0xf75b, 0xf75b, 0xf77b, 0xf77b, 0xf75b, 0xf75b, 0xf77b, 0xf75b, 0xf75b, 0xf75b, 
	0xf75b, 0xf75b, 0xf75b, 0xf75b, 0xf75b, 0xf75b, 0xf75b, 0xf75b, 0xf75b, 0xf75b, 0xf75b, 0xf75b, 0xef5b, 0xef3b, 0xef3b, 0xef3a, 
	0x9559, 0x955a, 0x955a, 0x955a, 0x955a, 0x955a, 0x9559, 0x955a, 0x9559, 0x955a, 0x9559, 0x955a, 0x955a, 0x955a, 0x9559, 0x9559, 
	0x9559, 0x9559, 0x9559, 0x9559, 0x9559, 0x9559, 0x9559, 0x9559, 0x9559, 0x9559, 0x9559, 0x9559, 0x9559, 0x9559, 0x9559, 0x9559, 
	0x9559, 0x9559, 0x9559, 0x9559, 0x9559, 0x9559, 0x9559, 0x9559, 0x9559, 0x9559, 0x9559, 0x9559, 0x9579, 0x9579, 0x9559, 0x9559, 
	0x9559, 0x9559, 0x9559, 0x9559, 0x9559, 0x9559, 0x9559, 0x9559, 0x9559, 0x9559, 0x9559, 0x9559, 0x9579, 0x9579, 0x9579, 0x9579, 
	0x9579, 0x9579, 0x9579, 0x9579, 0x9579, 0x9579, 0x9579, 0x9579, 0x9579, 0x9579, 0x9579, 0x9579, 0x9579, 0x9579, 0x9d79, 0x9d79, 
	0x9d79, 0x9d79, 0x9d79, 0x9d79, 0x9d79, 0x9d79, 0x9d79, 0x9d79, 0x9d79, 0x9d79, 0x9d79, 0x9d79, 0x9d99, 0x9d99, 0x9d99, 0x9d99, 
	0x9d99, 0x9d99, 0x9d99, 0x9d99, 0x9d99, 0x9d99, 0xa599, 0xa599, 0xa5b9, 0xa5b9, 0xa5b9, 0xa5b9, 0xa5ba, 0xa5ba, 0xa5ba, 0xa5ba, 
	0xa5ba, 0xa5ba, 0xadda, 0xadda, 0xadda, 0xadda, 0xadda, 0xadda, 0xadda, 0xadfa, 0xadfa, 0xadfa, 0xb5fa, 0xb5fa, 0xb61a, 0xb61a, 
	0xb61a, 0xb61a, 0xb61a, 0xbe1a, 0xbe3a, 0xbe3a, 0xbe3a, 0xbe3a, 0xbe3a, 0xbe5a, 0xbe5a, 0xc65a, 0xc65a, 0xc65a, 0xc67b, 0xc67b, 
	0xc67b, 0xce7b, 0xce7b, 0xce7b, 0xce9b, 0xce9b, 0xce9b, 0xd69b, 0xd69b, 0xd6bb, 0xd6bb, 0xd6bb, 0xd6bb, 0xd6db, 0xd6db, 0xdedb, 
	0xdedb, 0xdedb, 0xdedb, 0xdefb, 0xdefb, 0xdefb, 0xdefb, 0xe6fb, 0xe6fb, 0xe71b, 0xe71b, 0xe71b, 0xe71b, 0xe71b, 0xe71b, 0xe71b, 
	0xef3b, 0xef3b, 0xef3c, 0xef3c, 0xef3c, 0xef3c, 0xef3c, 0xef3b, 0xef3b, 0xef3c, 0xef5c, 0xef5c, 0xf75c, 0xf75c, 0xf75c, 0xf75c, 
	0xf75c, 0xf75c, 0xf75c, 0xf75c, 0xf75c, 0xf77c, 0xf77c, 0xf77c, 0xf77c, 0xf77c, 0xf77c, 0xf77c, 0xf77c, 0xf77c, 0xf77c, 0xf77c, 
	0xf77c, 0xff7c, 0xff7c, 0xff7c, 0xff7c, 0xff7c, 0xff7c, 0xff7c, 0xff7c, 0xff7c, 0xff7c, 0xff7c, 0xff7c, 0xff7c, 0xff7c, 0xff7c, 
	0xff7c, 0xff7c, 0xff7c, 0xff7c, 0xff7c, 0xff7c, 0xff7c, 0xff7c, 0xff7c, 0xff7c, 0xff7c, 0xff7c, 0xff7c, 0xff7c, 0xff7c, 0xff7c, 
	0xff7c, 0xff7c, 0xff7c, 0xff7c, 0xff7c, 0xff7c, 0xff7c, 0xff7c, 0xff7c, 0xff7c, 0xff7c, 0xff7c, 0xff7c, 0xff7c, 0xff7c, 0xff7c, 
	0xff7c, 0xff7c, 0xff7c, 0xff7c, 0xff7c, 0xff7c, 0xff7c, 0xff7c, 0xff7c, 0xff7c, 0xff7c, 0xff7c, 0xff7c, 0xff7c, 0xff7c, 0xff7c, 
	0xff7c, 0xff7c, 0xff7c, 0xff7c, 0xff7c, 0xff7c, 0xff7c, 0xff7c, 0xff7c, 0xff7c, 0xff7c, 0xf77c, 0xf77c, 0xf77c, 0xf77c, 0xf77c, 
	0xf77b, 0xf77c, 0xf77b, 0xf77c, 0xf77c, 0xf77c, 0xf77b, 0xf77b, 0xf75b, 0xf77b, 0xf77b, 0xf75b, 0xf75b, 0xf75b, 0xf75b, 0xf75b, 
	0xf75b, 0xf75b, 0xf75b, 0xf75b, 0xf75b, 0xf75b, 0xf75b, 0xf75b, 0xf75b, 0xf75b, 0xf75b, 0xf75b, 0xf75b, 0xef5b, 0xef3b, 0xef3b, 
	0x9559, 0x955a, 0x9559, 0x955a, 0x955a, 0x9559, 0x9559, 0x955a, 0x955a, 0x9559, 0x9559, 0x9559, 0x9559, 0x9559, 0x9559, 0x9559, 
	0x9559, 0x9559, 0x9559, 0x9559, 0x9559, 0x9559, 0x9559, 0x9559, 0x9559, 0x9559, 0x9559, 0x9559, 0x9559, 0x9559, 0x9559, 0x9559, 
	0x9559, 0x9559, 0x9559, 0x9559, 0x9559, 0x9559, 0x9559, 0x9559, 0x9559, 0x9559, 0x9559, 0x9559, 0x9559, 0x9559, 0x9559, 0x9559, 
	0x9559, 0x9559, 0x9559, 0x9559, 0x9559, 0x9559, 0x9559, 0x9559, 0x9559, 0x9559, 0x9579, 0x9559, 0x9559, 0x9559, 0x9559, 0x9559, 
	0x9559, 0x9559, 0x9579, 0x9579, 0x9579, 0x9579, 0x9579, 0x9579, 0x9579, 0x9579, 0x9579, 0x9579, 0x9579, 0x9d79, 0x9d79, 0x9d79, 
	0x9d79, 0x9d79, 0x9d79, 0x9d79, 0x9d79, 0x9d79, 0x9d79, 0x9d79, 0x9d79, 0x9d79, 0x9d79, 0x9d79, 0x9d79, 0x9d79, 0x9d99, 0x9d99, 
	0x9d99, 0x9d99, 0x9d99, 0x9d99, 0x9d99, 0x9d99, 0xa599, 0xa599, 0xa599, 0xa599, 0xa5b9, 0xa5b9, 0xa5b9, 0xa5b9, 0xa5b9, 0xa5b9, 
	0xa5ba, 0xa5ba, 0xadba, 0xadba, 0xadda, 0xadda, 0xadda, 0xadda, 0xadfa, 0xadfa, 0xadfa, 0xadfa, 0xb5fa, 0xb5fa, 0xb5fa, 0xb61a, 
	0xb61a, 0xb61a, 0xb61a, 0xbe1a, 0xbe1a, 0xbe3a, 0xbe3a, 0xbe3a, 0xbe3a, 0xbe3a, 0xbe5a, 0xc65a, 0xc65a, 0xc65a, 0xc65a, 0xc67a, 
	0xc67b, 0xce7b, 0xce7b, 0xce7b, 0xce7b, 0xce9b, 0xce9b, 0xce9b, 0xd69b, 0xd6bb, 0xd6bb, 0xd6bb, 0xd6bb, 0xd6bb, 0xd6db, 0xdedb, 
	0xdedb, 0xdedb, 0xdedb, 0xdedb, 0xdefb, 0xdefb, 0xdefb, 0xe6fb, 0xe6fb, 0xe6fb, 0xe71b, 0xe71b, 0xe71b, 0xe71b, 0xe71b, 0xe71b, 
	0xef1b, 0xef1b, 0xef3b, 0xef3b, 0xef3b, 0xef3b, 0xef3c, 0xef3c, 0xef3c, 0xef3c, 0xef3c, 0xf75c, 0xf75c, 0xf75c, 0xf75c, 0xf75c, 
	0xf75c, 0xf75c, 0xf75c, 0xf75c, 0xf75c, 0xf75c, 0xf75c, 0xf75c, 0xf77c, 0xf77c, 0xf77c, 0xf77c, 0xf77c, 0xf77c, 0xf77c, 0xf77c, 
	0xf77c, 0xf77c, 0xf77c, 0xff7c, 0xff7c, 0xff7c, 0xff7c, 0xff7c, 0xff7c, 0xff7c, 0xff7c, 0xff7c, 0xff7c, 0xff7c, 0xff7c, 0xff7c, 
	0xff7c, 0xff7c, 0xff7c, 0xff7c, 0xff7c, 0xff7c, 0xff7c, 0xff7c, 0xff7c, 0xff7c, 0xff7c, 0xff7c, 0xff7c, 0xff7c, 0xff7c, 0xff7c, 
	0xff7c, 0xff7c, 0xff7c, 0xff7c, 0xff7c, 0xff7c, 0xff7c, 0xff7c, 0xff7c, 0xff7c, 0xff7c, 0xff7c, 0xff7c, 0xff7c, 0xff7c, 0xff7c, 
	0xff7c, 0xff7c, 0xff7c, 0xff7c, 0xff7c, 0xff7c, 0xff7c, 0xff7c, 0xff7c, 0xff7c, 0xff7c, 0xff7c, 0xff7c, 0xff7c, 0xff7c, 0xff7c, 
	0xff7c, 0xff7c, 0xff7c, 0xff7c, 0xff7c, 0xff7c, 0xff7c, 0xff7c, 0xff7c, 0xff7c, 0xff7c, 0xff7c, 0xf77c, 0xf77c, 0xf77c, 0xf77c, 
	0xf77c, 0xf77c, 0xf77c, 0xf77c, 0xf77c, 0xf77c, 0xf75b, 0xf77b, 0xf77b, 0xf77b, 0xf75b, 0xf77b, 0xf77b, 0xf75b, 0xf75b, 0xf75b, 
	0xf75b, 0xf75b, 0xf75b, 0xf75b, 0xf75b, 0xf75b, 0xf75b, 0xf75b, 0xf75b, 0xf75b, 0xf75b, 0xf75b, 0xf75b, 0xef5b, 0xef3b, 0xef3b, 
	0x9559, 0x955a, 0x9559, 0x955a, 0x955a, 0x9559, 0x955a, 0x955a, 0x955a, 0x9559, 0x9559, 0x955a, 0x9559, 0x9559, 0x9559, 0x9559, 
	0x9559, 0x9559, 0x9559, 0x9559, 0x9559, 0x9559, 0x9559, 0x9559, 0x9559, 0x9559, 0x9559, 0x9559, 0x9559, 0x9559, 0x9559, 0x9559, 
	0x9559, 0x9559, 0x9559, 0x9559, 0x9559, 0x9559, 0x9559, 0x9559, 0x9559, 0x9559, 0x9559, 0x9559, 0x9559, 0x9559, 0x9559, 0x9559, 
	0x9559, 0x9559, 0x9559, 0x9559, 0x9559, 0x9559, 0x9559, 0x9559, 0x9559, 0x9559, 0x9559, 0x9559, 0x9559, 0x9559, 0x9559, 0x9579, 
	0x9579, 0x9579, 0x9579, 0x9579, 0x9579, 0x9579, 0x9579, 0x9579, 0x9579, 0x9579, 0x9d79, 0x9d79, 0x9d79, 0x9d79, 0x9d79, 0x9d79, 
	0x9d79, 0x9d79, 0x9d79, 0x9d79, 0x9d79, 0x9d79, 0x9d79, 0x9d79, 0x9d79, 0x9d79, 0x9d79, 0x9d79, 0x9d79, 0x9d99, 0x9d99, 0x9d99, 
	0x9d99, 0x9d99, 0x9d99, 0x9d99, 0x9d99, 0xa599, 0xa599, 0xa599, 0xa599, 0xa5b9, 0xa5b9, 0xa5b9, 0xa5b9, 0xa5b9, 0xa5ba, 0xa5ba, 
	0xa5ba, 0xa5ba, 0xadda, 0xadda, 0xadda, 0xadda, 0xadda, 0xadda, 0xadfa, 0xadfa, 0xadfa, 0xb5fa, 0xb5fa, 0xb5fa, 0xb61a, 0xb61a, 
	0xb61a, 0xb61a, 0xb61a, 0xbe1a, 0xbe3a, 0xbe3a, 0xbe3a, 0xbe3a, 0xbe3a, 0xbe5a, 0xc65a, 0xc65a, 0xc65a, 0xc65a, 0xc67b, 0xc67b, 
	0xce7b, 0xce7b, 0xce7b, 0xce7b, 0xce9b, 0xce9b, 0xce9b, 0xd69b, 0xd6bb, 0xd6bb, 0xd6bb, 0xd6bb, 0xd6bb, 0xd6db, 0xdedb, 0xdedb, 
	0xdedb, 0xdedb, 0xdedb, 0xdefb, 0xdefb, 0xdefb, 0xe6fb, 0xe6fb, 0xe6fb, 0xe71b, 0xe71b, 0xe71b, 0xe71b, 0xe71b, 0xe71b, 0xe71b, 
	0xef1b, 0xef3b, 0xef3b, 0xef3c, 0xef3c, 0xef3c, 0xef3c, 0xef3c, 0xef3c, 0xef3c, 0xf75c, 0xf75c, 0xf75c, 0xf75c, 0xf75c, 0xf75c, 
	0xf75c, 0xf75c, 0xf75c, 0xf75c, 0xf75c, 0xf77c, 0xf77c, 0xf77c, 0xf77c, 0xf77c, 0xf77c, 0xf77c, 0xf77c, 0xf77c, 0xf77c, 0xf77c, 
	0xf77c, 0xff7c, 0xff7c, 0xff7c, 0xff7c, 0xff7c, 0xff7c, 0xff7c, 0xff7c, 0xff7c, 0xff7c, 0xff7c, 0xff7c, 0xff7c, 0xff7c, 0xff7c, 
	0xff7c, 0xff7c, 0xff7c, 0xff7c, 0xff7c, 0xff7c, 0xff7c, 0xff7c, 0xff7c, 0xff7c, 0xff7c, 0xff7c, 0xff7c, 0xff7c, 0xff7c, 0xff7c, 
	0xff7c, 0xff7c, 0xff7c, 0xff7c, 0xff7c, 0xff7c, 0xff7c, 0xff7c, 0xff7c, 0xff7c, 0xff7c, 0xff7c, 0xff7c, 0xff7c, 0xff7c, 0xff7c, 
	0xff7c, 0xff7c, 0xff7c, 0xff7c, 0xff7c, 0xff7c, 0xff7c, 0xff7c, 0xff7c, 0xff7c, 0xff7c, 0xff7c, 0xff7c, 0xff7c, 0xff7c, 0xff7c, 
	0xff7c, 0xff7c, 0xff7c, 0xff7c, 0xff7c, 0xff7c, 0xff7c, 0xff7c, 0xff7c, 0xff7c, 0xff7c, 0xff7c, 0xff7c, 0xf77c, 0xff7c, 0xf77c, 
	0xf77c, 0xf77c, 0xf77b, 0xf77c, 0xf77c, 0xf77c, 0xf77c, 0xf77b, 0xf77b, 0xf77b, 0xf77b, 0xf75b, 0xf75b, 0xf75b, 0xf75b, 0xf75b, 
	0xf75b, 0xf75b, 0xf75b, 0xf75b, 0xf75b, 0xf75b, 0xf75b, 0xf75b, 0xf75b, 0xf75b, 0xf75b, 0xf75b, 0xf75b, 0xef5b, 0xef5b, 0xef3b, 
	0x955a, 0x9559, 0x955a, 0x955a, 0x9559, 0x955a, 0x955a, 0x955a, 0x9559, 0x9559, 0x955a, 0x955a, 0x9559, 0x9559, 0x9559, 0x9559, 
	0x9559, 0x9559, 0x9559, 0x9559, 0x9559, 0x9559, 0x9559, 0x9559, 0x9559, 0x9559, 0x9559, 0x9559, 0x9579, 0x9559, 0x9559, 0x9559, 
	0x9559, 0x9559, 0x9559, 0x9559, 0x9559, 0x9559, 0x9559, 0x9559, 0x9559, 0x9559, 0x9559, 0x9559, 0x9559, 0x9559, 0x9559, 0x9559, 
	0x9559, 0x9559, 0x9559, 0x9559, 0x9559, 0x9559, 0x9559, 0x9559, 0x9559, 0x9559, 0x9559, 0x9559, 0x9559, 0x9559, 0x9559, 0x9559, 
	0x9559, 0x9559, 0x9559, 0x9559, 0x9559, 0x9559, 0x9559, 0x9559, 0x9559, 0x9559, 0x9559, 0x9559, 0x9559, 0x9579, 0x9d79, 0x9d79, 
	0x9d79, 0x9d79, 0x9d79, 0x9d79, 0x9d79, 0x9d79, 0x9d79, 0x9d79, 0x9d79, 0x9d79, 0x9d79, 0x9d79, 0x9d79, 0x9d79, 0x9d79, 0x9d99, 
	0x9d99, 0x9d99, 0x9d99, 0x9d99, 0x9d99, 0x9d99, 0xa599, 0xa599, 0xa599, 0xa599, 0xa5b9, 0xa5b9, 0xa5b9, 0xa5b9, 0xa5b9, 0xa5b9, 
	0xa5b9, 0xa5ba, 0xadda, 0xadda, 0xadda, 0xadda, 0xadda, 0xadda, 0xadfa, 0xadfa, 0xadfa, 0xadfa, 0xb5fa, 0xb5fa, 0xb5fa, 0xb61a, 
	0xb61a, 0xb61a, 0xb61a, 0xbe1a, 0xbe3a, 0xbe3a, 0xbe3a, 0xbe3a, 0xbe3a, 0xbe3a, 0xc65a, 0xc65a, 0xc65a, 0xc65a, 0xc65a, 0xc67a, 
	0xce7b, 0xce7b, 0xce7b, 0xce9b, 0xce9b, 0xce9b, 0xce9b, 0xd69b, 0xd6bb, 0xd6bb, 0xd6bb, 0xd6bb, 0xd6bb, 0xd6bb, 0xd6db, 0xdedb, 
	0xdedb, 0xdedb, 0xdedb, 0xdedb, 0xdefb, 0xdefb, 0xdefb, 0xe6fb, 0xe6fb, 0xe6fb, 0xe71b, 0xe71b, 0xe71b, 0xe71b, 0xe71b, 0xe71b, 
	0xef1b, 0xef1b, 0xef3b, 0xef3b, 0xef3b, 0xef3b, 0xef3b, 0xef3b, 0xef3c, 0xef3c, 0xef5c, 0xf75c, 0xf75c, 0xf75c, 0xf75c, 0xf75c, 
	0xf75c, 0xf75c, 0xf75c, 0xf75c, 0xf75c, 0xf75c, 0xf75c, 0xf75c, 0xf75c, 0xf77c, 0xf77c, 0xf77c, 0xf77c, 0xf77c, 0xf77c, 0xf77c, 
	0xf77c, 0xf77c, 0xf77c, 0xff7c, 0xff7c, 0xff7c, 0xff7c, 0xff7c, 0xff7c, 0xff7c, 0xff7c, 0xff7c, 0xff7c, 0xff7c, 0xff7c, 0xff7c, 
	0xff7c, 0xff7c, 0xff7c, 0xff7c, 0xff7c, 0xff7c, 0xff7c, 0xff7c, 0xff7c, 0xff7c, 0xff7c, 0xff7c, 0xff7c, 0xff7c, 0xff7c, 0xff7c, 
	0xff7c, 0xff7c, 0xff7c, 0xff7c, 0xff7c, 0xff7c, 0xff7c, 0xff7c, 0xff7c, 0xff7c, 0xff7c, 0xff7c, 0xff7c, 0xff7c, 0xff7c, 0xff7c, 
	0xff7c, 0xff7c, 0xff7c, 0xff7c, 0xff7c, 0xff7c, 0xff7c, 0xff7c, 0xff7c, 0xff7c, 0xff7c, 0xff7c, 0xff7c, 0xff7c, 0xff7c, 0xff7c, 
	0xff7c, 0xff7c, 0xff7c, 0xff7c, 0xff7c, 0xff7c, 0xff7c, 0xff7c, 0xff7c, 0xff7c, 0xff7c, 0xff7c, 0xff7c, 0xff7c, 0xf77c, 0xf77c, 
	0xf77c, 0xf77c, 0xf77c, 0xf77c, 0xf77c, 0xf77c, 0xf77c, 0xf77c, 0xf77b, 0xf77b, 0xf75b, 0xf77b, 0xf77b, 0xf77b, 0xf77b, 0xf77b, 
	0xf75b, 0xf75b, 0xf75b, 0xf75b, 0xf75b, 0xf75b, 0xf75b, 0xf75b, 0xf75b, 0xf75b, 0xf75b, 0xf75b, 0xf75b, 0xf75b, 0xef5b, 0xef3b, 
	0x955a, 0x955a, 0x9559, 0x955a, 0x955a, 0x9559, 0x955a, 0x9559, 0x9559, 0x9559, 0x955a, 0x9559, 0x9559, 0x9559, 0x9559, 0x9559, 
	0x9559, 0x9559, 0x9559, 0x9559, 0x9559, 0x9559, 0x9559, 0x9559, 0x9559, 0x9559, 0x9559, 0x9579, 0x9559, 0x9559, 0x9559, 0x9559, 
	0x9559, 0x9559, 0x9559, 0x9559, 0x9559, 0x9559, 0x9559, 0x9559, 0x9559, 0x9559, 0x9559, 0x9579, 0x9579, 0x9579, 0x9559, 0x9559, 
	0x9559, 0x9559, 0x9559, 0x9559, 0x9559, 0x9559, 0x9559, 0x9559, 0x9559, 0x9559, 0x9559, 0x9559, 0x9559, 0x9559, 0x9559, 0x9559, 
	0x9559, 0x9559, 0x9579, 0x9579, 0x9579, 0x9579, 0x9579, 0x9579, 0x9579, 0x9579, 0x9579, 0x9579, 0x9d79, 0x9d79, 0x9d79, 0x9d79, 
	0x9d79, 0x9d79, 0x9d79, 0x9d79, 0x9d79, 0x9d79, 0x9d79, 0x9d79, 0x9d79, 0x9d79, 0x9d79, 0x9d79, 0x9d79, 0x9d79, 0x9d99, 0x9d99, 
	0x9d99, 0x9d99, 0x9d99, 0x9d99, 0x9d99, 0xa599, 0xa599, 0xa599, 0xa599, 0xa5b9, 0xa5b9, 0xa5b9, 0xa5b9, 0xa5b9, 0xa5b9, 0xa5ba, 
	0xa5da, 0xa5da, 0xadda, 0xadda, 0xadda, 0xadda, 0xadda, 0xadda, 0xadfa, 0xadfa, 0xadfa, 0xb5fa, 0xb5fa, 0xb5fa, 0xb61a, 0xb61a, 
	0xb61a, 0xb61a, 0xb61a, 0xbe3a, 0xbe3a, 0xbe3a, 0xbe3a, 0xbe3a, 0xbe3a, 0xc65a, 0xc65a, 0xc65a, 0xc65a, 0xc65a, 0xc67a, 0xc67b, 
	0xce7b, 0xce7b, 0xce9b, 0xce9b, 0xce9b, 0xce9b, 0xce9b, 0xd6bb, 0xd6bb, 0xd6bb, 0xd6bb, 0xd6bb, 0xd6bb, 0xd6db, 0xdedb, 0xdedb, 
	0xdedb, 0xdedb, 0xdedb, 0xdefb, 0xdefb, 0xdefb, 0xe6fb, 0xe6fb, 0xe6fb, 0xe71b, 0xe71b, 0xe71b, 0xe71b, 0xe71b, 0xe71b, 0xef1b, 
	0xef1b, 0xef3b, 0xef3b, 0xef3b, 0xef3c, 0xef3c, 0xef3c, 0xef3c, 0xef3c, 0xef5c, 0xf75c, 0xf75c, 0xf75c, 0xf75c, 0xf75c, 0xf75c, 
	0xf75c, 0xf75c, 0xf75c, 0xf75c, 0xf75c, 0xf75c, 0xf77c, 0xf77c, 0xf77c, 0xf77c, 0xf77c, 0xf77c, 0xf77c, 0xf77c, 0xf77c, 0xf77c, 
	0xf77c, 0xff7c, 0xff7c, 0xff7c, 0xff7c, 0xff7c, 0xff7c, 0xff7c, 0xff7c, 0xff7c, 0xff7c, 0xff7c, 0xff7c, 0xff7c, 0xff7c, 0xff7c, 
	0xff7c, 0xff7c, 0xff7c, 0xff7c, 0xff7c, 0xff7c, 0xff7c, 0xff7c, 0xff7c, 0xff7c, 0xff7c, 0xff7c, 0xff7c, 0xff7c, 0xff7c, 0xff7c, 
	0xff7c, 0xff7c, 0xff7c, 0xff7c, 0xff7c, 0xff7c, 0xff7c, 0xff7c, 0xff7c, 0xff7c, 0xff7c, 0xff7c, 0xff7c, 0xff7c, 0xff7c, 0xff7c, 
	0xff7c, 0xff7c, 0xff7c, 0xff7c, 0xff7c, 0xff7c, 0xff7c, 0xff7c, 0xff7c, 0xff7c, 0xff7c, 0xff7c, 0xff7c, 0xff7c, 0xff7c, 0xff7c, 
	0xff7c, 0xff7c, 0xff7c, 0xff7c, 0xff7c, 0xff7c, 0xff7c, 0xff7c, 0xff7c, 0xff7c, 0xff7c, 0xff7c, 0xff7c, 0xff7c, 0xff7c, 0xf77c, 
	0xff7c, 0xf77c, 0xff7c, 0xf77c, 0xf77c, 0xf77b, 0xf77c, 0xf77c, 0xf77b, 0xf77b, 0xf77b, 0xf75b, 0xf75b, 0xf75b, 0xf75b, 0xf77b, 
	0xf75b, 0xf75b, 0xf75b, 0xf75b, 0xf75b, 0xf75b, 0xf75b, 0xf75b, 0xf75b, 0xf75b, 0xf75b, 0xf75b, 0xf75b, 0xf75b, 0xf75b, 0xef3b, 
	0x9559, 0x9559, 0x9559, 0x955a, 0x9559, 0x9559, 0x9559, 0x955a, 0x9559, 0x9559, 0x9559, 0x955a, 0x9559, 0x9559, 0x9559, 0x9559, 
	0x9559, 0x9559, 0x9559, 0x9559, 0x9559, 0x9559, 0x9559, 0x9559, 0x9559, 0x9559, 0x9559, 0x9559, 0x9559, 0x9559, 0x9559, 0x9559, 
	0x9559, 0x9559, 0x9559, 0x9559, 0x9559, 0x9559, 0x9559, 0x9559, 0x9559, 0x9559, 0x9579, 0x9559, 0x9559, 0x9559, 0x9559, 0x9559, 
	0x9559, 0x9559, 0x9559, 0x9559, 0x9559, 0x9559, 0x9559, 0x9559, 0x9559, 0x9559, 0x9559, 0x9559, 0x9559, 0x9559, 0x9559, 0x9559, 
	0x9559, 0x9559, 0x9559, 0x9559, 0x9559, 0x9559, 0x9559, 0x9559, 0x9559, 0x9559, 0x9559, 0x9559, 0x9559, 0x9559, 0x9d59, 0x9d79, 
	0x9d79, 0x9d79, 0x9d79, 0x9d79, 0x9d79, 0x9d79, 0x9d79, 0x9d79, 0x9d79, 0x9d79, 0x9d79, 0x9d79, 0x9d79, 0x9d99, 0x9d99, 0x9d99, 
	0x9d99, 0x9d99, 0x9d99, 0x9d99, 0x9d99, 0x9d99, 0xa599, 0xa599, 0xa5b9, 0xa5b9, 0xa5b9, 0xa5b9, 0xa5b9, 0xa5b9, 0xa5b9, 0xa5b9, 
	0xa5b9, 0xa5b9, 0xadda, 0xadda, 0xadda, 0xadda, 0xadda, 0xadda, 0xadfa, 0xadfa, 0xadfa, 0xb5fa, 0xb5fa, 0xb5fa, 0xb5fa, 0xb61a, 
	0xb61a, 0xb61a, 0xbe1a, 0xbe1a, 0xbe3a, 0xbe3a, 0xbe3a, 0xbe3a, 0xbe3a, 0xbe3a, 0xc65a, 0xc65a, 0xc65a, 0xc67a, 0xc67a, 0xc67a, 
	0xce7a, 0xce7b, 0xce7b, 0xce9b, 0xce9b, 0xce9b, 0xce9b, 0xd69b, 0xd6bb, 0xd6bb, 0xd6bb, 0xd6bb, 0xd6bb, 0xd6bb, 0xdedb, 0xdedb, 
	0xdedb, 0xdedb, 0xdedb, 0xdedb, 0xdefb, 0xdefb, 0xe6fb, 0xe6fb, 0xe6fb, 0xe6fb, 0xe71b, 0xe71b, 0xe71b, 0xe71b, 0xe71b, 0xe71b, 
	0xef1b, 0xef1b, 0xef3b, 0xef3b, 0xef3b, 0xef3b, 0xef3b, 0xef3b, 0xef3b, 0xef5c, 0xf75c, 0xf75c, 0xf75c, 0xf75c, 0xf75c, 0xf75c, 
	0xf75c, 0xf75c, 0xf75c, 0xf75c, 0xf75c, 0xf75c, 0xf75c, 0xf75c, 0xf75c, 0xf75c, 0xf77c, 0xf77c, 0xf77c, 0xf77c, 0xf77c, 0xf77c, 
	0xf77c, 0xf77c, 0xf77c, 0xff7c, 0xff7c, 0xff7c, 0xff7c, 0xff7c, 0xff7c, 0xff7c, 0xff7c, 0xff7c, 0xff7c, 0xff7c, 0xff7c, 0xff7c, 
	0xff7c, 0xff7c, 0xff7c, 0xff7c, 0xff7c, 0xff7c, 0xff7c, 0xff7c, 0xff7c, 0xff7c, 0xff7c, 0xff7c, 0xff7c, 0xff7c, 0xff7c, 0xff7c, 
	0xff7c, 0xff7c, 0xff7c, 0xff7c, 0xff7c, 0xff7c, 0xff7c, 0xff7c, 0xff7c, 0xff7c, 0xff7c, 0xff7c, 0xff7c, 0xff7c, 0xff7c, 0xff7c, 
	0xff7c, 0xff7c, 0xff7c, 0xff7c, 0xff7c, 0xff7c, 0xff7c, 0xff7c, 0xff7c, 0xff7c, 0xff7c, 0xff7c, 0xff7c, 0xff7c, 0xff7c, 0xff7c, 
	0xff7c, 0xff7c, 0xff7c, 0xff7c, 0xff7c, 0xff7c, 0xff7c, 0xff7c, 0xff7c, 0xff7c, 0xff7c, 0xff7c, 0xff7c, 0xff7c, 0xff7c, 0xff7c, 
	0xff7c, 0xff7c, 0xf77c, 0xff7c, 0xf77c, 0xf77c, 0xf77c, 0xf77c, 0xf77c, 0xf77b, 0xf77b, 0xf77b, 0xf77b, 0xf77b, 0xf77b, 0xf77b, 
	0xf77b, 0xf75b, 0xf75b, 0xf75b, 0xf75b, 0xf75b, 0xf75b, 0xf75b, 0xf75b, 0xf75b, 0xf75b, 0xf75b, 0xf75b, 0xf75b, 0xef5b, 0xef3b, 
	0x955a, 0x9559, 0x955a, 0x9559, 0x9559, 0x9559, 0x955a, 0x9559, 0x9559, 0x9559, 0x955a, 0x9559, 0x9559, 0x9559, 0x9559, 0x9559, 
	0x9559, 0x9559, 0x9559, 0x9559, 0x9559, 0x9559, 0x9559, 0x9559, 0x9559, 0x9559, 0x9579, 0x9559, 0x9559, 0x9559, 0x9559, 0x9559, 
	0x9559, 0x9559, 0x9559, 0x9559, 0x9559, 0x9559, 0x9559, 0x9559, 0x9579, 0x9559, 0x9559, 0x9559, 0x9579, 0x9579, 0x9559, 0x9559, 
	0x9559, 0x9559, 0x9559, 0x9559, 0x9559, 0x9559, 0x9559, 0x9559, 0x9559, 0x9559, 0x9559, 0x9559, 0x9559, 0x9559, 0x9559, 0x9559, 
	0x9559, 0x9559, 0x9559, 0x9559, 0x9579, 0x9579, 0x9579, 0x9579, 0x9579, 0x9579, 0x9579, 0x9579, 0x9579, 0x9d79, 0x9d79, 0x9d79, 
	0x9d79, 0x9d79, 0x9d79, 0x9d79, 0x9d79, 0x9d79, 0x9d79, 0x9d79, 0x9d79, 0x9d79, 0x9d79, 0x9d79, 0x9d99, 0x9d99, 0x9d99, 0x9d99, 
	0x9d99, 0x9d99, 0x9d99, 0x9d99, 0xa599, 0xa599, 0xa599, 0xa5b9, 0xa5b9, 0xa5b9, 0xa5b9, 0xa5b9, 0xa5b9, 0xa5b9, 0xa5b9, 0xa5b9, 
	0xa5da, 0xa5da, 0xadda, 0xadda, 0xadda, 0xadda, 0xadda, 0xadda, 0xadfa, 0xadfa, 0xb5fa, 0xb5fa, 0xb5fa, 0xb5fa, 0xb61a, 0xb61a, 
	0xb61a, 0xbe1a, 0xbe1a, 0xbe3a, 0xbe3a, 0xbe3a, 0xbe3a, 0xbe3a, 0xbe3a, 0xc65a, 0xc65a, 0xc65a, 0xc65b, 0xc67a, 0xc67a, 0xc67b, 
	0xce7b, 0xce7b, 0xce9b, 0xce9b, 0xce9b, 0xce9b, 0xd69b, 0xd6bb, 0xd6bb, 0xd6bb, 0xd6bb, 0xd6bb, 0xd6bb, 0xd6db, 0xdedb, 0xdedb, 
	0xdedb, 0xdedb, 0xdedb, 0xdefb, 0xdefb, 0xdefb, 0xe6fb, 0xe6fb, 0xe6fb, 0xe71b, 0xe71b, 0xe71b, 0xe71b, 0xe71c, 0xe71b, 0xef1b, 
	0xef3b, 0xef3b, 0xef3b, 0xef3b, 0xef3b, 0xef3c, 0xef3c, 0xef5c, 0xef5c, 0xf75c, 0xf75c, 0xf75c, 0xf75c, 0xf75c, 0xf75c, 0xf75c, 
	0xf75c, 0xf75c, 0xf75c, 0xf75c, 0xf75c, 0xf75c, 0xf77c, 0xf77c, 0xf77c, 0xf77c, 0xf77c, 0xf77c, 0xf77c, 0xf77c, 0xf77c, 0xf77c, 
	0xf77c, 0xff7c, 0xff7c, 0xff7c, 0xff7c, 0xff7c, 0xff7c, 0xff7c, 0xff7c, 0xff7c, 0xff7c, 0xff7c, 0xff7c, 0xff7c, 0xff7c, 0xff7c, 
	0xff7c, 0xff7c, 0xff7c, 0xff7c, 0xff7c, 0xff7c, 0xff7c, 0xff7c, 0xff7c, 0xff7c, 0xff7c, 0xff7c, 0xff7c, 0xff7c, 0xff7c, 0xff7c, 
	0xff7c, 0xff7c, 0xff7c, 0xff7c, 0xff7c, 0xff7c, 0xff7c, 0xff7c, 0xff7c, 0xff7c, 0xff7c, 0xff7c, 0xff7c, 0xff7c, 0xff7c, 0xff7c, 
	0xff7c, 0xff7c, 0xff7c, 0xff7c, 0xff7c, 0xff7c, 0xff7c, 0xff7c, 0xff7c, 0xff7c, 0xff7c, 0xff7c, 0xff7c, 0xff7c, 0xff7c, 0xff7c, 
	0xff7c, 0xff7c, 0xff7c, 0xff7c, 0xff7c, 0xff7c, 0xff7c, 0xff7c, 0xff7c, 0xff7c, 0xff7c, 0xff7c, 0xff7c, 0xff7c, 0xff7c, 0xff7c, 
	0xff7c, 0xff7c, 0xff7c, 0xf77c, 0xf77c, 0xf77c, 0xf77c, 0xf77c, 0xf77c, 0xf77c, 0xf77b, 0xf77b, 0xf77b, 0xf77b, 0xf77b, 0xf77b, 
	0xf77b, 0xf75b, 0xf75b, 0xf75b, 0xf75b, 0xf75b, 0xf75b, 0xf75b, 0xf75b, 0xf75b, 0xf75b, 0xf75b, 0xf75b, 0xf75b, 0xf75b, 0xf75b, 
	0x9559, 0x9559, 0x955a, 0x9559, 0x9559, 0x955a, 0x955a, 0x9559, 0x9559, 0x955a, 0x955a, 0x9559, 0x9559, 0x9559, 0x9559, 0x9559, 
	0x9559, 0x9559, 0x9559, 0x9559, 0x9559, 0x9559, 0x9559, 0x9559, 0x9559, 0x9579, 0x9559, 0x9579, 0x9559, 0x9559, 0x9559, 0x9579, 
	0x9559, 0x9559, 0x9559, 0x9559, 0x9559, 0x9559, 0x9559, 0x9559, 0x9559, 0x9559, 0x9559, 0x9559, 0x9559, 0x9559, 0x9559, 0x9559, 
	0x9559, 0x9559, 0x9559, 0x9559, 0x9559, 0x9559, 0x9559, 0x9559, 0x9559, 0x9559, 0x9559, 0x9559, 0x9559, 0x9559, 0x9559, 0x9559, 
	0x9559, 0x9559, 0x9579, 0x9579, 0x9579, 0x9579, 0x9579, 0x9579, 0x9579, 0x9579, 0x9579, 0x9579, 0x9579, 0x9579, 0x9579, 0x9d79, 
	0x9d79, 0x9d79, 0x9d79, 0x9d79, 0x9d79, 0x9d79, 0x9d79, 0x9d79, 0x9d79, 0x9d79, 0x9d79, 0x9d79, 0x9d79, 0x9d79, 0x9d99, 0x9d99, 
	0x9d99, 0x9d99, 0x9d99, 0x9d99, 0x9d99, 0x9d99, 0xa599, 0xa599, 0xa599, 0xa5b9, 0xa5b9, 0xa5b9, 0xa5b9, 0xa5b9, 0xa5b9, 0xa5b9, 
	0xa5b9, 0xa5b9, 0xa5d9, 0xadda, 0xadda, 0xadda, 0xadda, 0xadda, 0xadfa, 0xadfa, 0xb5fa, 0xb5fa, 0xb5fa, 0xb5fa, 0xb61a, 0xb61a, 
	0xb61a, 0xb61a, 0xbe1a, 0xbe3a, 0xbe3a, 0xbe3a, 0xbe3a, 0xbe3a, 0xbe5a, 0xc65a, 0xc65a, 0xc65a, 0xc65a, 0xc67a, 0xc67b, 0xc67b, 
	0xce7b, 0xce7b, 0xce7b, 0xce9b, 0xce9b, 0xce9b, 0xce9b, 0xd69b, 0xd6bb, 0xd6bb, 0xd6bb, 0xd6bb, 0xd6bb, 0xd6db, 0xdedb, 0xdedb, 
	0xdedb, 0xdedb, 0xdedb, 0xdedb, 0xdefb, 0xdefb, 0xe6fb, 0xe6fb, 0xe6fb, 0xe6fb, 0xe71b, 0xe71b, 0xe71b, 0xe71b, 0xe71b, 0xef1b, 
	0xef1b, 0xef3b, 0xef3c, 0xef3c, 0xef3c, 0xef3c, 0xef3c, 0xef3c, 0xef3c, 0xef5c, 0xf75c, 0xf75c, 0xf75c, 0xf75c, 0xf75c, 0xf75c, 
	0xf75c, 0xf75c, 0xf75c, 0xf75c, 0xf75c, 0xf75c, 0xf75c, 0xf75c, 0xf75c, 0xf75c, 0xf77c, 0xf77c, 0xf77c, 0xf77c, 0xf77c, 0xf77c, 
	0xf77c, 0xf77c, 0xf77c, 0xff7c, 0xff7c, 0xff7c, 0xff7c, 0xff7c, 0xff7c, 0xff7c, 0xff7c, 0xff7c, 0xff7c, 0xff7c, 0xff7c, 0xff7c, 
	0xff7c, 0xff7c, 0xff7c, 0xff7c, 0xff7c, 0xff7c, 0xff7c, 0xff7c, 0xff7c, 0xff7c, 0xff7c, 0xff7c, 0xff7c, 0xff7c, 0xff7c, 0xff7c, 
	0xff7c, 0xff7c, 0xff7c, 0xff7c, 0xff7c, 0xff7c, 0xff7c, 0xff7c, 0xff7c, 0xff7c, 0xff7c, 0xff7c, 0xff7c, 0xff7c, 0xff7c, 0xff7c, 
	0xff7c, 0xff7c, 0xff7c, 0xff7c, 0xff7c, 0xff7c, 0xff7c, 0xff7c, 0xff7c, 0xff7c, 0xff7c, 0xff7c, 0xff7c, 0xff7c, 0xff7c, 0xff7c, 
	0xff7c, 0xff7c, 0xff7c, 0xff7c, 0xff7c, 0xff7c, 0xff7c, 0xff7c, 0xff7c, 0xff7c, 0xff7c, 0xff7c, 0xff7c, 0xff7c, 0xff7c, 0xff7c, 
	0xff7c, 0xff7c, 0xff7c, 0xff7c, 0xff7c, 0xf77c, 0xf77c, 0xf77c, 0xf77c, 0xf77c, 0xf77c, 0xf77b, 0xf77b, 0xf77b, 0xf77b, 0xf77b, 
	0xf77b, 0xf77b, 0xf77b, 0xf75b, 0xf75b, 0xf75b, 0xf75b, 0xf75b, 0xf75b, 0xf75b, 0xf75b, 0xf75b, 0xf75b, 0xf75b, 0xf75b, 0xf75b, 
	0x9559, 0x9559, 0x955a, 0x9559, 0x9559, 0x955a, 0x9559, 0x9559, 0x9559, 0x955a, 0x9559, 0x9559, 0x9559, 0x9559, 0x9559, 0x9559, 
	0x9559, 0x9559, 0x9559, 0x9559, 0x9559, 0x9559, 0x9559, 0x9559, 0x9559, 0x9559, 0x9559, 0x9559, 0x9559, 0x9559, 0x9579, 0x9559, 
	0x9559, 0x9559, 0x9559, 0x9559, 0x9559, 0x9559, 0x9559, 0x9559, 0x9559, 0x9559, 0x9559, 0x9559, 0x9559, 0x9559, 0x9559, 0x9559, 
	0x9559, 0x9559, 0x9559, 0x9559, 0x9559, 0x9559, 0x9559, 0x9559, 0x9559, 0x9559, 0x9559, 0x9559, 0x9559, 0x9559, 0x9559, 0x9579, 
	0x9579, 0x9579, 0x9579, 0x9579, 0x9579, 0x9579, 0x9579, 0x9579, 0x9579, 0x9579, 0x9579, 0x9579, 0x9579, 0x9d79, 0x9d79, 0x9d79, 
	0x9d79, 0x9d79, 0x9d79, 0x9d79, 0x9d79, 0x9d79, 0x9d79, 0x9d79, 0x9d79, 0x9d79, 0x9d79, 0x9d79, 0x9d79, 0x9d99, 0x9d99, 0x9d99, 
	0x9d99, 0x9d99, 0x9d99, 0x9d99, 0x9d99, 0xa599, 0xa599, 0xa599, 0xa5b9, 0xa5b9, 0xa5b9, 0xa5b9, 0xa5b9, 0xa5b9, 0xa5b9, 0xa5b9, 
	0xa5b9, 0xa5da, 0xadda, 0xadda, 0xadda, 0xadda, 0xadda, 0xadda, 0xadfa, 0xb5fa, 0xb5fa, 0xb5fa, 0xb5fa, 0xb5fa, 0xb61a, 0xb61a, 
	0xb61a, 0xbe1a, 0xbe3a, 0xbe3a, 0xbe3a, 0xbe3a, 0xbe3a, 0xbe5a, 0xbe5a, 0xc65a, 0xc65a, 0xc65a, 0xc67a, 0xc67b, 0xc67b, 0xce7b, 
	0xce7b, 0xce7b, 0xce9b, 0xce9b, 0xce9b, 0xce9b, 0xd69b, 0xd6bb, 0xd6bb, 0xd6bb, 0xd6bb, 0xd6bb, 0xd6bb, 0xdedb, 0xdedb, 0xdedb, 
	0xdedb, 0xdedb, 0xdedb, 0xdefb, 0xdefb, 0xe6fb, 0xe6fb, 0xe6fb, 0xe6fb, 0xe71b, 0xe71b, 0xe71b, 0xe71b, 0xe71b, 0xef1b, 0xef1c, 
	0xef3c, 0xef3c, 0xef3c, 0xef3c, 0xef3c, 0xef3c, 0xef3c, 0xef3c, 0xef5c, 0xf75c, 0xf75c, 0xf75c, 0xf75c, 0xf75c, 0xf75c, 0xf75c, 
	0xf75c, 0xf75c, 0xf75c, 0xf75c, 0xf75c, 0xf75c, 0xf75c, 0xf77c, 0xf77c, 0xf77c, 0xf77c, 0xf77c, 0xf77c, 0xf77c, 0xf77c, 0xf77c, 
	0xf77c, 0xf77c, 0xff7c, 0xff7c, 0xff7c, 0xff7c, 0xff7c, 0xff7c, 0xff7c, 0xff7c, 0xff7c, 0xff7c, 0xff7c, 0xff7c, 0xff7c, 0xff7c, 
	0xff7c, 0xff7c, 0xff7c, 0xff7c, 0xff7c, 0xff7c, 0xff7c, 0xff7c, 0xff7c, 0xff7c, 0xff7c, 0xff7c, 0xff7c, 0xff7c, 0xff7c, 0xff7c, 
	0xff7c, 0xff7c, 0xff7c, 0xff7c, 0xff7c, 0xff7c, 0xff7c, 0xff7c, 0xff7c, 0xff7c, 0xff7c, 0xff7c, 0xff7c, 0xff7c, 0xff7c, 0xff7c, 
	0xff7c, 0xff7c, 0xff7c, 0xff7c, 0xff7c, 0xff7c, 0xff7c, 0xff7c, 0xff7c, 0xff7c, 0xff7c, 0xff7c, 0xff7c, 0xff7c, 0xff7c, 0xff7c, 
	0xff7c, 0xff7c, 0xff7c, 0xff7c, 0xff7c, 0xff7c, 0xff7c, 0xff7c, 0xff7c, 0xff7c, 0xff7c, 0xff7c, 0xff7c, 0xff7c, 0xff7c, 0xff7c, 
	0xff7c, 0xff7c, 0xff7c, 0xff7c, 0xff7c, 0xff7c, 0xf77c, 0xf77c, 0xf77c, 0xf77c, 0xf77c, 0xf77b, 0xf77b, 0xf77c, 0xf77b, 0xf77b, 
	0xf77b, 0xf77b, 0xf75b, 0xf75b, 0xf75b, 0xf75b, 0xf77b, 0xf75b, 0xf75b, 0xf75b, 0xf75b, 0xf75b, 0xf75b, 0xf75b, 0xf75b, 0xf75b, 
	0x9559, 0x9559, 0x9559, 0x9559, 0x9559, 0x9559, 0x9559, 0x9559, 0x9559, 0x9559, 0x9559, 0x9559, 0x9559, 0x9559, 0x9559, 0x9559, 
	0x9559, 0x9559, 0x9559, 0x9559, 0x9559, 0x9559, 0x9559, 0x9559, 0x9559, 0x9559, 0x9559, 0x9559, 0x9559, 0x9579, 0x9559, 0x9559, 
	0x9559, 0x9559, 0x9559, 0x9559, 0x9559, 0x9559, 0x9559, 0x9559, 0x9559, 0x9559, 0x9559, 0x9559, 0x9559, 0x9559, 0x9559, 0x9559, 
	0x9559, 0x9559, 0x9559, 0x9559, 0x9559, 0x9559, 0x9559, 0x9559, 0x9559, 0x9559, 0x9559, 0x9559, 0x9559, 0x9559, 0x9579, 0x9579, 
	0x9579, 0x9579, 0x9579, 0x9579, 0x9579, 0x9579, 0x9579, 0x9579, 0x9579, 0x9579, 0x9579, 0x9579, 0x9d79, 0x9d79, 0x9d79, 0x9d79, 
	0x9d79, 0x9d79, 0x9d79, 0x9d79, 0x9d79, 0x9d79, 0x9d79, 0x9d79, 0x9d79, 0x9d79, 0x9d79, 0x9d79, 0x9d99, 0x9d99, 0x9d99, 0x9d99, 
	0x9d99, 0x9d99, 0x9d99, 0x9d99, 0xa599, 0xa599, 0xa599, 0xa5b9, 0xa5b9, 0xa5b9, 0xa5b9, 0xa5b9, 0xa5b9, 0xa5b9, 0xa5b9, 0xa5b9, 
	0xa5d9, 0xadda, 0xadda, 0xadda, 0xadda, 0xadda, 0xadda, 0xadfa, 0xadfa, 0xb5fa, 0xb5fa, 0xb5fa, 0xb5fa, 0xb61a, 0xb61a, 0xb61a, 
	0xb61a, 0xbe1a, 0xbe3a, 0xbe3a, 0xbe3a, 0xbe3a, 0xbe3a, 0xbe5a, 0xc65a, 0xc65a, 0xc65a, 0xc65a, 0xc67b, 0xc67b, 0xc67b, 0xce7b, 
	0xce7b, 0xce9b, 0xce9b, 0xce9b, 0xce9b, 0xce9b, 0xd69b, 0xd6bb, 0xd6bb, 0xd6bb, 0xd6bb, 0xd6bb, 0xd6db, 0xdedb, 0xdedb, 0xdedb, 
	0xdedb, 0xdedb, 0xdefb, 0xdefb, 0xdefb, 0xe6fb, 0xe6fb, 0xe6fb, 0xe6fb, 0xe71b, 0xe71b, 0xe71b, 0xe71b, 0xef1c, 0xef3c, 0xef3c, 
	0xef3c, 0xef3c, 0xef3c, 0xef3c, 0xef3c, 0xef3c, 0xef3c, 0xef5c, 0xef5c, 0xf75c, 0xf75c, 0xf75c, 0xf75c, 0xf75c, 0xf75c, 0xf75c, 
	0xf75c, 0xf75c, 0xf75c, 0xf75c, 0xf75c, 0xf77c, 0xf77c, 0xf77c, 0xf77c, 0xf77c, 0xf77c, 0xf77c, 0xf77c, 0xf77c, 0xf77c, 0xf77c, 
	0xf77c, 0xff7c, 0xff7c, 0xff7c, 0xff7c, 0xff7c, 0xff7c, 0xff7c, 0xff7c, 0xff7c, 0xff7c, 0xff7c, 0xff7c, 0xff7c, 0xff7c, 0xff7c, 
	0xff7c, 0xff7c, 0xff7c, 0xff7c, 0xff7c, 0xff7c, 0xff7c, 0xff7c, 0xff7c, 0xff7c, 0xff7c, 0xff7c, 0xff7c, 0xff7c, 0xff7c, 0xff7c, 
	0xff7c, 0xff7c, 0xff7c, 0xff7c, 0xff7c, 0xff7c, 0xff7c, 0xff7c, 0xff7c, 0xff7c, 0xff7c, 0xff7c, 0xff7c, 0xff7c, 0xff7c, 0xff7c, 
	0xff7c, 0xff7c, 0xff7c, 0xff7c, 0xff7c, 0xff7c, 0xff7c, 0xff7c, 0xff7c, 0xff7c, 0xff7c, 0xff7c, 0xff7c, 0xff7c, 0xff7c, 0xff7c, 
	0xff7c, 0xff7c, 0xff7c, 0xff7c, 0xff7c, 0xff7c, 0xff7c, 0xff7c, 0xff7c, 0xff7c, 0xff7c, 0xff7c, 0xff7c, 0xff7c, 0xff7c, 0xff7c, 
	0xff7c, 0xff7c, 0xff7c, 0xff7c, 0xff7c, 0xf77c, 0xf77c, 0xf77c, 0xf77c, 0xf77c, 0xf77c, 0xf77b, 0xf77b, 0xf77b, 0xf77b, 0xf77b, 
	0xf77b, 0xf77b, 0xf75b, 0xf75b, 0xf75b, 0xf75b, 0xf75b, 0xf75b, 0xf75b, 0xf75b, 0xf75b, 0xf75b, 0xf75b, 0xf75b, 0xf75b, 0xf75b, 
	0x955a, 0x9559, 0x9559, 0x9559, 0x9559, 0x9559, 0x955a, 0x9559, 0x9559, 0x9559, 0x9559, 0x9559, 0x9559, 0x9559, 0x9559, 0x9559, 
	0x9559, 0x9559, 0x9559, 0x9559, 0x9559, 0x9559, 0x9559, 0x9559, 0x9579, 0x9559, 0x9559, 0x9559, 0x9559, 0x9559, 0x9559, 0x9559, 
	0x9559, 0x9559, 0x9559, 0x9559, 0x9559, 0x9559, 0x9559, 0x9559, 0x9559, 0x9559, 0x9559, 0x9559, 0x9559, 0x9559, 0x9559, 0x9559, 
	0x9559, 0x9559, 0x9559, 0x9559, 0x9559, 0x9559, 0x9559, 0x9559, 0x9559, 0x9559, 0x9559, 0x9559, 0x9559, 0x9559, 0x9559, 0x9559, 
	0x9559, 0x9559, 0x9559, 0x9559, 0x9559, 0x9559, 0x9559, 0x9559, 0x9579, 0x9579, 0x9579, 0x9579, 0x9579, 0x9579, 0x9d79, 0x9d79, 
	0x9d79, 0x9d79, 0x9d79, 0x9d79, 0x9d79, 0x9d79, 0x9d79, 0x9d79, 0x9d79, 0x9d79, 0x9d79, 0x9d79, 0x9d79, 0x9d79, 0x9d99, 0x9d99, 
	0x9d99, 0x9d99, 0x9d99, 0xa599, 0xa599, 0xa599, 0xa599, 0xa599, 0xa599, 0xa5b9, 0xa5b9, 0xa5b9, 0xa5b9, 0xa5b9, 0xa5b9, 0xa5b9, 
	0xadb9, 0xadd9, 0xadd9, 0xadd9, 0xadda, 0xadda, 0xadda, 0xadda, 0xadfa, 0xb5fa, 0xb5fa, 0xb5fa, 0xb5fa, 0xb61a, 0xb61a, 0xb61a, 
	0xb61a, 0xbe1a, 0xbe3a, 0xbe3a, 0xbe3a, 0xbe3a, 0xbe3a, 0xbe5a, 0xbe5a, 0xc65a, 0xc65a, 0xc65a, 0xc65a, 0xc67a, 0xc67b, 0xce7b, 
	0xce7b, 0xce7b, 0xce9b, 0xce9b, 0xce9b, 0xce9b, 0xd69b, 0xd6bb, 0xd6bb, 0xd6bb, 0xd6bb, 0xd6bb, 0xd6bb, 0xdedb, 0xdedb, 0xdedb, 
	0xdedb, 0xdedb, 0xdedb, 0xdefb, 0xdefb, 0xe6fb, 0xe6fb, 0xe6fb, 0xe6fb, 0xe71b, 0xe71b, 0xe71b, 0xe71b, 0xe71b, 0xef1b, 0xef3b, 
	0xef3b, 0xef3c, 0xef3c, 0xef3c, 0xef3c, 0xef3c, 0xef3c, 0xef3c, 0xef3c, 0xef5c, 0xf75c, 0xf75c, 0xf75c, 0xf75c, 0xf75c, 0xf75c, 
	0xf75c, 0xf75c, 0xf75c, 0xf75c, 0xf75c, 0xf75c, 0xf75c, 0xf75c, 0xf75c, 0xf75c, 0xf77c, 0xf77c, 0xf77c, 0xf77c, 0xf77c, 0xf77c, 
	0xf77c, 0xf77c, 0xf77c, 0xf77c, 0xff7c, 0xff7c, 0xff7c, 0xff7c, 0xff7c, 0xff7c, 0xff7c, 0xff7c, 0xff7c, 0xff7c, 0xff7c, 0xff7c, 
	0xff7c, 0xff7c, 0xff7c, 0xff7c, 0xff7c, 0xff7c, 0xff7c, 0xff7c, 0xff7c, 0xff7c, 0xff7c, 0xff7c, 0xff7c, 0xff7c, 0xff7c, 0xff7c, 
	0xff7c, 0xff7c, 0xff7c, 0xff7c, 0xff7c, 0xff7c, 0xff7c, 0xff7c, 0xff7c, 0xff7c, 0xff7c, 0xff7c, 0xff7c, 0xff7c, 0xff7c, 0xff7c, 
	0xff7c, 0xff7c, 0xff7c, 0xff7c, 0xff7c, 0xff7c, 0xff7c, 0xff7c, 0xff7c, 0xff7c, 0xff7c, 0xff7c, 0xff7c, 0xff7c, 0xff7c, 0xff7c, 
	0xff7c, 0xff7c, 0xff7c, 0xff7c, 0xff7c, 0xff7c, 0xff7c, 0xff7c, 0xff7c, 0xff7c, 0xff7c, 0xff7c, 0xff7c, 0xff7c, 0xff7c, 0xff7c, 
	0xff7c, 0xff7c, 0xff7c, 0xff7c, 0xff7c, 0xff7c, 0xff7c, 0xf77c, 0xf77c, 0xf77c, 0xf77c, 0xf77b, 0xf77b, 0xf77b, 0xf77b, 0xf77b, 
	0xf77b, 0xf77b, 0xf77b, 0xf77b, 0xf75b, 0xf77b, 0xf75b, 0xf77b, 0xf75b, 0xf77b, 0xf75b, 0xf75b, 0xf75b, 0xf75b, 0xf75b, 0xf75b, 
	0x9559, 0x9559, 0x955a, 0x9559, 0x9559, 0x955a, 0x9559, 0x9559, 0x955a, 0x9559, 0x9559, 0x9559, 0x9559, 0x9559, 0x9559, 0x9559, 
	0x9559, 0x9559, 0x9559, 0x9559, 0x9559, 0x9559, 0x9559, 0x9559, 0x9559, 0x9559, 0x9559, 0x9559, 0x9579, 0x9559, 0x9559, 0x9559, 
	0x9559, 0x9559, 0x9559, 0x9559, 0x9559, 0x9559, 0x9559, 0x9559, 0x9559, 0x9559, 0x9559, 0x9559, 0x9559, 0x9559, 0x9559, 0x9559, 
	0x9559, 0x9559, 0x9559, 0x9559, 0x9559, 0x9559, 0x9559, 0x9559, 0x9559, 0x9559, 0x9559, 0x9559, 0x9559, 0x9559, 0x9559, 0x9559, 
	0x9559, 0x9559, 0x9559, 0x9579, 0x9579, 0x9579, 0x9579, 0x9579, 0x9579, 0x9579, 0x9579, 0x9579, 0x9d79, 0x9d79, 0x9d79, 0x9d79, 
	0x9d79, 0x9d79, 0x9d79, 0x9d79, 0x9d79, 0x9d79, 0x9d79, 0x9d79, 0x9d79, 0x9d79, 0x9d79, 0x9d79, 0x9d79, 0x9d99, 0x9d99, 0x9d99, 
	0x9d99, 0x9d99, 0xa599, 0xa599, 0xa599, 0xa599, 0xa599, 0xa599, 0xa5b9, 0xa5b9, 0xa5b9, 0xa5b9, 0xa5b9, 0xa5b9, 0xa5b9, 0xa5b9, 
	0xadb9, 0xadd9, 0xadd9, 0xadda, 0xadda, 0xadda, 0xadda, 0xadfa, 0xadfa, 0xb5fa, 0xb5fa, 0xb5fa, 0xb61a, 0xb61a, 0xb61a, 0xb61a, 
	0xb61a, 0xbe1a, 0xbe3a, 0xbe3a, 0xbe3a, 0xbe3a, 0xbe3a, 0xbe5a, 0xc65a, 0xc65a, 0xc65a, 0xc65a, 0xc67a, 0xc67b, 0xc67b, 0xce7b, 
	0xce7b, 0xce7b, 0xce9b, 0xce9b, 0xce9b, 0xd69b, 0xd69b, 0xd6bb, 0xd6bb, 0xd6bb, 0xd6bb, 0xd6bb, 0xd6db, 0xdedb, 0xdedb, 0xdedb, 
	0xdedb, 0xdedb, 0xdedb, 0xdefb, 0xe6fb, 0xe6fb, 0xe6fb, 0xe6fb, 0xe6fb, 0xe71b, 0xe71b, 0xe71b, 0xe71b, 0xef1b, 0xef3b, 0xef3c, 
	0xef3c, 0xef3c, 0xef3c, 0xef3c, 0xef3c, 0xef3c, 0xef3c, 0xef3c, 0xef5c, 0xf75c, 0xf75c, 0xf75c, 0xf75c, 0xf75c, 0xf75c, 0xf75c, 
	0xf75c, 0xf75c, 0xf75c, 0xf75c, 0xf75c, 0xf75c, 0xf75c, 0xf77c, 0xf77c, 0xf77c, 0xf77c, 0xf77c, 0xf77c, 0xf77c, 0xf77c, 0xf77c, 
	0xf77c, 0xf77c, 0xf77c, 0xff7c, 0xff7c, 0xff7c, 0xff7c, 0xff7c, 0xff7c, 0xff7c, 0xff7c, 0xff7c, 0xff7c, 0xff7c, 0xff7c, 0xff7c, 
	0xff7c, 0xff7c, 0xff7c, 0xff7c, 0xff7c, 0xff7c, 0xff7c, 0xff7c, 0xff7c, 0xff7c, 0xff7c, 0xff7c, 0xff7c, 0xff7c, 0xff7c, 0xff7c, 
	0xff7c, 0xff7c, 0xff7c, 0xff7c, 0xff7c, 0xff7c, 0xff7c, 0xff7c, 0xff7c, 0xff7c, 0xff7c, 0xff7c, 0xff7c, 0xff7c, 0xff7c, 0xff7c, 
	0xff7c, 0xff7c, 0xff7c, 0xff7c, 0xff7c, 0xff7c, 0xff7c, 0xff7c, 0xff7c, 0xff7c, 0xff7c, 0xff7c, 0xff7c, 0xff7c, 0xff7c, 0xff7c, 
	0xff7c, 0xff7c, 0xff7c, 0xff7c, 0xff7c, 0xff7c, 0xff7c, 0xff7c, 0xff7c, 0xff7c, 0xff7c, 0xff7c, 0xff7c, 0xff7c, 0xff7c, 0xff7c, 
	0xff7c, 0xff7c, 0xff7c, 0xff7c, 0xff7c, 0xff7c, 0xf77c, 0xf77c, 0xf77c, 0xf77c, 0xf77c, 0xf77b, 0xf77b, 0xf77b, 0xf77b, 0xf77b, 
	0xf77b, 0xf77b, 0xf77b, 0xf77b, 0xf77b, 0xf75b, 0xf77b, 0xf77b, 0xf77b, 0xf75b, 0xf75b, 0xf75b, 0xf75b, 0xf75b, 0xf75b, 0xf75b, 
	0x9559, 0x955a, 0x955a, 0x9559, 0x955a, 0x955a, 0x9559, 0x9559, 0x9559, 0x955a, 0x9559, 0x9559, 0x9559, 0x9559, 0x9559, 0x9559, 
	0x9559, 0x9559, 0x9559, 0x9559, 0x9559, 0x9559, 0x9559, 0x9559, 0x9559, 0x9559, 0x9559, 0x9559, 0x9559, 0x9559, 0x9559, 0x9559, 
	0x9559, 0x9559, 0x9559, 0x9559, 0x9559, 0x9559, 0x9559, 0x9559, 0x9559, 0x9559, 0x9559, 0x9559, 0x9559, 0x9559, 0x9559, 0x9559, 
	0x9559, 0x9559, 0x9559, 0x9559, 0x9559, 0x9559, 0x9559, 0x9559, 0x9559, 0x9559, 0x9559, 0x9559, 0x9559, 0x9559, 0x9559, 0x9559, 
	0x9559, 0x9559, 0x9559, 0x9559, 0x9559, 0x9559, 0x9559, 0x9559, 0x9559, 0x9559, 0x9d59, 0x9d59, 0x9d59, 0x9d59, 0x9d79, 0x9d79, 
	0x9d79, 0x9d79, 0x9d79, 0x9d79, 0x9d79, 0x9d79, 0x9d79, 0x9d79, 0x9d79, 0x9d79, 0x9d79, 0x9d79, 0x9d79, 0x9d79, 0x9d79, 0x9d99, 
	0x9d99, 0x9d99, 0x9d99, 0xa599, 0xa599, 0xa599, 0xa599, 0xa5b9, 0xa5b9, 0xa5b9, 0xa5b9, 0xa5b9, 0xa5b9, 0xa5b9, 0xa5b9, 0xa5b9, 
	0xadd9, 0xadd9, 0xadd9, 0xadd9, 0xadd9, 0xadda, 0xadda, 0xadfa, 0xadfa, 0xb5fa, 0xb5fa, 0xb5fa, 0xb5fa, 0xb61a, 0xb61a, 0xb61a, 
	0xb61a, 0xbe1a, 0xbe3a, 0xbe3a, 0xbe3a, 0xbe3a, 0xbe3a, 0xbe5a, 0xc65a, 0xc65a, 0xc65a, 0xc65a, 0xc65a, 0xc67a, 0xc67a, 0xce7b, 
	0xce7b, 0xce7b, 0xce9b, 0xce9b, 0xce9b, 0xce9b, 0xd69b, 0xd6bb, 0xd6bb, 0xd6bb, 0xd6bb, 0xd6bb, 0xd6bb, 0xdedb, 0xdedb, 0xdedb, 
	0xdedb, 0xdedb, 0xdedb, 0xdefb, 0xe6fb, 0xe6fb, 0xe6fb, 0xe6fb, 0xe71b, 0xe71b, 0xe71b, 0xe71b, 0xe71b, 0xe71b, 0xef1b, 0xef3b, 
	0xef3b, 0xef3b, 0xef3b, 0xef3b, 0xef3c, 0xef3c, 0xef3c, 0xef3c, 0xef3c, 0xef5c, 0xf75c, 0xf75c, 0xf75c, 0xf75c, 0xf75c, 0xf75c, 
	0xf75c, 0xf75c, 0xf75c, 0xf75c, 0xf75c, 0xf75c, 0xf75c, 0xf75c, 0xf75c, 0xf75c, 0xf75c, 0xf75c, 0xf77c, 0xf77c, 0xf77c, 0xf77c, 
	0xf77c, 0xf77c, 0xf77c, 0xf77c, 0xf77c, 0xf77c, 0xf77c, 0xff7c, 0xff7c, 0xff7c, 0xff7c, 0xff7c, 0xff7c, 0xff7c, 0xff7c, 0xff7c, 
	0xff7c, 0xff7c, 0xff7c, 0xff7c, 0xff7c, 0xff7c, 0xff7c, 0xff7c, 0xff7c, 0xff7c, 0xff7c, 0xff7c, 0xff7c, 0xff7c, 0xff7c, 0xff7c, 
	0xff7c, 0xff7c, 0xff7c, 0xff7c, 0xff7c, 0xff7c, 0xff7c, 0xff7c, 0xff7c, 0xff7c, 0xff7c, 0xff7c, 0xff7c, 0xff7c, 0xff7c, 0xff7c, 
	0xff7c, 0xff7c, 0xff7c, 0xff7c, 0xff7c, 0xff7c, 0xff7c, 0xff7c, 0xff7c, 0xff7c, 0xff7c, 0xff7c, 0xff7c, 0xff7c, 0xff7c, 0xff7c, 
	0xff7c, 0xff7c, 0xff7c, 0xff7c, 0xff7c, 0xff7c, 0xff7c, 0xff7c, 0xff7c, 0xff7c, 0xff7c, 0xff7c, 0xff7c, 0xff7c, 0xff7c, 0xff7c, 
	0xff7c, 0xff7c, 0xff7c, 0xff7c, 0xff7c, 0xff7c, 0xf77c, 0xff7c, 0xf77c, 0xf77c, 0xf77c, 0xf77c, 0xf77b, 0xf77c, 0xf77c, 0xf77b, 
	0xf77b, 0xf77b, 0xf77b, 0xf77b, 0xf77b, 0xf77b, 0xf77b, 0xf77b, 0xf77b, 0xf77b, 0xf75b, 0xf75b, 0xf75b, 0xf75b, 0xf75b, 0xf75b, 
	0x9559, 0x955a, 0x9559, 0x9559, 0x955a, 0x9559, 0x9559, 0x9559, 0x955a, 0x9559, 0x9559, 0x9559, 0x9559, 0x9559, 0x9559, 0x9559, 
	0x9559, 0x9559, 0x9559, 0x9559, 0x9559, 0x9559, 0x9559, 0x9559, 0x9559, 0x9559, 0x9559, 0x9579, 0x9559, 0x9559, 0x9559, 0x9559, 
	0x9559, 0x9559, 0x9559, 0x9559, 0x9559, 0x9559, 0x9559, 0x9559, 0x9559, 0x9559, 0x9559, 0x9559, 0x9559, 0x9559, 0x9559, 0x9559, 
	0x9559, 0x9559, 0x9559, 0x9559, 0x9559, 0x9559, 0x9559, 0x9559, 0x9559, 0x9559, 0x9559, 0x9559, 0x9559, 0x9559, 0x9559, 0x9559, 
	0x9559, 0x9559, 0x9559, 0x9559, 0x9559, 0x9559, 0x9559, 0x9559, 0x9d59, 0x9d59, 0x9d59, 0x9d59, 0x9d59, 0x9d79, 0x9d79, 0x9d79, 
	0x9d79, 0x9d79, 0x9d79, 0x9d79, 0x9d79, 0x9d79, 0x9d79, 0x9d79, 0x9d79, 0x9d79, 0x9d79, 0x9d79, 0x9d79, 0x9d79, 0x9d99, 0x9d99, 
	0x9d99, 0x9d99, 0x9d99, 0xa599, 0xa599, 0xa599, 0xa599, 0xa5b9, 0xa5b9, 0xa5b9, 0xa5b9, 0xa5b9, 0xa5b9, 0xa5b9, 0xa5b9, 0xa5d9, 
	0xadd9, 0xadda, 0xadd9, 0xadd9, 0xadd9, 0xadda, 0xadda, 0xadfa, 0xadfa, 0xb5fa, 0xb5fa, 0xb5fa, 0xb61a, 0xb61a, 0xb61a, 0xb61a, 
	0xbe1a, 0xbe1a, 0xbe3a, 0xbe3a, 0xbe3a, 0xbe3a, 0xbe3a, 0xbe5a, 0xc65a, 0xc65a, 0xc65a, 0xc65a, 0xc67a, 0xc67a, 0xc67b, 0xce7b, 
	0xce7b, 0xce7b, 0xce9b, 0xce9b, 0xce9b, 0xd69b, 0xd69b, 0xd6bb, 0xd6bb, 0xd6bb, 0xd6bb, 0xd6bb, 0xd6db, 0xdedb, 0xdedb, 0xdedb, 
	0xdedb, 0xdedb, 0xdedb, 0xe6fb, 0xe6fb, 0xe6fb, 0xe6fb, 0xe6fb, 0xe71b, 0xe71b, 0xe71b, 0xe71b, 0xe71b, 0xef1b, 0xef1b, 0xef3b, 
	0xef3b, 0xef3b, 0xef3c, 0xef3c, 0xef3c, 0xef3c, 0xef3c, 0xef3c, 0xef5c, 0xef5c, 0xf75c, 0xf75c, 0xf75c, 0xf75c, 0xf75c, 0xf75c, 
	0xf75c, 0xf75c, 0xf75c, 0xf75c, 0xf75c, 0xf75c, 0xf75c, 0xf75c, 0xf75c, 0xf75c, 0xf77c, 0xf77c, 0xf77c, 0xf77c, 0xf77c, 0xf77c, 
	0xf77c, 0xf77c, 0xf77c, 0xf77c, 0xf77c, 0xf77c, 0xff7c, 0xff7c, 0xff7c, 0xff7c, 0xff7c, 0xff7c, 0xff7c, 0xff7c, 0xff7c, 0xff7c, 
	0xff7c, 0xff7c, 0xff7c, 0xff7c, 0xff7c, 0xff7c, 0xff7c, 0xff7c, 0xff7c, 0xff7c, 0xff7c, 0xff7c, 0xff7c, 0xff7c, 0xff7c, 0xff7c, 
	0xff7c, 0xff7c, 0xff7c, 0xff7c, 0xff7c, 0xff7c, 0xff7c, 0xff7c, 0xff7c, 0xff7c, 0xff7c, 0xff7c, 0xff7c, 0xff7c, 0xff7c, 0xff7c, 
	0xff7c, 0xff7c, 0xff7c, 0xff7c, 0xff7c, 0xff7c, 0xff7c, 0xff7c, 0xff7c, 0xff7c, 0xff7c, 0xff7c, 0xff7c, 0xff7c, 0xff7c, 0xff7c, 
	0xff7c, 0xff7c, 0xff7c, 0xff7c, 0xff7c, 0xff7c, 0xff7c, 0xff7c, 0xff7c, 0xff7c, 0xff7c, 0xff7c, 0xff7c, 0xff7c, 0xff7c, 0xff7c, 
	0xff7c, 0xff7c, 0xff7c, 0xff7c, 0xff7c, 0xff7c, 0xff7c, 0xff7c, 0xf77c, 0xf77c, 0xf77c, 0xf77c, 0xf77b, 0xf77b, 0xf77b, 0xf77b, 
	0xf77b, 0xf77b, 0xf77b, 0xf77b, 0xf77b, 0xf77b, 0xf77b, 0xf77b, 0xf77b, 0xf77b, 0xf75b, 0xf75b, 0xf75b, 0xf75b, 0xf75b, 0xf75b, 
	0x9559, 0x955a, 0x9559, 0x9559, 0x955a, 0x9559, 0x955a, 0x9559, 0x955a, 0x9559, 0x9559, 0x9559, 0x9559, 0x9559, 0x9559, 0x9559, 
	0x9559, 0x9559, 0x9559, 0x9559, 0x9559, 0x9559, 0x9559, 0x9559, 0x9559, 0x9559, 0x9559, 0x9559, 0x9559, 0x9559, 0x9559, 0x9559, 
	0x9559, 0x9559, 0x9559, 0x9559, 0x9559, 0x9559, 0x9559, 0x9559, 0x9559, 0x9559, 0x9559, 0x9559, 0x9559, 0x9559, 0x9559, 0x9559, 
	0x9559, 0x9559, 0x9559, 0x9559, 0x9559, 0x9559, 0x9559, 0x9559, 0x9559, 0x9559, 0x9559, 0x9559, 0x9559, 0x9559, 0x9559, 0x9559, 
	0x9559, 0x9559, 0x9559, 0x9559, 0x9559, 0x9559, 0x9d59, 0x9d59, 0x9d59, 0x9d59, 0x9d79, 0x9d79, 0x9d79, 0x9d79, 0x9d79, 0x9d79, 
	0x9d79, 0x9d79, 0x9d79, 0x9d79, 0x9d79, 0x9d79, 0x9d79, 0x9d79, 0x9d79, 0x9d79, 0x9d79, 0x9d79, 0x9d79, 0x9d99, 0x9d99, 0x9d99, 
	0x9d99, 0xa599, 0xa599, 0xa599, 0xa599, 0xa599, 0xa5b9, 0xa5b9, 0xa5b9, 0xa5b9, 0xa5b9, 0xa5b9, 0xa5b9, 0xa5b9, 0xa5b9, 0xadd9, 
	0xadda, 0xadda, 0xadda, 0xadd9, 0xadda, 0xadda, 0xadfa, 0xadfa, 0xb5fa, 0xb5fa, 0xb5fa, 0xb5fa, 0xb61a, 0xb61a, 0xb61a, 0xb61a, 
	0xbe1a, 0xbe3a, 0xbe3a, 0xbe3a, 0xbe3a, 0xbe3a, 0xbe5a, 0xc65a, 0xc65a, 0xc65a, 0xc65a, 0xc65a, 0xc67a, 0xc67b, 0xce7b, 0xce7b, 
	0xce7b, 0xce9b, 0xce9b, 0xce9b, 0xce9b, 0xd69b, 0xd6bb, 0xd6bb, 0xd6bb, 0xd6bb, 0xd6bb, 0xd6bb, 0xdedb, 0xdedb, 0xdedb, 0xdedb, 
	0xdedb, 0xdedb, 0xdefb, 0xe6fb, 0xe6fb, 0xe6fb, 0xe6fb, 0xe71b, 0xe71b, 0xe71b, 0xe71b, 0xe71b, 0xef1b, 0xef1b, 0xef3b, 0xef3c, 
	0xef3c, 0xef3c, 0xef3c, 0xef3c, 0xef3c, 0xef3c, 0xef3c, 0xef3c, 0xef5c, 0xf75c, 0xf75c, 0xf75c, 0xf75c, 0xf75c, 0xf75c, 0xf75c, 
	0xf75c, 0xf75c, 0xf75c, 0xf75c, 0xf75c, 0xf75c, 0xf75c, 0xf77c, 0xf77c, 0xf77c, 0xf77c, 0xf77c, 0xf77c, 0xf77c, 0xf77c, 0xf77c, 
	0xf77c, 0xf77c, 0xf77c, 0xf77c, 0xff7c, 0xff7c, 0xff7c, 0xff7c, 0xff7c, 0xff7c, 0xff7c, 0xff7c, 0xff7c, 0xff7c, 0xff7c, 0xff7c, 
	0xff7c, 0xff7c, 0xff7c, 0xff7c, 0xff7c, 0xff7c, 0xff7c, 0xff7c, 0xff7c, 0xff7c, 0xff7c, 0xff7c, 0xff7c, 0xff7c, 0xff7c, 0xff7c, 
	0xff7c, 0xff7c, 0xff7c, 0xff7c, 0xff7c, 0xff7c, 0xff7c, 0xff7c, 0xff7c, 0xff7c, 0xff7c, 0xff7c, 0xff7c, 0xff7c, 0xff7c, 0xff7c, 
	0xff7c, 0xff7c, 0xff7c, 0xff7c, 0xff7c, 0xff7c, 0xff7c, 0xff7c, 0xff7c, 0xff7c, 0xff7c, 0xff7c, 0xff7c, 0xff7c, 0xff7c, 0xff7c, 
	0xff7c, 0xff7c, 0xff7c, 0xff7c, 0xff7c, 0xff7c, 0xff7c, 0xff7c, 0xff7c, 0xff7c, 0xff7c, 0xff7c, 0xff7c, 0xff7c, 0xff7c, 0xff7c, 
	0xff7c, 0xff7c, 0xff7c, 0xff7c, 0xff7c, 0xff7c, 0xff7c, 0xf77c, 0xf77c, 0xf77c, 0xf77c, 0xf77c, 0xf77b, 0xf77b, 0xf77b, 0xf77b, 
	0xf77b, 0xf77b, 0xf77b, 0xf77b, 0xf77b, 0xf77b, 0xf77b, 0xf77b, 0xf77b, 0xf77b, 0xf77b, 0xf75b, 0xf75b, 0xf75b, 0xf75b, 0xf75b, 
	0x9559, 0x955a, 0x955a, 0x9559, 0x955a, 0x955a, 0x9559, 0x9559, 0x9559, 0x9559, 0x9559, 0x9559, 0x9559, 0x9559, 0x9559, 0x9559, 
	0x9559, 0x9559, 0x9559, 0x9559, 0x9559, 0x9559, 0x9559, 0x9559, 0x9559, 0x9559, 0x9559, 0x9559, 0x9559, 0x9559, 0x9559, 0x9559, 
	0x9559, 0x9559, 0x9559, 0x9559, 0x9559, 0x9559, 0x9559, 0x9559, 0x9559, 0x9559, 0x9559, 0x9559, 0x9559, 0x9559, 0x9559, 0x9559, 
	0x9559, 0x9559, 0x9559, 0x9559, 0x9559, 0x9559, 0x9559, 0x9559, 0x9559, 0x9559, 0x9559, 0x9559, 0x9559, 0x9559, 0x9559, 0x9559, 
	0x9559, 0x9559, 0x9559, 0x9559, 0x9559, 0x9d59, 0x9d59, 0x9d59, 0x9d79, 0x9d79, 0x9d79, 0x9d79, 0x9d79, 0x9d79, 0x9d79, 0x9d79, 
	0x9d79, 0x9d79, 0x9d79, 0x9d79, 0x9d79, 0x9d79, 0x9d79, 0x9d79, 0x9d79, 0x9d79, 0x9d79, 0x9d79, 0x9d99, 0x9d99, 0x9d99, 0x9d99, 
	0x9d99, 0xa599, 0xa599, 0xa599, 0xa599, 0xa5b9, 0xa5b9, 0xa5b9, 0xa5b9, 0xa5b9, 0xa5b9, 0xa5b9, 0xa5b9, 0xa5b9, 0xadd9, 0xadda, 
	0xadda, 0xadda, 0xadda, 0xadda, 0xadda, 0xadda, 0xadfa, 0xadfa, 0xb5fa, 0xb5fa, 0xb5fa, 0xb61a, 0xb61a, 0xb61a, 0xb61a, 0xb61a, 
	0xbe1a, 0xbe3a, 0xbe3a, 0xbe3a, 0xbe3a, 0xbe3a, 0xbe5a, 0xc65a, 0xc65a, 0xc65a, 0xc65a, 0xc67a, 0xc67b, 0xc67b, 0xce7b, 0xce7b, 
	0xce7b, 0xce9b, 0xce9b, 0xce9b, 0xd69b, 0xd69b, 0xd6bb, 0xd6bb, 0xd6bb, 0xd6bb, 0xd6bb, 0xd6db, 0xdedb, 0xdedb, 0xdedb, 0xdedb, 
	0xdedb, 0xdedb, 0xe6fb, 0xe6fb, 0xe6fb, 0xe6fb, 0xe71b, 0xe71b, 0xe71b, 0xe71b, 0xe71b, 0xe71b, 0xef1b, 0xef3c, 0xef3c, 0xef3c, 
	0xef3c, 0xef3c, 0xef3c, 0xef3c, 0xef3c, 0xef3c, 0xef3c, 0xef5c, 0xef5c, 0xf75c, 0xf75c, 0xf75c, 0xf75c, 0xf75c, 0xf75c, 0xf75c, 
	0xf75c, 0xf75c, 0xf75c, 0xf75c, 0xf75c, 0xf77c, 0xf77c, 0xf77c, 0xf77c, 0xf77c, 0xf77c, 0xf77c, 0xf77c, 0xf77c, 0xf77c, 0xf77c, 
	0xf77c, 0xf77c, 0xff7c, 0xff7c, 0xff7c, 0xff7c, 0xff7c, 0xff7c, 0xff7c, 0xff7c, 0xff7c, 0xff7c, 0xff7c, 0xff7c, 0xff7c, 0xff7c, 
	0xff7c, 0xff7c, 0xff7c, 0xff7c, 0xff7c, 0xff7c, 0xff7c, 0xff7c, 0xff7c, 0xff7c, 0xff7c, 0xff7c, 0xff7c, 0xff7c, 0xff7c, 0xff7c, 
	0xff7c, 0xff7c, 0xff7c, 0xff7c, 0xff7c, 0xff7c, 0xff7c, 0xff7c, 0xff7c, 0xff7c, 0xff7c, 0xff7c, 0xff7c, 0xff7c, 0xff7c, 0xff7c, 
	0xff7c, 0xff7c, 0xff7c, 0xff7c, 0xff7c, 0xff7c, 0xff7c, 0xff7c, 0xff7c, 0xff7c, 0xff7c, 0xff7c, 0xff7c, 0xff7c, 0xff7c, 0xff7c, 
	0xff7c, 0xff7c, 0xff7c, 0xff7c, 0xff7c, 0xff7c, 0xff7c, 0xff7c, 0xff7c, 0xff7c, 0xff7c, 0xff7c, 0xff7c, 0xff7c, 0xff7c, 0xff7c, 
	0xff7c, 0xff7c, 0xff7c, 0xff7c, 0xff7c, 0xff7c, 0xff7c, 0xff7c, 0xff7c, 0xf77c, 0xf77c, 0xf77c, 0xf77b, 0xf77b, 0xf77b, 0xf77b, 
	0xf77b, 0xf77b, 0xf77b, 0xf77b, 0xf77b, 0xf77b, 0xf77b, 0xf77b, 0xf77b, 0xf77b, 0xf77b, 0xf77b, 0xf75b, 0xf75b, 0xf75b, 0xf75b, 
	0x9559, 0x9559, 0x9d5a, 0x9559, 0x955a, 0x955a, 0x9559, 0x9559, 0x9559, 0x955a, 0x9559, 0x9559, 0x9559, 0x9559, 0x9559, 0x9559, 
	0x9559, 0x9559, 0x9559, 0x9559, 0x9559, 0x9559, 0x9559, 0x9559, 0x9559, 0x9559, 0x9559, 0x9559, 0x9559, 0x9559, 0x9559, 0x9559, 
	0x9559, 0x9559, 0x9559, 0x9559, 0x9559, 0x9559, 0x9559, 0x9559, 0x9559, 0x9559, 0x9559, 0x9559, 0x9559, 0x9559, 0x9559, 0x9559, 
	0x9559, 0x9559, 0x9559, 0x9559, 0x9559, 0x9559, 0x9559, 0x9559, 0x9559, 0x9559, 0x9559, 0x9559, 0x9559, 0x9559, 0x9559, 0x9559, 
	0x9559, 0x9559, 0x9559, 0x9559, 0x9559, 0x9579, 0x9579, 0x9d79, 0x9d79, 0x9d79, 0x9d79, 0x9d79, 0x9d79, 0x9d79, 0x9d79, 0x9d79, 
	0x9d79, 0x9d79, 0x9d79, 0x9d79, 0x9d79, 0x9d79, 0x9d79, 0x9d79, 0x9d79, 0x9d79, 0x9d79, 0x9d99, 0x9d99, 0x9d99, 0x9d99, 0x9d99, 
	0x9d99, 0x9d99, 0xa599, 0xa599, 0xa599, 0xa599, 0xa599, 0xa5b9, 0xa5b9, 0xa5b9, 0xa5b9, 0xa5b9, 0xa5b9, 0xa5b9, 0xa5b9, 0xadd9, 
	0xadd9, 0xadd9, 0xadda, 0xadda, 0xadda, 0xadda, 0xadfa, 0xadfa, 0xb5fa, 0xb5fa, 0xb5fa, 0xb5fa, 0xb61a, 0xb61a, 0xb61a, 0xb61a, 
	0xbe1a, 0xbe3a, 0xbe3a, 0xbe3a, 0xbe3a, 0xbe3a, 0xbe3a, 0xc65a, 0xc65a, 0xc65a, 0xc65a, 0xc65a, 0xc67a, 0xc67a, 0xce7b, 0xce7b, 
	0xce7b, 0xce9b, 0xce9b, 0xce9b, 0xce9b, 0xd69b, 0xd69b, 0xd6bb, 0xd6bb, 0xd6bb, 0xd6bb, 0xdebb, 0xdedb, 0xdedb, 0xdedb, 0xdedb, 
	0xdedb, 0xdefb, 0xdefb, 0xe6fb, 0xe6fb, 0xe6fb, 0xe6fb, 0xe71b, 0xe71b, 0xe71b, 0xe71b, 0xe71c, 0xe71c, 0xef1c, 0xef3c, 0xef3c, 
	0xef3c, 0xef3c, 0xef3c, 0xef3c, 0xef3c, 0xef3c, 0xef3c, 0xef3c, 0xef3c, 0xf75c, 0xf75c, 0xf75c, 0xf75c, 0xf75c, 0xf75c, 0xf75c, 
	0xf75c, 0xf75c, 0xf75c, 0xf75c, 0xf75c, 0xf75c, 0xf75c, 0xf75c, 0xf75c, 0xf77c, 0xf77c, 0xf77c, 0xf77c, 0xf77c, 0xf77c, 0xf77c, 
	0xf77c, 0xf77c, 0xf77c, 0xf77c, 0xf77c, 0xf77c, 0xf77c, 0xff7c, 0xff7c, 0xff7c, 0xff7c, 0xff7c, 0xff7c, 0xff7c, 0xff7c, 0xff7c, 
	0xff7c, 0xff7c, 0xff7c, 0xff7c, 0xff7c, 0xff7c, 0xff7c, 0xff7c, 0xff7c, 0xff7c, 0xff7c, 0xff7c, 0xff7c, 0xff7c, 0xff7c, 0xff7c, 
	0xff7c, 0xff7c, 0xff7c, 0xff7c, 0xff7c, 0xff7c, 0xff7c, 0xff7c, 0xff7c, 0xff7c, 0xff7c, 0xff7c, 0xff7c, 0xff7c, 0xff7c, 0xff7c, 
	0xff7c, 0xff7c, 0xff7c, 0xff7c, 0xff7c, 0xff7c, 0xff7c, 0xff7c, 0xff7c, 0xff7c, 0xff7c, 0xff7c, 0xff7c, 0xff7c, 0xff7c, 0xff7c, 
	0xff7c, 0xff7c, 0xff7c, 0xff7c, 0xff7c, 0xff7c, 0xff7c, 0xff7c, 0xff7c, 0xff7c, 0xff7c, 0xff7c, 0xff7c, 0xff7c, 0xff7c, 0xff7c, 
	0xff7c, 0xff7c, 0xff7c, 0xff7c, 0xff7c, 0xff7c, 0xff7c, 0xff7c, 0xf77c, 0xff7c, 0xff7c, 0xf77c, 0xf77c, 0xf77c, 0xf77c, 0xf77c, 
	0xf77b, 0xf77b, 0xf77b, 0xf77b, 0xf77b, 0xf77b, 0xf77b, 0xf77b, 0xf77b, 0xf77b, 0xf77b, 0xf75b, 0xf77b, 0xf77b, 0xf75b, 0xf75b, 
	0x9559, 0x955a, 0x9559, 0x955a, 0x955a, 0x9559, 0x9579, 0x9559, 0x9559, 0x9559, 0x9559, 0x9559, 0x9559, 0x9559, 0x9559, 0x9559, 
	0x9559, 0x9559, 0x9559, 0x9559, 0x9559, 0x9559, 0x9559, 0x9559, 0x9559, 0x9559, 0x9559, 0x9559, 0x9559, 0x9559, 0x9559, 0x9559, 
	0x9559, 0x9559, 0x9559, 0x9559, 0x9559, 0x9559, 0x9559, 0x9559, 0x9559, 0x9559, 0x9559, 0x9559, 0x9559, 0x9559, 0x9559, 0x9559, 
	0x9559, 0x9559, 0x9559, 0x9559, 0x9559, 0x9559, 0x9559, 0x9559, 0x9559, 0x9559, 0x9559, 0x9559, 0x9559, 0x9559, 0x9559, 0x9559, 
	0x9559, 0x9559, 0x9579, 0x9579, 0x9579, 0x9579, 0x9d79, 0x9d79, 0x9d79, 0x9d79, 0x9d79, 0x9d79, 0x9d79, 0x9d79, 0x9d79, 0x9d79, 
	0x9d79, 0x9d79, 0x9d79, 0x9d79, 0x9d79, 0x9d79, 0x9d79, 0x9d79, 0x9d79, 0x9d79, 0x9d99, 0x9d99, 0x9d99, 0x9d99, 0x9d99, 0x9d99, 
	0x9d99, 0xa599, 0xa599, 0xa599, 0xa599, 0xa599, 0xa599, 0xa5b9, 0xa5b9, 0xa5b9, 0xa5b9, 0xa5b9, 0xa5b9, 0xa5b9, 0xadb9, 0xadd9, 
	0xadd9, 0xadda, 0xadda, 0xadda, 0xadda, 0xadda, 0xadfa, 0xadfa, 0xb5fa, 0xb5fa, 0xb5fa, 0xb61a, 0xb61a, 0xb61a, 0xb61a, 0xbe1a, 
	0xbe1a, 0xbe3a, 0xbe3a, 0xbe3a, 0xbe3a, 0xbe3a, 0xbe5a, 0xc65a, 0xc65a, 0xc65a, 0xc65a, 0xc67a, 0xc67a, 0xc67a, 0xce7b, 0xce7b, 
	0xce7b, 0xce9b, 0xce9b, 0xce9b, 0xd69b, 0xd69b, 0xd6bb, 0xd6bb, 0xd6bb, 0xd6bb, 0xd6bb, 0xdedb, 0xdedb, 0xdedb, 0xdedb, 0xdedb, 
	0xdefb, 0xdefb, 0xe6fb, 0xe6fb, 0xe6fb, 0xe6fb, 0xe6fb, 0xe71b, 0xe71b, 0xe71b, 0xe71c, 0xe71c, 0xef1c, 0xef1c, 0xef3c, 0xef3c, 
	0xef3c, 0xef3c, 0xef3c, 0xef3c, 0xef3c, 0xef3c, 0xef3c, 0xef3c, 0xef5c, 0xf75c, 0xf75c, 0xf75c, 0xf75c, 0xf75c, 0xf75c, 0xf75c, 
	0xf75c, 0xf75c, 0xf75c, 0xf75c, 0xf75c, 0xf75c, 0xf75c, 0xf77c, 0xf77c, 0xf77c, 0xf77c, 0xf77c, 0xf77c, 0xf77c, 0xf77c, 0xf77c, 
	0xf77c, 0xf77c, 0xf77c, 0xf77c, 0xf77c, 0xf77c, 0xff7c, 0xff7c, 0xff7c, 0xff7c, 0xff7c, 0xff7c, 0xff7c, 0xff7c, 0xff7c, 0xff7c, 
	0xff7c, 0xff7c, 0xff7c, 0xff7c, 0xff7c, 0xff7c, 0xff7c, 0xff7c, 0xff7c, 0xff7c, 0xff7c, 0xff7c, 0xff7c, 0xff7c, 0xff7c, 0xff7c, 
	0xff7c, 0xff7c, 0xff7c, 0xff7c, 0xff7c, 0xff7c, 0xff7c, 0xff7c, 0xff7c, 0xff7c, 0xff7c, 0xff7c, 0xff7c, 0xff7c, 0xff7c, 0xff7c, 
	0xff7c, 0xff7c, 0xff7c, 0xff7c, 0xff7c, 0xff7c, 0xff7c, 0xff7c, 0xff7c, 0xff7c, 0xff7c, 0xff7c, 0xff7c, 0xff7c, 0xff7c, 0xff7c, 
	0xff7c, 0xff7c, 0xff7c, 0xff7c, 0xff7c, 0xff7c, 0xff7c, 0xff7c, 0xff7c, 0xff7c, 0xff7c, 0xff7c, 0xff7c, 0xff7c, 0xff7c, 0xff7c, 
	0xff7c, 0xff7c, 0xff7c, 0xff7c, 0xff7c, 0xff7c, 0xff7c, 0xff7c, 0xff7c, 0xff7c, 0xff7c, 0xf77c, 0xf77c, 0xf77b, 0xf77b, 0xf77c, 
	0xf77b, 0xf77b, 0xf77b, 0xf77b, 0xf77b, 0xf77b, 0xf77b, 0xf77b, 0xf77b, 0xf77b, 0xf77b, 0xf77b, 0xf75b, 0xf75b, 0xf75b, 0xf75b, 
	0x9559, 0x955a, 0x9559, 0x955a, 0x955a, 0x9559, 0x9579, 0x955a, 0x955a, 0x9559, 0x9559, 0x9559, 0x9559, 0x9559, 0x9559, 0x9559, 
	0x9559, 0x9559, 0x9559, 0x9559, 0x9559, 0x9559, 0x9559, 0x9559, 0x9559, 0x9559, 0x9559, 0x9559, 0x9559, 0x9559, 0x9559, 0x9559, 
	0x9559, 0x9559, 0x9559, 0x9559, 0x9559, 0x9559, 0x9559, 0x9559, 0x9559, 0x9559, 0x9559, 0x9559, 0x9559, 0x9559, 0x9559, 0x9559, 
	0x9559, 0x9559, 0x9559, 0x9559, 0x9559, 0x9559, 0x9559, 0x9559, 0x9559, 0x9559, 0x9559, 0x9579, 0x9559, 0x9559, 0x9559, 0x9559, 
	0x9559, 0x9559, 0x9559, 0x9559, 0x9559, 0x9559, 0x9559, 0x9559, 0x9d59, 0x9d59, 0x9d59, 0x9d79, 0x9d79, 0x9d79, 0x9d79, 0x9d79, 
	0x9d79, 0x9d79, 0x9d79, 0x9d79, 0x9d79, 0x9d79, 0x9d79, 0x9d79, 0x9d79, 0x9d79, 0x9d79, 0x9d79, 0x9d99, 0x9d99, 0x9d99, 0x9d99, 
	0x9d99, 0x9d99, 0xa599, 0xa599, 0xa599, 0xa599, 0xa599, 0xa599, 0xa5b9, 0xa5b9, 0xa5b9, 0xa5b9, 0xa5b9, 0xa5b9, 0xa5b9, 0xadb9, 
	0xadd9, 0xadd9, 0xadd9, 0xadda, 0xadda, 0xadda, 0xadda, 0xadfa, 0xb5fa, 0xb5fa, 0xb5fa, 0xb5fa, 0xb61a, 0xb61a, 0xb61a, 0xb61a, 
	0xbe1a, 0xbe3a, 0xbe3a, 0xbe3a, 0xbe3a, 0xbe3a, 0xbe3a, 0xc65a, 0xc65a, 0xc65a, 0xc65a, 0xc65a, 0xc67a, 0xce7a, 0xce7a, 0xce7a, 
	0xce7b, 0xce9b, 0xce9b, 0xce9b, 0xd69b, 0xd69b, 0xd6bb, 0xd6bb, 0xd6bb, 0xd6bb, 0xd6bb, 0xdedb, 0xdedb, 0xdedb, 0xdedb, 0xdedb, 
	0xdedb, 0xdefb, 0xe6fb, 0xe6fb, 0xe6fb, 0xe6fb, 0xe6fb, 0xe71b, 0xe71b, 0xe71b, 0xe71b, 0xe71b, 0xef1c, 0xef1c, 0xef1c, 0xef3c, 
	0xef3c, 0xef3c, 0xef3c, 0xef3c, 0xef3c, 0xef3c, 0xef3c, 0xef3c, 0xef3c, 0xef5c, 0xf75c, 0xf75c, 0xf75c, 0xf75c, 0xf75c, 0xf75c, 
	0xf75c, 0xf75c, 0xf75c, 0xf75c, 0xf75c, 0xf75c, 0xf75c, 0xf75c, 0xf75c, 0xf75c, 0xf75c, 0xf75c, 0xf77c, 0xf77c, 0xf77c, 0xf77c, 
	0xf77c, 0xf77c, 0xf77c, 0xf77c, 0xf77c, 0xf77c, 0xf77c, 0xf77c, 0xf77c, 0xf77c, 0xf77c, 0xff7c, 0xff7c, 0xff7c, 0xff7c, 0xff7c, 
	0xff7c, 0xff7c, 0xff7c, 0xff7c, 0xff7c, 0xff7c, 0xff7c, 0xff7c, 0xff7c, 0xff7c, 0xff7c, 0xff7c, 0xff7c, 0xff7c, 0xff7c, 0xff7c, 
	0xff7c, 0xff7c, 0xff7c, 0xff7c, 0xff7c, 0xff7c, 0xff7c, 0xff7c, 0xff7c, 0xff7c, 0xff7c, 0xff7c, 0xff7c, 0xff7c, 0xff7c, 0xff7c, 
	0xff7c, 0xff7c, 0xff7c, 0xff7c, 0xff7c, 0xff7c, 0xff7c, 0xff7c, 0xff7c, 0xff7c, 0xff7c, 0xff7c, 0xff7c, 0xff7c, 0xff7c, 0xff7c, 
	0xff7c, 0xff7c, 0xff7c, 0xff7c, 0xff7c, 0xff7c, 0xff7c, 0xff7c, 0xff7c, 0xff7c, 0xff7c, 0xff7c, 0xff7c, 0xff7c, 0xff7c, 0xff7c, 
	0xff7c, 0xff7c, 0xff7c, 0xff7c, 0xff7c, 0xff7c, 0xff7c, 0xff7c, 0xff7c, 0xff7c, 0xff7c, 0xff7c, 0xff7c, 0xf77b, 0xf77b, 0xf77b, 
	0xf77c, 0xf77c, 0xf77c, 0xf77b, 0xf77b, 0xf77b, 0xf77b, 0xf77b, 0xf77b, 0xf77b, 0xf77b, 0xf77b, 0xf77b, 0xf77b, 0xf77b, 0xf75b, 
	0x9559, 0x955a, 0x955a, 0x955a, 0x955a, 0x955a, 0x9559, 0x955a, 0x9559, 0x9559, 0x9579, 0x9559, 0x9559, 0x9559, 0x9559, 0x9559, 
	0x9559, 0x9559, 0x9559, 0x9559, 0x9559, 0x9559, 0x9559, 0x9559, 0x9559, 0x9559, 0x9559, 0x9559, 0x9559, 0x9559, 0x9559, 0x9559, 
	0x9559, 0x9559, 0x9559, 0x9559, 0x9559, 0x9559, 0x9559, 0x9559, 0x9559, 0x9559, 0x9559, 0x9559, 0x9559, 0x9559, 0x9559, 0x9559, 
	0x9559, 0x9559, 0x9559, 0x9559, 0x9559, 0x9559, 0x9559, 0x9559, 0x9559, 0x9579, 0x9559, 0x9559, 0x9559, 0x9559, 0x9559, 0x9559, 
	0x9559, 0x9559, 0x9559, 0x9559, 0x9559, 0x9559, 0x9559, 0x9d59, 0x9d59, 0x9d79, 0x9d79, 0x9d79, 0x9d79, 0x9d79, 0x9d79, 0x9d79, 
	0x9d79, 0x9d79, 0x9d79, 0x9d79, 0x9d79, 0x9d79, 0x9d79, 0x9d79, 0x9d79, 0x9d79, 0x9d79, 0x9d99, 0x9d99, 0x9d99, 0x9d99, 0x9d99, 
	0x9d99, 0xa599, 0xa599, 0xa599, 0xa599, 0xa599, 0xa599, 0xa5b9, 0xa5b9, 0xa5b9, 0xa5b9, 0xa5b9, 0xa5b9, 0xa5b9, 0xadb9, 0xadd9, 
	0xadd9, 0xadd9, 0xadd9, 0xadda, 0xadda, 0xadda, 0xadfa, 0xadfa, 0xb5fa, 0xb5fa, 0xb5fa, 0xb5fa, 0xb61a, 0xb61a, 0xb61a, 0xbe1a, 
	0xbe1a, 0xbe3a, 0xbe3a, 0xbe3a, 0xbe3a, 0xbe3a, 0xbe5a, 0xc65a, 0xc65a, 0xc65a, 0xc65a, 0xc65a, 0xc67a, 0xce7a, 0xce7a, 0xce7b, 
	0xce7b, 0xce9b, 0xce9b, 0xd69b, 0xd69b, 0xd6bb, 0xd6bb, 0xd6bb, 0xd6bb, 0xd6bb, 0xd6db, 0xdedb, 0xdedb, 0xdedb, 0xdedb, 0xdedb, 
	0xdefb, 0xdefb, 0xe6fb, 0xe6fb, 0xe6fb, 0xe6fb, 0xe6fb, 0xe71b, 0xe71b, 0xe71b, 0xe71b, 0xe71c, 0xef1c, 0xef1c, 0xef3c, 0xef3c, 
	0xef3c, 0xef3c, 0xef3c, 0xef3c, 0xef3c, 0xef3c, 0xef3c, 0xef3c, 0xef5c, 0xf75c, 0xf75c, 0xf75c, 0xf75c, 0xf75c, 0xf75c, 0xf75c, 
	0xf75c, 0xf75c, 0xf75c, 0xf75c, 0xf75c, 0xf75c, 0xf75c, 0xf75c, 0xf75c, 0xf75c, 0xf77c, 0xf77c, 0xf77c, 0xf77c, 0xf77c, 0xf77c, 
	0xf77c, 0xf77c, 0xf77c, 0xf77c, 0xf77c, 0xf77c, 0xf77c, 0xf77c, 0xf77c, 0xf77c, 0xff7c, 0xff7c, 0xff7c, 0xff7c, 0xff7c, 0xff7c, 
	0xff7c, 0xff7c, 0xff7c, 0xff7c, 0xff7c, 0xff7c, 0xff7c, 0xff7c, 0xff7c, 0xff7c, 0xff7c, 0xff7c, 0xff7c, 0xff7c, 0xff7c, 0xff7c, 
	0xff7c, 0xff7c, 0xff7c, 0xff7c, 0xff7c, 0xff7c, 0xff7c, 0xff7c, 0xff7c, 0xff7c, 0xff7c, 0xff7c, 0xff7c, 0xff7c, 0xff7c, 0xff7c, 
	0xff7c, 0xff7c, 0xff7c, 0xff7c, 0xff7c, 0xff7c, 0xff7c, 0xff7c, 0xff7c, 0xff7c, 0xff7c, 0xff7c, 0xff7c, 0xff7c, 0xff7c, 0xff7c, 
	0xff7c, 0xff7c, 0xff7c, 0xff7c, 0xff7c, 0xff7c, 0xff7c, 0xff7c, 0xff7c, 0xff7c, 0xff7c, 0xff7c, 0xff7c, 0xff7c, 0xff7c, 0xff7c, 
	0xff7c, 0xff7c, 0xff7c, 0xff7c, 0xff7c, 0xff7c, 0xff7c, 0xff7c, 0xff7c, 0xff7c, 0xff7c, 0xff7c, 0xff7c, 0xff7b, 0xff7c, 0xf77c, 
	0xf77c, 0xf77b, 0xf77b, 0xf77b, 0xf77b, 0xf77b, 0xf77b, 0xf77b, 0xf77b, 0xf77b, 0xf77b, 0xf77b, 0xf77b, 0xf77b, 0xf77b, 0xf75b, 
	0x955a, 0x9559, 0x955a, 0x9d5a, 0x9559, 0x955a, 0x9559, 0x955a, 0x9559, 0x9559, 0x9559, 0x9559, 0x9559, 0x9559, 0x9559, 0x9559, 
	0x9559, 0x9559, 0x9559, 0x9559, 0x9559, 0x9559, 0x9559, 0x9559, 0x9559, 0x9559, 0x9559, 0x9559, 0x9559, 0x9559, 0x9559, 0x9559, 
	0x9559, 0x9559, 0x9559, 0x9559, 0x9559, 0x9559, 0x9559, 0x9559, 0x9559, 0x9559, 0x9559, 0x9559, 0x9559, 0x9559, 0x9559, 0x9559, 
	0x9559, 0x9559, 0x9559, 0x9559, 0x9559, 0x9559, 0x9559, 0x9559, 0x9559, 0x9559, 0x9559, 0x9559, 0x9559, 0x9559, 0x9559, 0x9559, 
	0x9559, 0x9559, 0x9559, 0x9559, 0x9559, 0x9d59, 0x9d59, 0x9d59, 0x9d79, 0x9d79, 0x9d79, 0x9d79, 0x9d79, 0x9d79, 0x9d79, 0x9d79, 
	0x9d79, 0x9d79, 0x9d79, 0x9d79, 0x9d79, 0x9d79, 0x9d79, 0x9d79, 0x9d79, 0x9d79, 0x9d99, 0x9d99, 0x9d99, 0x9d99, 0x9d99, 0x9d99, 
	0x9d99, 0xa599, 0xa599, 0xa599, 0xa599, 0xa599, 0xa599, 0xa5b9, 0xa5b9, 0xa5b9, 0xa5b9, 0xa5b9, 0xa5b9, 0xa5b9, 0xadb9, 0xadd9, 
	0xadd9, 0xadd9, 0xadda, 0xadda, 0xadda, 0xadda, 0xadfa, 0xb5fa, 0xb5fa, 0xb5fa, 0xb5fa, 0xb61a, 0xb61a, 0xb61a, 0xb61a, 0xbe1a, 
	0xbe1a, 0xbe3a, 0xbe3a, 0xbe3a, 0xbe3a, 0xbe3a, 0xc65a, 0xc65a, 0xc65a, 0xc65a, 0xc65a, 0xc67a, 0xce7a, 0xce7a, 0xce7b, 0xce7b, 
	0xce7b, 0xce9b, 0xce9b, 0xd69b, 0xd69b, 0xd6bb, 0xd6bb, 0xd6bb, 0xd6bb, 0xd6bb, 0xdedb, 0xdedb, 0xdedb, 0xdedb, 0xdedb, 0xdedb, 
	0xdefb, 0xdefb, 0xe6fb, 0xe6fb, 0xe6fb, 0xe6fb, 0xe71b, 0xe71b, 0xe71b, 0xe71b, 0xe71c, 0xef1c, 0xef1c, 0xef3c, 0xef3c, 0xef3c, 
	0xef3c, 0xef3c, 0xef3c, 0xef3c, 0xef3c, 0xef3c, 0xef3c, 0xef3c, 0xef5c, 0xf75c, 0xf75c, 0xf75c, 0xf75c, 0xf75c, 0xf75c, 0xf75c, 
	0xf75c, 0xf75c, 0xf75c, 0xf75c, 0xf75c, 0xf75c, 0xf75c, 0xf75c, 0xf77c, 0xf77c, 0xf77c, 0xf77c, 0xf77c, 0xf77c, 0xf77c, 0xf77c, 
	0xf77c, 0xf77c, 0xf77c, 0xf77c, 0xf77c, 0xf77c, 0xf77c, 0xf77c, 0xff7c, 0xff7c, 0xff7c, 0xff7c, 0xff7c, 0xff7c, 0xff7c, 0xff7c, 
	0xff7c, 0xff7c, 0xff7c, 0xff7c, 0xff7c, 0xff7c, 0xff7c, 0xff7c, 0xff7c, 0xff7c, 0xff7c, 0xff7c, 0xff7c, 0xff7c, 0xff7c, 0xff7c, 
	0xff7c, 0xff7c, 0xff7c, 0xff7c, 0xff7c, 0xff7c, 0xff7c, 0xff7c, 0xff7c, 0xff7c, 0xff7c, 0xff7c, 0xff7c, 0xff7c, 0xff7c, 0xff7c, 
	0xff7c, 0xff7c, 0xff7c, 0xff7c, 0xff7c, 0xff7c, 0xff7c, 0xff7c, 0xff7c, 0xff7c, 0xff7c, 0xff7c, 0xff7c, 0xff7c, 0xff7c, 0xff7c, 
	0xff7c, 0xff7c, 0xff7c, 0xff7c, 0xff7c, 0xff7c, 0xff7c, 0xff7c, 0xff7c, 0xff7c, 0xff7c, 0xff7c, 0xff7c, 0xff7c, 0xff7c, 0xff7c, 
	0xff7c, 0xff7c, 0xff7c, 0xff7c, 0xff7c, 0xff7c, 0xff7c, 0xff7c, 0xff7c, 0xff7c, 0xff7c, 0xff7c, 0xff7c, 0xff7c, 0xff7c, 0xff7c, 
	0xf77c, 0xf77b, 0xf77b, 0xf77b, 0xf77b, 0xf77b, 0xf77b, 0xf77b, 0xf77b, 0xf77b, 0xf77b, 0xf77b, 0xf77b, 0xf77b, 0xf75b, 0xf75b, 
	0x955a, 0x9559, 0x9559, 0x955a, 0x955a, 0x955a, 0x9559, 0x9559, 0x9559, 0x9559, 0x9559, 0x9559, 0x9559, 0x9559, 0x9559, 0x9559, 
	0x9559, 0x9559, 0x9559, 0x9559, 0x9559, 0x9559, 0x9559, 0x9559, 0x9559, 0x9559, 0x9559, 0x9559, 0x9559, 0x9559, 0x9559, 0x9559, 
	0x9559, 0x9559, 0x9559, 0x9559, 0x9559, 0x9559, 0x9559, 0x9559, 0x9559, 0x9559, 0x9559, 0x9559, 0x9559, 0x9559, 0x9559, 0x9559, 
	0x9559, 0x9559, 0x9559, 0x9559, 0x9559, 0x9559, 0x9559, 0x9559, 0x9559, 0x9559, 0x9559, 0x9559, 0x9559, 0x9559, 0x9559, 0x9559, 
	0x9559, 0x9559, 0x9559, 0x9559, 0x9d59, 0x9d59, 0x9d79, 0x9d79, 0x9d79, 0x9d79, 0x9d79, 0x9d79, 0x9d79, 0x9d79, 0x9d79, 0x9d79, 
	0x9d79, 0x9d79, 0x9d79, 0x9d79, 0x9d79, 0x9d79, 0x9d79, 0x9d79, 0x9d79, 0x9d99, 0x9d99, 0x9d99, 0x9d99, 0x9d99, 0x9d99, 0x9d99, 
	0xa599, 0xa599, 0xa599, 0xa599, 0xa599, 0xa599, 0xa5b9, 0xa5b9, 0xa5b9, 0xa5b9, 0xa5b9, 0xa5b9, 0xa5b9, 0xadb9, 0xadd9, 0xadd9, 
	0xadd9, 0xadd9, 0xadda, 0xadda, 0xadda, 0xadfa, 0xadfa, 0xb5fa, 0xb5fa, 0xb5fa, 0xb5fa, 0xb61a, 0xb61a, 0xb61a, 0xbe1a, 0xbe1a, 
	0xbe3a, 0xbe3a, 0xbe3a, 0xbe3a, 0xbe3a, 0xbe5a, 0xc65a, 0xc65a, 0xc65a, 0xc65a, 0xc65a, 0xc67a, 0xce7a, 0xce7b, 0xce7b, 0xce7b, 
	0xce9b, 0xce9b, 0xd69b, 0xd69b, 0xd6bb, 0xd6bb, 0xd6bb, 0xd6bb, 0xd6bb, 0xd6db, 0xdedb, 0xdedb, 0xdedb, 0xdedb, 0xdedb, 0xdefb, 
	0xdefb, 0xe6fb, 0xe6fb, 0xe6fb, 0xe6fb, 0xe6fb, 0xe71b, 0xe71b, 0xe71b, 0xe71c, 0xe71c, 0xef1c, 0xef1c, 0xef3c, 0xef3c, 0xef3c, 
	0xef3c, 0xef3c, 0xef3c, 0xef3c, 0xef3c, 0xef3c, 0xef3c, 0xef5c, 0xf75c, 0xf75c, 0xf75c, 0xf75c, 0xf75c, 0xf75c, 0xf75c, 0xf75c, 
	0xf75c, 0xf75c, 0xf75c, 0xf75c, 0xf75c, 0xf75c, 0xf77c, 0xf77c, 0xf77c, 0xf77c, 0xf77c, 0xf77c, 0xf77c, 0xf77c, 0xf77c, 0xf77c, 
	0xf77c, 0xf77c, 0xf77c, 0xf77c, 0xf77c, 0xf77c, 0xff7c, 0xff7c, 0xff7c, 0xff7c, 0xff7c, 0xff7c, 0xff7c, 0xff7c, 0xff7c, 0xff7c, 
	0xff7c, 0xff7c, 0xff7c, 0xff7c, 0xff7c, 0xff7c, 0xff7c, 0xff7c, 0xff7c, 0xff7c, 0xff7c, 0xff7c, 0xff7c, 0xff7c, 0xff7c, 0xff7c, 
	0xff7c, 0xff7c, 0xff7c, 0xff7c, 0xff7c, 0xff7c, 0xff7c, 0xff7c, 0xff7c, 0xff7c, 0xff7c, 0xff7c, 0xff7c, 0xff7c, 0xff7c, 0xff7c, 
	0xff7c, 0xff7c, 0xff7c, 0xff7c, 0xff7c, 0xff7c, 0xff7c, 0xff7c, 0xff7c, 0xff7c, 0xff7c, 0xff7c, 0xff7c, 0xff7c, 0xff7c, 0xff7c, 
	0xff7c, 0xff7c, 0xff7c, 0xff7c, 0xff7c, 0xff7c, 0xff7c, 0xff7c, 0xff7c, 0xff7c, 0xff7c, 0xff7c, 0xff7c, 0xff7c, 0xff7c, 0xff7c, 
	0xff7c, 0xff7c, 0xff7c, 0xff7c, 0xff7c, 0xff7c, 0xff7c, 0xff7c, 0xff7c, 0xff7c, 0xff7c, 0xff7b, 0xff7c, 0xff7c, 0xff7c, 0xff7c, 
	0xff7c, 0xff7b, 0xf77c, 0xf77c, 0xf77b, 0xf77b, 0xff7b, 0xf77b, 0xf77b, 0xf77b, 0xf77b, 0xf77b, 0xf77b, 0xf77b, 0xf77b, 0xf77b, 
	0x955a, 0x9559, 0x9559, 0x955a, 0x957a, 0x9579, 0x9559, 0x9559, 0x9559, 0x9559, 0x9559, 0x9559, 0x9559, 0x9559, 0x9559, 0x9559, 
	0x9559, 0x9559, 0x9559, 0x9559, 0x9559, 0x9559, 0x9559, 0x9559, 0x9559, 0x9559, 0x9559, 0x9559, 0x9559, 0x9559, 0x9559, 0x9559, 
	0x9559, 0x9559, 0x9559, 0x9559, 0x9559, 0x9559, 0x9559, 0x9559, 0x9559, 0x9559, 0x9559, 0x9559, 0x9559, 0x9559, 0x9559, 0x9559, 
	0x9559, 0x9559, 0x9559, 0x9559, 0x9559, 0x9559, 0x9559, 0x9559, 0x9559, 0x9559, 0x9559, 0x9559, 0x9559, 0x9559, 0x9559, 0x9559, 
	0x9559, 0x9d59, 0x9d59, 0x9d59, 0x9d59, 0x9d79, 0x9d79, 0x9d79, 0x9d79, 0x9d79, 0x9d79, 0x9d79, 0x9d79, 0x9d79, 0x9d79, 0x9d79, 
	0x9d79, 0x9d79, 0x9d79, 0x9d79, 0x9d79, 0x9d79, 0x9d79, 0x9d79, 0x9d99, 0x9d99, 0x9d99, 0x9d99, 0x9d99, 0x9d99, 0x9d99, 0xa599, 
	0xa599, 0xa599, 0xa599, 0xa599, 0xa599, 0xa599, 0xa5b9, 0xa5b9, 0xa5b9, 0xa5b9, 0xa5b9, 0xa5b9, 0xadb9, 0xadb9, 0xadd9, 0xadd9, 
	0xadd9, 0xadda, 0xadda, 0xadda, 0xadda, 0xadfa, 0xb5fa, 0xb5fa, 0xb5fa, 0xb5fa, 0xb61a, 0xb61a, 0xb61a, 0xb61a, 0xbe1a, 0xbe1a, 
	0xbe3a, 0xbe3a, 0xbe3a, 0xbe3a, 0xbe3a, 0xc65a, 0xc65a, 0xc65a, 0xc65a, 0xc65a, 0xc67a, 0xce7a, 0xce7a, 0xce7b, 0xce7b, 0xce7b, 
	0xce9b, 0xce9b, 0xd69b, 0xd69b, 0xd6bb, 0xd6bb, 0xd6bb, 0xd6bb, 0xd6bb, 0xdedb, 0xdedb, 0xdedb, 0xdedb, 0xdedb, 0xdedb, 0xdefb, 
	0xdefb, 0xe6fb, 0xe6fb, 0xe6fb, 0xe6fb, 0xe71b, 0xe71b, 0xe71b, 0xe71c, 0xe71c, 0xef1c, 0xef1c, 0xef3c, 0xef3c, 0xef3c, 0xef3c, 
	0xef3c, 0xef3c, 0xef3c, 0xef3c, 0xef3c, 0xef3c, 0xef5c, 0xef5c, 0xf75c, 0xf75c, 0xf75c, 0xf75c, 0xf75c, 0xf75c, 0xf75c, 0xf75c, 
	0xf75c, 0xf75c, 0xf75c, 0xf75c, 0xf75c, 0xf77c, 0xf77c, 0xf77c, 0xf77c, 0xf77c, 0xf77c, 0xf77c, 0xf77c, 0xf77c, 0xf77c, 0xf77c, 
	0xf77c, 0xf77c, 0xf77c, 0xf77c, 0xf77c, 0xff7c, 0xff7c, 0xff7c, 0xff7c, 0xff7c, 0xff7c, 0xff7c, 0xff7c, 0xff7c, 0xff7c, 0xff7c, 
	0xff7c, 0xff7c, 0xff7c, 0xff7c, 0xff7c, 0xff7c, 0xff7c, 0xff7c, 0xff7c, 0xff7c, 0xff7c, 0xff7c, 0xff7c, 0xff7c, 0xff7c, 0xff7c, 
	0xff7c, 0xff7c, 0xff7c, 0xff7c, 0xff7c, 0xff7c, 0xff7c, 0xff7c, 0xff7c, 0xff7c, 0xff7c, 0xff7c, 0xff7c, 0xff7c, 0xff7c, 0xff7c, 
	0xff7c, 0xff7c, 0xff7c, 0xff7c, 0xff7c, 0xff7c, 0xff7c, 0xff7c, 0xff7c, 0xff7c, 0xff7c, 0xff7c, 0xff7c, 0xff7c, 0xff7c, 0xff7c, 
	0xff7c, 0xff7c, 0xff7c, 0xff7c, 0xff7c, 0xff7c, 0xff7c, 0xff7c, 0xff7c, 0xff7c, 0xff7c, 0xff7c, 0xff7c, 0xff7c, 0xff7c, 0xff7c, 
	0xff7c, 0xff7c, 0xff7c, 0xff7c, 0xff7c, 0xff7c, 0xff7c, 0xff7c, 0xff7c, 0xff7c, 0xff7c, 0xff7c, 0xff7c, 0xff7c, 0xff7b, 0xff7c, 
	0xff7c, 0xff7c, 0xff7c, 0xf77c, 0xf77b, 0xff7b, 0xf77b, 0xf77b, 0xf77b, 0xf77b, 0xf77b, 0xf77b, 0xf77b, 0xf77b, 0xf77b, 0xf77b, 
	0x955a, 0x955a, 0x9559, 0x955a, 0x957a, 0x9579, 0x9559, 0x9579, 0x9559, 0x9559, 0x9559, 0x9559, 0x9559, 0x9559, 0x9559, 0x9559, 
	0x9559, 0x9559, 0x9559, 0x9559, 0x9559, 0x9559, 0x9559, 0x9559, 0x9559, 0x9559, 0x9559, 0x9559, 0x9559, 0x9559, 0x9559, 0x9559, 
	0x9559, 0x9559, 0x9559, 0x9559, 0x9559, 0x9559, 0x9559, 0x9559, 0x9559, 0x9559, 0x9559, 0x9559, 0x9559, 0x9559, 0x9559, 0x9559, 
	0x9559, 0x9559, 0x9559, 0x9559, 0x9559, 0x9559, 0x9559, 0x9559, 0x9559, 0x9559, 0x9559, 0x9559, 0x9559, 0x9559, 0x9559, 0x9559, 
	0x9559, 0x9559, 0x9559, 0x9559, 0x9d59, 0x9d59, 0x9d59, 0x9d59, 0x9d59, 0x9d59, 0x9d59, 0x9d79, 0x9d79, 0x9d79, 0x9d79, 0x9d79, 
	0x9d79, 0x9d79, 0x9d79, 0x9d79, 0x9d79, 0x9d79, 0x9d79, 0x9d79, 0x9d79, 0x9d79, 0x9d79, 0x9d79, 0x9d99, 0x9d99, 0x9d99, 0x9d99, 
	0xa599, 0xa599, 0xa599, 0xa599, 0xa599, 0xa599, 0xa599, 0xa5b9, 0xa5b9, 0xa5b9, 0xa5b9, 0xa5b9, 0xa5b9, 0xadb9, 0xadb9, 0xadd9, 
	0xadd9, 0xadd9, 0xadd9, 0xadd9, 0xadd9, 0xadda, 0xadfa, 0xb5fa, 0xb5fa, 0xb5fa, 0xb5fa, 0xb61a, 0xb61a, 0xb61a, 0xbe1a, 0xbe1a, 
	0xbe1a, 0xbe3a, 0xbe3a, 0xbe3a, 0xbe3a, 0xc65a, 0xc65a, 0xc65a, 0xc65a, 0xc65a, 0xc67a, 0xc67a, 0xce7a, 0xce7a, 0xce7a, 0xce9b, 
	0xce9b, 0xce9b, 0xd69b, 0xd69b, 0xd69b, 0xd6bb, 0xd6bb, 0xd6bb, 0xd6bb, 0xd6bb, 0xdedb, 0xdedb, 0xdedb, 0xdedb, 0xdedb, 0xdedb, 
	0xdefb, 0xdefb, 0xe6fb, 0xe6fb, 0xe6fb, 0xe6fb, 0xe71b, 0xe71b, 0xe71b, 0xe71b, 0xe71b, 0xef1b, 0xef1c, 0xef1c, 0xef3c, 0xef3c, 
	0xef3c, 0xef3c, 0xef3c, 0xef3c, 0xef3c, 0xef3c, 0xef3c, 0xef3c, 0xef3c, 0xf75c, 0xf75c, 0xf75c, 0xf75c, 0xf75c, 0xf75c, 0xf75c, 
	0xf75c, 0xf75c, 0xf75c, 0xf75c, 0xf75c, 0xf75c, 0xf75c, 0xf75c, 0xf75c, 0xf75c, 0xf75c, 0xf77c, 0xf77c, 0xf77c, 0xf77c, 0xf77c, 
	0xf77c, 0xf77c, 0xf77c, 0xf77c, 0xf77c, 0xf77c, 0xf77c, 0xf77c, 0xf77c, 0xf77c, 0xf77c, 0xf77c, 0xff7c, 0xff7c, 0xff7c, 0xff7c, 
	0xff7c, 0xff7c, 0xff7c, 0xff7c, 0xff7c, 0xff7c, 0xff7c, 0xff7c, 0xff7c, 0xff7c, 0xff7c, 0xff7c, 0xff7c, 0xff7c, 0xff7c, 0xff7c, 
	0xff7c, 0xff7c, 0xff7c, 0xff7c, 0xff7c, 0xff7c, 0xff7c, 0xff7c, 0xff7c, 0xff7c, 0xff7c, 0xff7c, 0xff7c, 0xff7c, 0xff7c, 0xff7c, 
	0xff7c, 0xff7c, 0xff7c, 0xff7c, 0xff7c, 0xff7c, 0xff7c, 0xff7c, 0xff7c, 0xff7c, 0xff7c, 0xff7c, 0xff7c, 0xff7c, 0xff7c, 0xff7c, 
	0xff7c, 0xff7c, 0xff7c, 0xff7c, 0xff7c, 0xff7c, 0xff7c, 0xff7c, 0xff7c, 0xff7c, 0xff7c, 0xff7c, 0xff7c, 0xff7c, 0xff7c, 0xff7c, 
	0xff7c, 0xff7c, 0xff7c, 0xff7c, 0xff7c, 0xff7c, 0xff7c, 0xff7c, 0xff7c, 0xff7c, 0xff7c, 0xff7c, 0xff7c, 0xff7c, 0xff7b, 0xff7b, 
	0xff7c, 0xff7c, 0xff7c, 0xff7c, 0xff7b, 0xff7b, 0xf77b, 0xff7b, 0xff7b, 0xf77b, 0xf77b, 0xf77b, 0xf77b, 0xf77b, 0xf77b, 0xf77b, 
	0x955a, 0x955a, 0x9559, 0x955a, 0x957a, 0x9579, 0x957a, 0x9579, 0x9559, 0x9559, 0x9559, 0x9559, 0x9559, 0x9559, 0x9559, 0x9559, 
	0x9559, 0x9559, 0x9559, 0x9559, 0x9559, 0x9559, 0x9559, 0x9559, 0x9559, 0x9559, 0x9559, 0x9559, 0x9559, 0x9559, 0x9559, 0x9559, 
	0x9559, 0x9559, 0x9559, 0x9559, 0x9559, 0x9559, 0x9559, 0x9559, 0x9559, 0x9559, 0x9559, 0x9559, 0x9559, 0x9559, 0x9559, 0x9559, 
	0x9559, 0x9559, 0x9559, 0x9559, 0x9559, 0x9559, 0x9559, 0x9559, 0x9559, 0x9559, 0x9559, 0x9559, 0x9559, 0x9559, 0x9559, 0x9559, 
	0x9559, 0x9559, 0x9d59, 0x9d59, 0x9d59, 0x9d59, 0x9d59, 0x9d59, 0x9d59, 0x9d59, 0x9d79, 0x9d79, 0x9d79, 0x9d79, 0x9d79, 0x9d79, 
	0x9d79, 0x9d79, 0x9d79, 0x9d79, 0x9d79, 0x9d79, 0x9d79, 0x9d79, 0x9d79, 0x9d79, 0x9d79, 0x9d99, 0x9d99, 0x9d99, 0x9d99, 0xa599, 
	0xa599, 0xa599, 0xa599, 0xa599, 0xa599, 0xa599, 0xa599, 0xa5b9, 0xa5b9, 0xa5b9, 0xa5b9, 0xa5b9, 0xadb9, 0xadb9, 0xadb9, 0xadd9, 
	0xadd9, 0xadd9, 0xadd9, 0xadd9, 0xadda, 0xadfa, 0xb5fa, 0xb5fa, 0xb5fa, 0xb5fa, 0xb5fa, 0xb61a, 0xb61a, 0xbe1a, 0xbe1a, 0xbe1a, 
	0xbe3a, 0xbe3a, 0xbe3a, 0xbe3a, 0xc65a, 0xc65a, 0xc65a, 0xc65a, 0xc65a, 0xc67a, 0xc67a, 0xce7a, 0xce7a, 0xce7a, 0xce7a, 0xce9b, 
	0xce9b, 0xce9b, 0xd69b, 0xd69b, 0xd6bb, 0xd6bb, 0xd6bb, 0xd6bb, 0xd6bb, 0xdedb, 0xdedb, 0xdedb, 0xdedb, 0xdedb, 0xdedb, 0xdefb, 
	0xdefb, 0xe6fb, 0xe6fb, 0xe6fb, 0xe6fb, 0xe6fb, 0xe71b, 0xe71b, 0xe71b, 0xe71b, 0xe71b, 0xef1c, 0xef1c, 0xef3c, 0xef3c, 0xef3c, 
	0xef3c, 0xef3c, 0xef3c, 0xef3c, 0xef3c, 0xef3c, 0xef3c, 0xef3c, 0xf75c, 0xf75c, 0xf75c, 0xf75c, 0xf75c, 0xf75c, 0xf75c, 0xf75c, 
	0xf75c, 0xf75c, 0xf75c, 0xf75c, 0xf75c, 0xf75c, 0xf75c, 0xf75c, 0xf75c, 0xf75c, 0xf77c, 0xf77c, 0xf77c, 0xf77c, 0xf77c, 0xf77c, 
	0xf77c, 0xf77c, 0xf77c, 0xf77c, 0xf77c, 0xf77c, 0xf77c, 0xf77c, 0xf77c, 0xf77c, 0xff7c, 0xff7c, 0xff7c, 0xff7c, 0xff7c, 0xff7c, 
	0xff7c, 0xff7c, 0xff7c, 0xff7c, 0xff7c, 0xff7c, 0xff7c, 0xff7c, 0xff7c, 0xff7c, 0xff7c, 0xff7c, 0xff7c, 0xff7c, 0xff7c, 0xff7c, 
	0xff7c, 0xff7c, 0xff7c, 0xff7c, 0xff7c, 0xff7c, 0xff7c, 0xff7c, 0xff7c, 0xff7c, 0xff7c, 0xff7c, 0xff7c, 0xff7c, 0xff7c, 0xff7c, 
	0xff7c, 0xff7c, 0xff7c, 0xff7c, 0xff7c, 0xff7c, 0xff7c, 0xff7c, 0xff7c, 0xff7c, 0xff7c, 0xff7c, 0xff7c, 0xff7c, 0xff7c, 0xff7c, 
	0xff7c, 0xff7c, 0xff7c, 0xff7c, 0xff7c, 0xff7c, 0xff7c, 0xff7c, 0xff7c, 0xff7c, 0xff7c, 0xff7c, 0xff7c, 0xff7c, 0xff7c, 0xff7c, 
	0xff7c, 0xff7c, 0xff7c, 0xff7c, 0xff7c, 0xff7c, 0xff7c, 0xff7c, 0xff7c, 0xff7c, 0xff7c, 0xff7c, 0xff7c, 0xff7c, 0xff7c, 0xff7c, 
	0xff7c, 0xff7b, 0xff7c, 0xff7c, 0xff7b, 0xff7c, 0xff7b, 0xff7b, 0xff7b, 0xf77b, 0xf77b, 0xf77b, 0xf77b, 0xf77b, 0xf77b, 0xf77b, 
	0x955a, 0x955a, 0x9559, 0x955a, 0x9559, 0x9579, 0x9559, 0x9579, 0x9559, 0x9579, 0x9559, 0x9559, 0x9559, 0x9559, 0x9559, 0x9559, 
	0x9559, 0x9559, 0x9559, 0x9559, 0x9559, 0x9559, 0x9559, 0x9559, 0x9559, 0x9559, 0x9559, 0x9559, 0x9559, 0x9559, 0x9559, 0x9559, 
	0x9559, 0x9559, 0x9559, 0x9559, 0x9559, 0x9559, 0x9559, 0x9559, 0x9559, 0x9559, 0x9559, 0x9559, 0x9559, 0x9559, 0x9559, 0x9559, 
	0x9559, 0x9559, 0x9559, 0x9559, 0x9559, 0x9559, 0x9559, 0x9559, 0x9559, 0x9559, 0x9559, 0x9559, 0x9559, 0x9559, 0x9559, 0x9559, 
	0x9d59, 0x9d59, 0x9d59, 0x9d59, 0x9d59, 0x9d59, 0x9d59, 0x9d59, 0x9d59, 0x9d79, 0x9d79, 0x9d79, 0x9d79, 0x9d79, 0x9d79, 0x9d79, 
	0x9d79, 0x9d79, 0x9d79, 0x9d79, 0x9d79, 0x9d79, 0x9d79, 0x9d79, 0x9d79, 0x9d79, 0x9d99, 0x9d99, 0x9d99, 0x9d99, 0x9d99, 0xa599, 
	0xa599, 0xa599, 0xa599, 0xa599, 0xa599, 0xa599, 0xa5b9, 0xa5b9, 0xa5b9, 0xa5b9, 0xa5b9, 0xa5b9, 0xadb9, 0xadb9, 0xadd9, 0xadd9, 
	0xadd9, 0xadd9, 0xadd9, 0xadd9, 0xadda, 0xadfa, 0xb5fa, 0xb5fa, 0xb5fa, 0xb5fa, 0xb5fa, 0xb61a, 0xb61a, 0xbe1a, 0xbe1a, 0xbe1a, 
	0xbe3a, 0xbe3a, 0xbe3a, 0xbe3a, 0xc65a, 0xc65a, 0xc65a, 0xc65a, 0xc65a, 0xc67a, 0xc67a, 0xce7a, 0xce7a, 0xce7a, 0xce9b, 0xce9b, 
	0xce9b, 0xce9b, 0xd69b, 0xd69b, 0xd6bb, 0xd6bb, 0xd6bb, 0xd6bb, 0xd6bb, 0xdedb, 0xdedb, 0xdedb, 0xdedb, 0xdedb, 0xdedb, 0xdefb, 
	0xdefb, 0xe6fb, 0xe6fb, 0xe6fb, 0xe6fb, 0xe71b, 0xe71b, 0xe71b, 0xe71b, 0xe71b, 0xef1c, 0xef1c, 0xef1c, 0xef3c, 0xef3c, 0xef3c, 
	0xef3c, 0xef3c, 0xef3c, 0xef3c, 0xef3c, 0xef3c, 0xef3c, 0xef3c, 0xf75c, 0xf75c, 0xf75c, 0xf75c, 0xf75c, 0xf75c, 0xf75c, 0xf75c, 
	0xf75c, 0xf75c, 0xf75c, 0xf75c, 0xf75c, 0xf75c, 0xf75c, 0xf75c, 0xf75c, 0xf77c, 0xf77c, 0xf77c, 0xf77c, 0xf77c, 0xf77c, 0xf77c, 
	0xf77c, 0xf77c, 0xf77c, 0xf77c, 0xf77c, 0xf77c, 0xf77c, 0xf77c, 0xf77c, 0xff7c, 0xff7c, 0xff7c, 0xff7c, 0xff7c, 0xff7c, 0xff7c, 
	0xff7c, 0xff7c, 0xff7c, 0xff7c, 0xff7c, 0xff7c, 0xff7c, 0xff7c, 0xff7c, 0xff7c, 0xff7c, 0xff7c, 0xff7c, 0xff7c, 0xff7c, 0xff7c, 
	0xff7c, 0xff7c, 0xff7c, 0xff7c, 0xff7c, 0xff7c, 0xff7c, 0xff7c, 0xff7c, 0xff7c, 0xff7c, 0xff7c, 0xff7c, 0xff7c, 0xff7c, 0xff7c, 
	0xff7c, 0xff7c, 0xff7c, 0xff7c, 0xff7c, 0xff7c, 0xff7c, 0xff7c, 0xff7c, 0xff7c, 0xff7c, 0xff7c, 0xff7c, 0xff7c, 0xff7c, 0xff7c, 
	0xff7c, 0xff7c, 0xff7c, 0xff7c, 0xff7c, 0xff7c, 0xff7c, 0xff7c, 0xff7c, 0xff7c, 0xff7c, 0xff7c, 0xff7c, 0xff7c, 0xff7c, 0xff7c, 
	0xff7c, 0xff7c, 0xff7c, 0xff7c, 0xff7c, 0xff7c, 0xff7c, 0xff7c, 0xff7c, 0xff7c, 0xff7c, 0xff7c, 0xff7c, 0xff7c, 0xff7c, 0xff7c, 
	0xff7c, 0xff7b, 0xff7b, 0xff7c, 0xff7b, 0xf77b, 0xff7b, 0xff7b, 0xff7b, 0xf77b, 0xf77b, 0xf77b, 0xf77b, 0xf77b, 0xf77b, 0xf77b, 
	0x9559, 0x9559, 0x9559, 0x955a, 0x9559, 0x9579, 0x9559, 0x9579, 0x9559, 0x9579, 0x9559, 0x9579, 0x9559, 0x9559, 0x9559, 0x9559, 
	0x9559, 0x9559, 0x9559, 0x9559, 0x9559, 0x9559, 0x9559, 0x9559, 0x9559, 0x9559, 0x9559, 0x9559, 0x9559, 0x9559, 0x9559, 0x9559, 
	0x9559, 0x9559, 0x9559, 0x9559, 0x9559, 0x9559, 0x9559, 0x9559, 0x9559, 0x9559, 0x9559, 0x9559, 0x9559, 0x9559, 0x9559, 0x9559, 
	0x9559, 0x9559, 0x9559, 0x9559, 0x9559, 0x9559, 0x9559, 0x9559, 0x9559, 0x9559, 0x9559, 0x9559, 0x9559, 0x9559, 0x9d59, 0x9d59, 
	0x9d59, 0x9d59, 0x9d59, 0x9d59, 0x9d59, 0x9d59, 0x9d59, 0x9d59, 0x9d79, 0x9d79, 0x9d79, 0x9d79, 0x9d79, 0x9d79, 0x9d79, 0x9d79, 
	0x9d79, 0x9d79, 0x9d79, 0x9d79, 0x9d79, 0x9d79, 0x9d79, 0x9d79, 0x9d79, 0x9d79, 0x9d99, 0x9d99, 0x9d99, 0xa599, 0xa599, 0xa599, 
	0xa599, 0xa599, 0xa599, 0xa599, 0xa599, 0xa599, 0xa5b9, 0xa5b9, 0xa5b9, 0xa5b9, 0xa5b9, 0xadb9, 0xadb9, 0xadb9, 0xadd9, 0xadd9, 
	0xadd9, 0xadd9, 0xadd9, 0xadd9, 0xadda, 0xb5fa, 0xb5fa, 0xb5fa, 0xb5fa, 0xb5fa, 0xb61a, 0xb61a, 0xbe1a, 0xbe1a, 0xbe1a, 0xbe1a, 
	0xbe3a, 0xbe3a, 0xbe3a, 0xc65a, 0xc65a, 0xc65a, 0xc65a, 0xc65a, 0xc65a, 0xc67a, 0xce7a, 0xce7a, 0xce7a, 0xce7b, 0xce9b, 0xce9b, 
	0xce9b, 0xd69b, 0xd69b, 0xd6bb, 0xd6bb, 0xd6bb, 0xd6bb, 0xd6bb, 0xd6bb, 0xdedb, 0xdedb, 0xdedb, 0xdedb, 0xdedb, 0xdefb, 0xdefb, 
	0xe6fb, 0xe6fb, 0xe6fb, 0xe6fb, 0xe6fb, 0xe71b, 0xe71b, 0xe71b, 0xe71b, 0xe71b, 0xef1c, 0xef1c, 0xef3c, 0xef3c, 0xef3c, 0xef3c, 
	0xef3c, 0xef3c, 0xef3c, 0xef3c, 0xef3c, 0xef3c, 0xef3c, 0xf75c, 0xf75c, 0xf75c, 0xf75c, 0xf75c, 0xf75c, 0xf75c, 0xf75c, 0xf75c, 
	0xf75c, 0xf75c, 0xf75c, 0xf75c, 0xf75c, 0xf75c, 0xf75c, 0xf75c, 0xf77c, 0xf77c, 0xf77c, 0xf77c, 0xf77c, 0xf77c, 0xf77c, 0xf77c, 
	0xf77c, 0xf77c, 0xf77c, 0xf77c, 0xf77c, 0xf77c, 0xf77c, 0xf77c, 0xff7c, 0xff7c, 0xff7c, 0xff7c, 0xff7c, 0xff7c, 0xff7c, 0xff7c, 
	0xff7c, 0xff7c, 0xff7c, 0xff7c, 0xff7c, 0xff7c, 0xff7c, 0xff7c, 0xff7c, 0xff7c, 0xff7c, 0xff7c, 0xff7c, 0xff7c, 0xff7c, 0xff7c, 
	0xff7c, 0xff7c, 0xff7c, 0xff7c, 0xff7c, 0xff7c, 0xff7c, 0xff7c, 0xff7c, 0xff7c, 0xff7c, 0xff7c, 0xff7c, 0xff7c, 0xff7c, 0xff7c, 
	0xff7c, 0xff7c, 0xff7c, 0xff7c, 0xff7c, 0xff7c, 0xff7c, 0xff7c, 0xff7c, 0xff7c, 0xff7c, 0xff7c, 0xff7c, 0xff7c, 0xff7c, 0xff7c, 
	0xff7c, 0xff7c, 0xff7c, 0xff7c, 0xff7c, 0xff7c, 0xff7c, 0xff7c, 0xff7c, 0xff7c, 0xff7c, 0xff7c, 0xff7c, 0xff7c, 0xff7c, 0xff7c, 
	0xff7c, 0xff7c, 0xff7c, 0xff7c, 0xff7c, 0xff7c, 0xff7c, 0xff7c, 0xff7c, 0xff7c, 0xff7c, 0xff7c, 0xff7c, 0xff7c, 0xff7c, 0xff7c, 
	0xff7c, 0xff7b, 0xff7b, 0xff7b, 0xff7b, 0xff7b, 0xff7b, 0xff7b, 0xff7b, 0xff7b, 0xf77b, 0xf77b, 0xf77b, 0xf77b, 0xf77b, 0xf77b, 
	0x9559, 0x9559, 0x9559, 0x955a, 0x9559, 0x9559, 0x9559, 0x9559, 0x9559, 0x9579, 0x9559, 0x9559, 0x9559, 0x9559, 0x9559, 0x9559, 
	0x9579, 0x9559, 0x9559, 0x9559, 0x9559, 0x9559, 0x9559, 0x9559, 0x9559, 0x9559, 0x9559, 0x9559, 0x9559, 0x9559, 0x9559, 0x9559, 
	0x9559, 0x9559, 0x9559, 0x9559, 0x9559, 0x9559, 0x9559, 0x9559, 0x9559, 0x9559, 0x9559, 0x9559, 0x9559, 0x9559, 0x9559, 0x9559, 
	0x9559, 0x9559, 0x9559, 0x9559, 0x9559, 0x9559, 0x9558, 0x9558, 0x9559, 0x9559, 0x9559, 0x9559, 0x9d59, 0x9d59, 0x9d59, 0x9d59, 
	0x9d59, 0x9d59, 0x9d59, 0x9d59, 0x9d59, 0x9d59, 0x9d79, 0x9d79, 0x9d79, 0x9d79, 0x9d79, 0x9d79, 0x9d79, 0x9d79, 0x9d79, 0x9d79, 
	0x9d79, 0x9d79, 0x9d79, 0x9d79, 0x9d79, 0x9d79, 0x9d79, 0x9d79, 0x9d79, 0x9d99, 0x9d99, 0x9d99, 0x9d99, 0xa599, 0xa599, 0xa599, 
	0xa599, 0xa599, 0xa599, 0xa599, 0xa599, 0xa5b9, 0xa5b9, 0xa5b9, 0xa5b9, 0xa5b9, 0xadb9, 0xadb9, 0xadb9, 0xadd9, 0xadd9, 0xadd9, 
	0xadd9, 0xadd9, 0xadd9, 0xadd9, 0xadfa, 0xb5fa, 0xb5fa, 0xb5fa, 0xb5fa, 0xb5fa, 0xb61a, 0xb61a, 0xbe1a, 0xbe1a, 0xbe1a, 0xbe3a, 
	0xbe3a, 0xbe3a, 0xbe3a, 0xc65a, 0xc65a, 0xc65a, 0xc65a, 0xc65a, 0xc67a, 0xc67a, 0xce7a, 0xce7a, 0xce7a, 0xce9b, 0xce9b, 0xce9b, 
	0xce9b, 0xd69b, 0xd69b, 0xd6bb, 0xd6bb, 0xd6bb, 0xd6bb, 0xd6bb, 0xdedb, 0xdedb, 0xdedb, 0xdedb, 0xdedb, 0xdedb, 0xdefb, 0xdefb, 
	0xe6fb, 0xe6fb, 0xe6fb, 0xe6fb, 0xe71b, 0xe71b, 0xe71b, 0xe71b, 0xe71b, 0xef1c, 0xef1c, 0xef3c, 0xef3c, 0xef3c, 0xef3c, 0xef3c, 
	0xef3c, 0xef3c, 0xef3c, 0xef3c, 0xef3c, 0xef3c, 0xef5c, 0xf75c, 0xf75c, 0xf75c, 0xf75c, 0xf75c, 0xf75c, 0xf75c, 0xf75c, 0xf75c, 
	0xf75c, 0xf75c, 0xf75c, 0xf75c, 0xf75c, 0xf75c, 0xf77c, 0xf77c, 0xf77c, 0xf77c, 0xf77c, 0xf77c, 0xf77c, 0xf77c, 0xf77c, 0xf77c, 
	0xf77c, 0xf77c, 0xf77c, 0xf77c, 0xf77c, 0xf77c, 0xff7c, 0xff7c, 0xff7c, 0xff7c, 0xff7c, 0xff7c, 0xff7c, 0xff7c, 0xff7c, 0xff7c, 
	0xff7c, 0xff7c, 0xff7c, 0xff7c, 0xff7c, 0xff7c, 0xff7c, 0xff7c, 0xff7c, 0xff7c, 0xff7c, 0xff7c, 0xff7c, 0xff7c, 0xff7c, 0xff7c, 
	0xff7c, 0xff7c, 0xff7c, 0xff7c, 0xff7c, 0xff7c, 0xff7c, 0xff7c, 0xff7c, 0xff7c, 0xff7c, 0xff7c, 0xff7c, 0xff7c, 0xff7c, 0xff7c, 
	0xff7c, 0xff7c, 0xff7c, 0xff7c, 0xff7c, 0xff7c, 0xff7c, 0xff7c, 0xff7c, 0xff7c, 0xff7c, 0xff7c, 0xff7c, 0xff7c, 0xff7c, 0xff7c, 
	0xff7c, 0xff7c, 0xff7c, 0xff7c, 0xff7c, 0xff7c, 0xff7c, 0xff7c, 0xff7c, 0xff7c, 0xff7c, 0xff7c, 0xff7c, 0xff7c, 0xff7c, 0xff7c, 
	0xff7c, 0xff7c, 0xff7c, 0xff7c, 0xff7c, 0xff7c, 0xff7c, 0xff7c, 0xff7c, 0xff7c, 0xff7c, 0xff7c, 0xff7c, 0xff7c, 0xff7c, 0xff7c, 
	0xff7c, 0xff7b, 0xff7b, 0xff7c, 0xff7b, 0xff7b, 0xff7b, 0xff7b, 0xff7b, 0xff7b, 0xf77b, 0xf77b, 0xf77b, 0xf77b, 0xf77b, 0xf77b, 
	0x9559, 0x9559, 0x9559, 0x9559, 0x9559, 0x9559, 0x9559, 0x9559, 0x9559, 0x9559, 0x9559, 0x9559, 0x9559, 0x9579, 0x9559, 0x9559, 
	0x9579, 0x9559, 0x9559, 0x9559, 0x9559, 0x9559, 0x9579, 0x9559, 0x9559, 0x9559, 0x9579, 0x9559, 0x9559, 0x9559, 0x9559, 0x9559, 
	0x9559, 0x9559, 0x9559, 0x9559, 0x9559, 0x9559, 0x9559, 0x9559, 0x9559, 0x9559, 0x9559, 0x9559, 0x9559, 0x9559, 0x9559, 0x9559, 
	0x9559, 0x9559, 0x9559, 0x9559, 0x9559, 0x9558, 0x9558, 0x9558, 0x9559, 0x9559, 0x9d59, 0x9d59, 0x9d59, 0x9d59, 0x9d59, 0x9d59, 
	0x9d59, 0x9d59, 0x9d59, 0x9d59, 0x9d59, 0x9d79, 0x9d79, 0x9d79, 0x9d79, 0x9d79, 0x9d79, 0x9d79, 0x9d79, 0x9d79, 0x9d79, 0x9d79, 
	0x9d79, 0x9d79, 0x9d79, 0x9d79, 0x9d79, 0x9d79, 0x9d79, 0x9d79, 0x9d99, 0x9d99, 0x9d99, 0x9d99, 0xa599, 0xa599, 0xa599, 0xa599, 
	0xa599, 0xa599, 0xa599, 0xa599, 0xa599, 0xa5b9, 0xa5b9, 0xa5b9, 0xa5b9, 0xa5b9, 0xadb9, 0xadb9, 0xadb9, 0xadd9, 0xadd9, 0xadd9, 
	0xadd9, 0xadd9, 0xadd9, 0xadfa, 0xb5fa, 0xb5fa, 0xb5fa, 0xb5fa, 0xb5fa, 0xb5fa, 0xb61a, 0xbe1a, 0xbe1a, 0xbe1a, 0xbe1a, 0xbe3a, 
	0xbe3a, 0xbe3a, 0xc65a, 0xc65a, 0xc65a, 0xc65a, 0xc65a, 0xc65a, 0xc67a, 0xc67a, 0xce7a, 0xce7a, 0xce7b, 0xce9b, 0xce9b, 0xce9b, 
	0xce9b, 0xd69b, 0xd6bb, 0xd6bb, 0xd6bb, 0xd6bb, 0xd6bb, 0xd6bb, 0xdedb, 0xdedb, 0xdedb, 0xdedb, 0xdedb, 0xdefb, 0xdefb, 0xe6fb, 
	0xe6fb, 0xe6fb, 0xe6fb, 0xe71b, 0xe71b, 0xe71b, 0xe71b, 0xe71b, 0xe71c, 0xef1c, 0xef1c, 0xef3c, 0xef3c, 0xef3c, 0xef3c, 0xef3c, 
	0xef3c, 0xef3c, 0xef3c, 0xef3c, 0xef3c, 0xef5c, 0xf75c, 0xf75c, 0xf75c, 0xf75c, 0xf75c, 0xf75c, 0xf75c, 0xf75c, 0xf75c, 0xf75c, 
	0xf75c, 0xf75c, 0xf75c, 0xf75c, 0xf75c, 0xf77c, 0xf77c, 0xf77c, 0xf77c, 0xf77c, 0xf77c, 0xf77c, 0xf77c, 0xf77c, 0xf77c, 0xf77c, 
	0xf77c, 0xf77c, 0xf77c, 0xf77c, 0xf77c, 0xff7c, 0xff7c, 0xff7c, 0xff7c, 0xff7c, 0xff7c, 0xff7c, 0xff7c, 0xff7c, 0xff7c, 0xff7c, 
	0xff7c, 0xff7c, 0xff7c, 0xff7c, 0xff7c, 0xff7c, 0xff7c, 0xff7c, 0xff7c, 0xff7c, 0xff7c, 0xff7c, 0xff7c, 0xff7c, 0xff7c, 0xff7c, 
	0xff7c, 0xff7c, 0xff7c, 0xff7c, 0xff7c, 0xff7c, 0xff7c, 0xff7c, 0xff7c, 0xff7c, 0xff7c, 0xff7c, 0xff7c, 0xff7c, 0xff7c, 0xff7c, 
	0xff7c, 0xff7c, 0xff7c, 0xff7c, 0xff7c, 0xff7c, 0xff7c, 0xff7c, 0xff7c, 0xff7c, 0xff7c, 0xff7c, 0xff7c, 0xff7c, 0xff7c, 0xff7c, 
	0xff7c, 0xff7c, 0xff7c, 0xff7c, 0xff7c, 0xff7c, 0xff7c, 0xff7c, 0xff7c, 0xff7c, 0xff7c, 0xff7c, 0xff7c, 0xff7c, 0xff7c, 0xff7c, 
	0xff7c, 0xff7c, 0xff7c, 0xff7c, 0xff7c, 0xff7c, 0xff7c, 0xff7c, 0xff7c, 0xff7c, 0xff7c, 0xff7c, 0xff7c, 0xff7c, 0xff7c, 0xff7c, 
	0xff7c, 0xff7c, 0xff7c, 0xff7c, 0xff7b, 0xff7b, 0xff7b, 0xff7b, 0xff7b, 0xff7b, 0xf77b, 0xf77b, 0xf77b, 0xf77b, 0xf77b, 0xf77b, 
	0x9559, 0x9559, 0x9559, 0x9559, 0x9559, 0x9559, 0x9559, 0x9559, 0x9559, 0x9559, 0x9559, 0x9559, 0x9559, 0x9579, 0x9559, 0x9559, 
	0x9559, 0x9559, 0x9559, 0x9559, 0x9559, 0x9559, 0x9579, 0x9559, 0x9559, 0x9559, 0x9579, 0x9559, 0x9559, 0x9559, 0x9559, 0x9559, 
	0x9559, 0x9559, 0x9559, 0x9559, 0x9559, 0x9559, 0x9559, 0x9559, 0x9559, 0x9559, 0x9559, 0x9559, 0x9559, 0x9559, 0x9559, 0x9559, 
	0x9559, 0x9559, 0x9559, 0x9558, 0x9558, 0x9558, 0x9558, 0x9558, 0x9559, 0x9d59, 0x9d59, 0x9d58, 0x9d58, 0x9d58, 0x9d58, 0x9d58, 
	0x9d58, 0x9d58, 0x9d58, 0x9d58, 0x9d58, 0x9d58, 0x9d58, 0x9d58, 0x9d58, 0x9d58, 0x9d58, 0x9d78, 0x9d78, 0x9d78, 0x9d78, 0x9d78, 
	0x9d79, 0x9d79, 0x9d79, 0x9d79, 0x9d79, 0x9d79, 0x9d79, 0x9d79, 0x9d79, 0x9d79, 0xa579, 0xa579, 0xa599, 0xa599, 0xa599, 0xa599, 
	0xa599, 0xa599, 0xa599, 0xa599, 0xa5b9, 0xa5b9, 0xa5b9, 0xa5b9, 0xa5b9, 0xadb9, 0xadb9, 0xadb9, 0xadd9, 0xadd9, 0xadd9, 0xadd9, 
	0xadd9, 0xadd9, 0xadd9, 0xadf9, 0xb5f9, 0xb5f9, 0xb5fa, 0xb5fa, 0xb5fa, 0xb61a, 0xb61a, 0xb61a, 0xbe1a, 0xbe1a, 0xbe1a, 0xbe3a, 
	0xbe3a, 0xbe3a, 0xbe3a, 0xc65a, 0xc65a, 0xc65a, 0xc65a, 0xc65a, 0xc67a, 0xc67a, 0xce7a, 0xce7a, 0xce7b, 0xce7b, 0xce9b, 0xce9b, 
	0xce9b, 0xd69b, 0xd69b, 0xd6bb, 0xd6bb, 0xd6bb, 0xd6bb, 0xd6bb, 0xdedb, 0xdedb, 0xdedb, 0xdedb, 0xdedb, 0xdedb, 0xdefb, 0xdefb, 
	0xe6fb, 0xe6fb, 0xe6fb, 0xe6fb, 0xe6fb, 0xe71b, 0xe71b, 0xe71b, 0xe71b, 0xe71b, 0xef1b, 0xef1b, 0xef1c, 0xef3c, 0xef3c, 0xef3c, 
	0xef3c, 0xef3c, 0xef3c, 0xef3c, 0xef3c, 0xef3c, 0xef3c, 0xf73c, 0xf75c, 0xf75c, 0xf75c, 0xf75c, 0xf75c, 0xf75c, 0xf75c, 0xf75c, 
	0xf75c, 0xf75c, 0xf75c, 0xf75c, 0xf75c, 0xf75c, 0xf75c, 0xf75c, 0xf75c, 0xf75c, 0xf75c, 0xf77c, 0xf77c, 0xf77c, 0xf77c, 0xf77c, 
	0xf77c, 0xf77c, 0xf77c, 0xf77c, 0xf77c, 0xf77c, 0xf77c, 0xf77c, 0xf77c, 0xf77c, 0xf77c, 0xf77c, 0xff7c, 0xff7c, 0xff7c, 0xff7c, 
	0xff7c, 0xff7c, 0xff7c, 0xff7c, 0xff7c, 0xff7c, 0xff7c, 0xff7c, 0xff7c, 0xff7c, 0xff7c, 0xff7c, 0xff7c, 0xff7c, 0xff7c, 0xff7c, 
	0xff7c, 0xff7c, 0xff7c, 0xff7c, 0xff7c, 0xff7c, 0xff7c, 0xff7c, 0xff7c, 0xff7c, 0xff7c, 0xff7c, 0xff7c, 0xff7c, 0xff7c, 0xff7c, 
	0xff7c, 0xff7c, 0xff7c, 0xff7c, 0xff7c, 0xff7c, 0xff7c, 0xff7c, 0xff7c, 0xff7c, 0xff7c, 0xff7c, 0xff7c, 0xff7c, 0xff7c, 0xff7c, 
	0xff7c, 0xff7c, 0xff7c, 0xff7c, 0xff7c, 0xff7c, 0xff7c, 0xff7c, 0xff7c, 0xff7c, 0xff7c, 0xff7c, 0xff7c, 0xff7c, 0xff7c, 0xff7c, 
	0xff7c, 0xff7c, 0xff7c, 0xff7c, 0xff7c, 0xff7c, 0xff7c, 0xff7c, 0xff7c, 0xff7c, 0xff7c, 0xff7c, 0xff7c, 0xff7c, 0xff7c, 0xff7b, 
	0xff7c, 0xff7c, 0xff7c, 0xff7c, 0xff7b, 0xff7b, 0xff7b, 0xff7b, 0xff7b, 0xff7b, 0xf77b, 0xff7b, 0xf77b, 0xf77b, 0xf77b, 0xf77b, 
	0x9559, 0x9559, 0x955a, 0x9559, 0x9559, 0x955a, 0x955a, 0x9559, 0x9559, 0x9559, 0x9559, 0x9559, 0x9559, 0x9579, 0x9559, 0x9559, 
	0x9559, 0x9559, 0x9579, 0x9559, 0x9559, 0x9559, 0x9559, 0x9559, 0x9559, 0x9559, 0x9559, 0x9559, 0x9559, 0x9559, 0x9559, 0x9559, 
	0x9559, 0x9559, 0x9559, 0x9559, 0x9559, 0x9559, 0x9559, 0x9559, 0x9559, 0x9559, 0x9559, 0x9559, 0x9559, 0x9559, 0x9559, 0x9559, 
	0x9559, 0x9559, 0x9558, 0x9558, 0x9558, 0x9558, 0x9558, 0x9558, 0x9d59, 0x9d59, 0x9d58, 0x9d58, 0x9d58, 0x9d58, 0x9d58, 0x9d58, 
	0x9d58, 0x9d58, 0x9d58, 0x9d58, 0x9d58, 0x9d58, 0x9d58, 0x9d58, 0x9d58, 0x9d58, 0x9d78, 0x9d78, 0x9d78, 0x9d78, 0x9d78, 0x9d78, 
	0x9d79, 0x9d79, 0x9d79, 0x9d79, 0x9d79, 0x9d79, 0x9d79, 0x9d79, 0xa579, 0xa579, 0xa579, 0xa599, 0xa599, 0xa599, 0xa599, 0xa599, 
	0xa599, 0xa599, 0xa599, 0xa599, 0xa5b9, 0xa5b9, 0xa5b9, 0xa5b9, 0xadb9, 0xadb9, 0xadb9, 0xadb9, 0xadd9, 0xadd9, 0xadd9, 0xadd9, 
	0xadd9, 0xadd9, 0xadf9, 0xb5f9, 0xb5f9, 0xb5f9, 0xb5fa, 0xb5fa, 0xb5fa, 0xb61a, 0xb61a, 0xbe1a, 0xbe1a, 0xbe1a, 0xbe3a, 0xbe3a, 
	0xbe3a, 0xbe3a, 0xc63a, 0xc65a, 0xc65a, 0xc65a, 0xc65a, 0xc65a, 0xc67a, 0xc67a, 0xce7a, 0xce7b, 0xce7b, 0xce9b, 0xce9b, 0xce9b, 
	0xce9b, 0xd69b, 0xd69b, 0xd6bb, 0xd6bb, 0xd6bb, 0xd6bb, 0xd6bb, 0xdedb, 0xdedb, 0xdedb, 0xdedb, 0xdedb, 0xdedb, 0xdefb, 0xdefb, 
	0xe6fb, 0xe6fb, 0xe6fb, 0xe6fb, 0xe71b, 0xe71b, 0xe71b, 0xe71b, 0xe71b, 0xef1b, 0xef1b, 0xef1c, 0xef3c, 0xef3c, 0xef3c, 0xef3c, 
	0xef3c, 0xef3c, 0xef3c, 0xef3c, 0xef3c, 0xef3c, 0xf73c, 0xf73c, 0xf75c, 0xf75c, 0xf75c, 0xf75c, 0xf75c, 0xf75c, 0xf75c, 0xf75c, 
	0xf75c, 0xf75c, 0xf75c, 0xf75c, 0xf75c, 0xf75c, 0xf75c, 0xf75c, 0xf75c, 0xf75c, 0xf77c, 0xf77c, 0xf77c, 0xf77c, 0xf77c, 0xf77c, 
	0xf77c, 0xf77c, 0xf77c, 0xf77c, 0xf77c, 0xf77c, 0xf77c, 0xf77c, 0xf77c, 0xf77c, 0xff7c, 0xff7c, 0xff7c, 0xff7c, 0xff7c, 0xff7c, 
	0xff7c, 0xff7c, 0xff7c, 0xff7c, 0xff7c, 0xff7c, 0xff7c, 0xff7c, 0xff7c, 0xff7c, 0xff7c, 0xff7c, 0xff7c, 0xff7c, 0xff7c, 0xff7c, 
	0xff7c, 0xff7c, 0xff7c, 0xff7c, 0xff7c, 0xff7c, 0xff7c, 0xff7c, 0xff7c, 0xff7c, 0xff7c, 0xff7c, 0xff7c, 0xff7c, 0xff7c, 0xff7c, 
	0xff7c, 0xff7c, 0xff7c, 0xff7c, 0xff7c, 0xff7c, 0xff7c, 0xff7c, 0xff7c, 0xff7c, 0xff7c, 0xff7c, 0xff7c, 0xff7c, 0xff7c, 0xff7c, 
	0xff7c, 0xff7c, 0xff7c, 0xff7c, 0xff7c, 0xff7c, 0xff7c, 0xff7c, 0xff7c, 0xff7c, 0xff7c, 0xff7c, 0xff7c, 0xff7c, 0xff7c, 0xff7c, 
	0xff7c, 0xff7c, 0xff7c, 0xff7c, 0xff7c, 0xff7c, 0xff7c, 0xff7c, 0xff7c, 0xff7c, 0xff7c, 0xff7c, 0xff7c, 0xff7c, 0xff7c, 0xff7c, 
	0xff7c, 0xff7c, 0xff7c, 0xff7c, 0xff7b, 0xff7c, 0xff7b, 0xff7b, 0xff7b, 0xff7b, 0xff7b, 0xff7b, 0xff7b, 0xf77b, 0xf77b, 0xf77b, 
	0x955a, 0x9559, 0x955a, 0x9559, 0x9559, 0x955a, 0x9559, 0x9559, 0x9559, 0x9559, 0x9559, 0x9559, 0x9559, 0x9559, 0x9559, 0x9579, 
	0x9559, 0x9559, 0x9579, 0x9559, 0x9559, 0x9579, 0x9559, 0x9559, 0x9559, 0x9579, 0x9559, 0x9559, 0x9559, 0x9559, 0x9559, 0x9559, 
	0x9559, 0x9559, 0x9559, 0x9559, 0x9559, 0x9559, 0x9559, 0x9559, 0x9559, 0x9559, 0x9559, 0x9559, 0x9559, 0x9559, 0x9559, 0x9559, 
	0x9559, 0x9558, 0x9558, 0x9558, 0x9558, 0x9558, 0x9558, 0x9d58, 0x9d59, 0x9d58, 0x9d58, 0x9d58, 0x9d58, 0x9d58, 0x9d58, 0x9d58, 
	0x9d58, 0x9d58, 0x9d58, 0x9d58, 0x9d58, 0x9d58, 0x9d58, 0x9d58, 0x9d58, 0x9d78, 0x9d78, 0x9d78, 0x9d78, 0x9d78, 0x9d78, 0x9d78, 
	0x9d79, 0x9d79, 0x9d79, 0x9d79, 0x9d79, 0x9d79, 0x9d79, 0xa579, 0xa579, 0xa579, 0xa599, 0xa599, 0xa599, 0xa599, 0xa599, 0xa599, 
	0xa599, 0xa599, 0xa599, 0xa5b9, 0xa5b9, 0xa5b9, 0xa5b9, 0xa5b9, 0xadb9, 0xadb9, 0xadb9, 0xadd9, 0xadd9, 0xadd9, 0xadd9, 0xadd9, 
	0xadd9, 0xadd9, 0xb5f9, 0xb5f9, 0xb5f9, 0xb5fa, 0xb5fa, 0xb5fa, 0xb61a, 0xb61a, 0xb61a, 0xbe1a, 0xbe1a, 0xbe1a, 0xbe3a, 0xbe3a, 
	0xbe3a, 0xbe3a, 0xc63a, 0xc65a, 0xc65a, 0xc65a, 0xc65a, 0xc65a, 0xc67a, 0xce7a, 0xce7a, 0xce7b, 0xce7b, 0xce9b, 0xce9b, 0xce9b, 
	0xd69b, 0xd69b, 0xd6bb, 0xd6bb, 0xd6bb, 0xd6bb, 0xd6bb, 0xdebb, 0xdedb, 0xdedb, 0xdedb, 0xdedb, 0xdedb, 0xdefb, 0xdefb, 0xe6fb, 
	0xe6fb, 0xe6fb, 0xe6fb, 0xe71b, 0xe71b, 0xe71b, 0xe71b, 0xe71b, 0xe71b, 0xef1b, 0xef1c, 0xef3c, 0xef3c, 0xef3c, 0xef3c, 0xef3c, 
	0xef3c, 0xef3c, 0xef3c, 0xef3c, 0xef3c, 0xef3c, 0xf73c, 0xf75c, 0xf75c, 0xf75c, 0xf75c, 0xf75c, 0xf75c, 0xf75c, 0xf75c, 0xf75c, 
	0xf75c, 0xf75c, 0xf75c, 0xf75c, 0xf75c, 0xf75c, 0xf75c, 0xf75c, 0xf75c, 0xf77c, 0xf77c, 0xf77c, 0xf77c, 0xf77c, 0xf77c, 0xf77c, 
	0xf77c, 0xf77c, 0xf77c, 0xf77c, 0xf77c, 0xf77c, 0xf77c, 0xf77c, 0xf77c, 0xff7c, 0xff7c, 0xff7c, 0xff7c, 0xff7c, 0xff7c, 0xff7c, 
	0xff7c, 0xff7c, 0xff7c, 0xff7c, 0xff7c, 0xff7c, 0xff7c, 0xff7c, 0xff7c, 0xff7c, 0xff7c, 0xff7c, 0xff7c, 0xff7c, 0xff7c, 0xff7c, 
	0xff7c, 0xff7c, 0xff7c, 0xff7c, 0xff7c, 0xff7c, 0xff7c, 0xff7c, 0xff7c, 0xff7c, 0xff7c, 0xff7c, 0xff7c, 0xff7c, 0xff7c, 0xff7c, 
	0xff7c, 0xff7c, 0xff7c, 0xff7c, 0xff7c, 0xff7c, 0xff7c, 0xff7c, 0xff7c, 0xff7c, 0xff7c, 0xff7c, 0xff7c, 0xff7c, 0xff7c, 0xff7c, 
	0xff7c, 0xff7c, 0xff7c, 0xff7c, 0xff7c, 0xff7c, 0xff7c, 0xff7c, 0xff7c, 0xff7c, 0xff7c, 0xff7c, 0xff7c, 0xff7c, 0xff7c, 0xff7c, 
	0xff7c, 0xff7c, 0xff7c, 0xff7c, 0xff7c, 0xff7c, 0xff7c, 0xff7c, 0xff7c, 0xff7c, 0xff7c, 0xff7c, 0xff7c, 0xff7c, 0xff7c, 0xff7c, 
	0xff7c, 0xff7c, 0xff7b, 0xff7c, 0xff7b, 0xff7b, 0xff7b, 0xff7b, 0xff7b, 0xff7b, 0xff7b, 0xff7b, 0xff7b, 0xff7b, 0xff7b, 0xff7b, 
	0x955a, 0x9559, 0x955a, 0x9559, 0x9559, 0x957a, 0x9559, 0x9579, 0x9559, 0x9579, 0x9559, 0x9579, 0x9559, 0x9559, 0x9559, 0x9579, 
	0x9559, 0x9559, 0x9579, 0x9559, 0x9559, 0x9579, 0x9559, 0x9559, 0x9559, 0x9579, 0x9559, 0x9559, 0x9559, 0x9559, 0x9559, 0x9559, 
	0x9559, 0x9559, 0x9559, 0x9559, 0x9559, 0x9559, 0x9559, 0x9559, 0x9559, 0x9559, 0x9559, 0x9559, 0x9559, 0x9559, 0x9559, 0x9d59, 
	0x9558, 0x9558, 0x9558, 0x9558, 0x9558, 0x9d58, 0x9d58, 0x9d58, 0x9d58, 0x9d58, 0x9d58, 0x9d58, 0x9d58, 0x9d58, 0x9d58, 0x9d58, 
	0x9d58, 0x9d58, 0x9d58, 0x9d58, 0x9d58, 0x9d58, 0x9d58, 0x9d58, 0x9d78, 0x9d78, 0x9d78, 0x9d78, 0x9d78, 0x9d78, 0x9d78, 0x9d78, 
	0x9d79, 0x9d79, 0x9d79, 0x9d79, 0x9d79, 0xa579, 0xa579, 0xa579, 0xa579, 0xa599, 0xa599, 0xa599, 0xa599, 0xa599, 0xa599, 0xa599, 
	0xa599, 0xa599, 0xa599, 0xa5b9, 0xa5b9, 0xa5b9, 0xa5b9, 0xadb9, 0xadb9, 0xadb9, 0xadb9, 0xadd9, 0xadd9, 0xadd9, 0xadd9, 0xadd9, 
	0xadd9, 0xadf9, 0xb5f9, 0xb5f9, 0xb5f9, 0xb5fa, 0xb5fa, 0xb5fa, 0xb61a, 0xb61a, 0xbe1a, 0xbe1a, 0xbe1a, 0xbe1a, 0xbe3a, 0xbe3a, 
	0xbe3a, 0xbe3a, 0xc65a, 0xc65a, 0xc65a, 0xc65a, 0xc65a, 0xc67a, 0xc67a, 0xce7a, 0xce7a, 0xce7b, 0xce7b, 0xce9b, 0xce9b, 0xce9b, 
	0xd69b, 0xd69b, 0xd6bb, 0xd6bb, 0xd6bb, 0xd6bb, 0xd6bb, 0xdedb, 0xdedb, 0xdedb, 0xdedb, 0xdedb, 0xdedb, 0xdefb, 0xdefb, 0xe6fb, 
	0xe6fb, 0xe6fb, 0xe6fb, 0xe71b, 0xe71b, 0xe71b, 0xe71b, 0xe71b, 0xe71b, 0xef1b, 0xef1c, 0xef3c, 0xef3c, 0xef3c, 0xef3c, 0xef3c, 
	0xef3c, 0xef3c, 0xef3c, 0xef3c, 0xef3c, 0xf73c, 0xf75c, 0xf75c, 0xf75c, 0xf75c, 0xf75c, 0xf75c, 0xf75c, 0xf75c, 0xf75c, 0xf75c, 
	0xf75c, 0xf75c, 0xf75c, 0xf75c, 0xf75c, 0xf75c, 0xf75c, 0xf75c, 0xf77c, 0xf77c, 0xf77c, 0xf77c, 0xf77c, 0xf77c, 0xf77c, 0xf77c, 
	0xf77c, 0xf77c, 0xf77c, 0xf77c, 0xf77c, 0xf77c, 0xf77c, 0xf77c, 0xff7c, 0xff7c, 0xff7c, 0xff7c, 0xff7c, 0xff7c, 0xff7c, 0xff7c, 
	0xff7c, 0xff7c, 0xff7c, 0xff7c, 0xff7c, 0xff7c, 0xff7c, 0xff7c, 0xff7c, 0xff7c, 0xff7c, 0xff7c, 0xff7c, 0xff7c, 0xff7c, 0xff7c, 
	0xff7c, 0xff7c, 0xff7c, 0xff7c, 0xff7c, 0xff7c, 0xff7c, 0xff7c, 0xff7c, 0xff7c, 0xff7c, 0xff7c, 0xff7c, 0xff7c, 0xff7c, 0xff7c, 
	0xff7c, 0xff7c, 0xff7c, 0xff7c, 0xff7c, 0xff7c, 0xff7c, 0xff7c, 0xff7c, 0xff7c, 0xff7c, 0xff7c, 0xff7c, 0xff7c, 0xff7c, 0xff7c, 
	0xff7c, 0xff7c, 0xff7c, 0xff7c, 0xff7c, 0xff7c, 0xff7c, 0xff7c, 0xff7c, 0xff7c, 0xff7c, 0xff7c, 0xff7c, 0xff7c, 0xff7c, 0xff7c, 
	0xff7c, 0xff7c, 0xff7c, 0xff7c, 0xff7c, 0xff7c, 0xff7c, 0xff7c, 0xff7c, 0xff7c, 0xff7c, 0xff7c, 0xff7c, 0xff9c, 0xff9c, 0xff7c, 
	0xff7c, 0xff7c, 0xff7b, 0xff7c, 0xff7b, 0xff7b, 0xff7b, 0xff7b, 0xff7b, 0xff7b, 0xff7b, 0xff7b, 0xff7b, 0xff7b, 0xff7b, 0xff7b, 
	0x955a, 0x9559, 0x955a, 0x9559, 0x9579, 0x957a, 0x9579, 0x9579, 0x9579, 0x9579, 0x9579, 0x9559, 0x9559, 0x9559, 0x9559, 0x9579, 
	0x9559, 0x9559, 0x9579, 0x9559, 0x9559, 0x9579, 0x9559, 0x9559, 0x9559, 0x9579, 0x9559, 0x9559, 0x9559, 0x9559, 0x9559, 0x9559, 
	0x9559, 0x9559, 0x9559, 0x9559, 0x9559, 0x9d59, 0x9559, 0x9559, 0x9559, 0x9d59, 0x9559, 0x9559, 0x9559, 0x9d59, 0x9d59, 0x9558, 
	0x9558, 0x9558, 0x9558, 0x9558, 0x9d58, 0x9d58, 0x9d58, 0x9d58, 0x9d58, 0x9d58, 0x9d58, 0x9d58, 0x9d58, 0x9d58, 0x9d58, 0x9d58, 
	0x9d58, 0x9d58, 0x9d58, 0x9d58, 0x9d58, 0x9d58, 0x9d78, 0x9d78, 0x9d78, 0x9d78, 0x9d78, 0x9d78, 0x9d78, 0x9d78, 0x9d78, 0x9d78, 
	0x9d78, 0x9d79, 0x9d79, 0x9d79, 0xa579, 0xa579, 0xa579, 0xa579, 0xa579, 0xa599, 0xa599, 0xa599, 0xa599, 0xa599, 0xa599, 0xa599, 
	0xa599, 0xa599, 0xa5b9, 0xa5b9, 0xa5b9, 0xa5b9, 0xadb9, 0xadb9, 0xadb9, 0xadb9, 0xadb9, 0xadd9, 0xadd9, 0xadd9, 0xadd9, 0xadd9, 
	0xadd9, 0xb5f9, 0xb5f9, 0xb5f9, 0xb5f9, 0xb5fa, 0xb5fa, 0xb61a, 0xb61a, 0xb61a, 0xbe1a, 0xbe1a, 0xbe1a, 0xbe3a, 0xbe3a, 0xbe3a, 
	0xbe3a, 0xc63a, 0xc65a, 0xc65a, 0xc65a, 0xc65a, 0xc65a, 0xc67a, 0xce7a, 0xce7a, 0xce7b, 0xce7b, 0xce9b, 0xce9b, 0xce9b, 0xd69b, 
	0xd69b, 0xd69b, 0xd6bb, 0xd6bb, 0xd6bb, 0xd6bb, 0xd6bb, 0xdedb, 0xdedb, 0xdedb, 0xdedb, 0xdedb, 0xdefb, 0xdefb, 0xe6fb, 0xe6fb, 
	0xe6fb, 0xe6fb, 0xe6fb, 0xe71b, 0xe71b, 0xe71b, 0xe71b, 0xe71b, 0xef1b, 0xef1c, 0xef1c, 0xef3c, 0xef3c, 0xef3c, 0xef3c, 0xef3c, 
	0xef3c, 0xef3c, 0xef3c, 0xef3c, 0xef3c, 0xf75c, 0xf75c, 0xf75c, 0xf75c, 0xf75c, 0xf75c, 0xf75c, 0xf75c, 0xf75c, 0xf75c, 0xf75c, 
	0xf75c, 0xf75c, 0xf75c, 0xf75c, 0xf75c, 0xf75c, 0xf75c, 0xf77c, 0xf77c, 0xf77c, 0xf77c, 0xf77c, 0xf77c, 0xf77c, 0xf77c, 0xf77c, 
	0xf77c, 0xf77c, 0xf77c, 0xf77c, 0xf77c, 0xf77c, 0xf77c, 0xf77c, 0xff7c, 0xff7c, 0xff7c, 0xff7c, 0xff7c, 0xff7c, 0xff7c, 0xff7c, 
	0xff7c, 0xff7c, 0xff7c, 0xff7c, 0xff7c, 0xff7c, 0xff7c, 0xff7c, 0xff7c, 0xff7c, 0xff7c, 0xff7c, 0xff7c, 0xff7c, 0xff7c, 0xff7c, 
	0xff7c, 0xff7c, 0xff7c, 0xff7c, 0xff7c, 0xff7c, 0xff7c, 0xff7c, 0xff7c, 0xff7c, 0xff7c, 0xff7c, 0xff7c, 0xff7c, 0xff7c, 0xff7c, 
	0xff7c, 0xff7c, 0xff7c, 0xff7c, 0xff7c, 0xff7c, 0xff7c, 0xff7c, 0xff7c, 0xff7c, 0xff7c, 0xff7c, 0xff7c, 0xff7c, 0xff7c, 0xff7c, 
	0xff7c, 0xff9c, 0xff7c, 0xff7c, 0xff7c, 0xff7c, 0xff9c, 0xff7c, 0xff7c, 0xff7c, 0xff9c, 0xff7c, 0xff7c, 0xff7c, 0xff7c, 0xff7c, 
	0xff7c, 0xff7c, 0xff7c, 0xff7c, 0xff7c, 0xff7c, 0xff7c, 0xff7c, 0xff7c, 0xff7c, 0xff7c, 0xff7c, 0xff7c, 0xff9c, 0xff9c, 0xff7c, 
	0xff7c, 0xff7c, 0xff7b, 0xff7b, 0xff7c, 0xff7b, 0xff7b, 0xff7b, 0xff7b, 0xff7b, 0xff7b, 0xff7b, 0xff7b, 0xff7b, 0xff7b, 0xff7b, 
	0x955a, 0x9559, 0x9d5a, 0x9579, 0x9579, 0x957a, 0x9579, 0x9559, 0x9579, 0x9579, 0x9579, 0x9559, 0x9559, 0x9559, 0x9559, 0x9579, 
	0x9579, 0x9559, 0x9559, 0x9559, 0x9559, 0x9579, 0x9559, 0x9559, 0x9559, 0x9579, 0x9559, 0x9559, 0x9559, 0x9559, 0x9559, 0x9559, 
	0x9559, 0x9559, 0x9559, 0x9559, 0x9d59, 0x9559, 0x9559, 0x9559, 0x9d59, 0x9558, 0x9559, 0x9559, 0x9d59, 0x9d59, 0x9558, 0x9558, 
	0x9558, 0x9d58, 0x9d58, 0x9d58, 0x9d58, 0x9d58, 0x9d58, 0x9d58, 0x9d58, 0x9d58, 0x9d58, 0x9d58, 0x9d58, 0x9d58, 0x9d58, 0x9d58, 
	0x9d58, 0x9d58, 0x9d58, 0x9d58, 0x9d58, 0x9d78, 0x9d78, 0x9d78, 0x9d78, 0x9d78, 0x9d78, 0x9d78, 0x9d78, 0x9d78, 0x9d78, 0x9d78, 
	0x9d78, 0x9d78, 0xa579, 0xa579, 0xa579, 0xa579, 0xa579, 0xa579, 0xa599, 0xa599, 0xa599, 0xa599, 0xa599, 0xa599, 0xa599, 0xa599, 
	0xa599, 0xa599, 0xa5b9, 0xa5b9, 0xa5b9, 0xa5b9, 0xadb9, 0xadb9, 0xadb9, 0xadb9, 0xadd9, 0xadd9, 0xadd9, 0xadd9, 0xadd9, 0xadd9, 
	0xadd9, 0xb5f9, 0xb5f9, 0xb5f9, 0xb5f9, 0xb5fa, 0xb5fa, 0xb61a, 0xb61a, 0xbe1a, 0xbe1a, 0xbe1a, 0xbe1a, 0xbe3a, 0xbe3a, 0xbe3a, 
	0xbe3a, 0xc63a, 0xc65a, 0xc65a, 0xc65a, 0xc65a, 0xc67a, 0xc67a, 0xce7a, 0xce7a, 0xce7b, 0xce7b, 0xce9b, 0xce9b, 0xce9b, 0xd69b, 
	0xd69b, 0xd6bb, 0xd6bb, 0xd6bb, 0xd6bb, 0xd6bb, 0xdedb, 0xdedb, 0xdedb, 0xdedb, 0xdedb, 0xdedb, 0xdefb, 0xdefb, 0xe6fb, 0xe6fb, 
	0xe6fb, 0xe6fb, 0xe6fb, 0xe71b, 0xe71b, 0xe71b, 0xe71b, 0xe71b, 0xef1b, 0xef1c, 0xef3c, 0xef3c, 0xef3c, 0xef3c, 0xef3c, 0xef3c, 
	0xef3c, 0xef3c, 0xef3c, 0xef3c, 0xf73c, 0xf75c, 0xf75c, 0xf75c, 0xf75c, 0xf75c, 0xf75c, 0xf75c, 0xf75c, 0xf75c, 0xf75c, 0xf75c, 
	0xf75c, 0xf75c, 0xf75c, 0xf75c, 0xf75c, 0xf75c, 0xf77c, 0xf77c, 0xf77c, 0xf77c, 0xf77c, 0xf77c, 0xf77c, 0xf77c, 0xf77c, 0xf77c, 
	0xf77c, 0xf77c, 0xf77c, 0xf77c, 0xf77c, 0xf77c, 0xf77c, 0xff7c, 0xff7c, 0xff7c, 0xff7c, 0xff7c, 0xff7c, 0xff7c, 0xff7c, 0xff7c, 
	0xff7c, 0xff7c, 0xff7c, 0xff7c, 0xff7c, 0xff7c, 0xff7c, 0xff7c, 0xff7c, 0xff7c, 0xff7c, 0xff7c, 0xff7c, 0xff7c, 0xff7c, 0xff7c, 
	0xff7c, 0xff7c, 0xff7c, 0xff7c, 0xff7c, 0xff7c, 0xff7c, 0xff7c, 0xff7c, 0xff7c, 0xff7c, 0xff7c, 0xff7c, 0xff7c, 0xff7c, 0xff7c, 
	0xff7c, 0xff7c, 0xff7c, 0xff7c, 0xff7c, 0xff7c, 0xff7c, 0xff7c, 0xff7c, 0xff7c, 0xff9c, 0xff7c, 0xff7c, 0xff7c, 0xff7c, 0xff7c, 
	0xff7c, 0xff7c, 0xff9c, 0xff7c, 0xff7c, 0xff7c, 0xff7c, 0xff9c, 0xff7c, 0xff7c, 0xff7c, 0xff9c, 0xff7c, 0xff9c, 0xff7c, 0xff9c, 
	0xff7c, 0xff9c, 0xff7c, 0xff9c, 0xff7c, 0xff7c, 0xff9c, 0xff9c, 0xff7c, 0xff7c, 0xff9c, 0xff9c, 0xff7c, 0xff7c, 0xff9c, 0xff7c, 
	0xff7c, 0xff7c, 0xff7c, 0xff7c, 0xff7c, 0xff7b, 0xff9b, 0xff7b, 0xff7b, 0xff7b, 0xff7b, 0xff7b, 0xff7b, 0xff7b, 0xff7b, 0xff7b, 
	0x9559, 0x9559, 0x9d5a, 0x9559, 0x9579, 0x9559, 0x9579, 0x9559, 0x9579, 0x9559, 0x9579, 0x9559, 0x9579, 0x9559, 0x9559, 0x9579, 
	0x9579, 0x9559, 0x9559, 0x9559, 0x9559, 0x9579, 0x9559, 0x9559, 0x9559, 0x9579, 0x9559, 0x9559, 0x9559, 0x9559, 0x9559, 0x9559, 
	0x9559, 0x9559, 0x9559, 0x9d59, 0x9d59, 0x9559, 0x9559, 0x9d59, 0x9d59, 0x9558, 0x9559, 0x9d59, 0x9d59, 0x9d59, 0x9558, 0x9d58, 
	0x9d58, 0x9d58, 0x9d58, 0x9d58, 0x9d58, 0x9d58, 0x9d58, 0x9d58, 0x9d58, 0x9d58, 0x9d58, 0x9d58, 0x9d58, 0x9d58, 0x9d58, 0x9d58, 
	0x9d58, 0x9d58, 0x9d78, 0x9d78, 0x9d78, 0x9d78, 0x9d78, 0x9d78, 0x9d78, 0x9d78, 0x9d78, 0x9d78, 0x9d78, 0x9d78, 0x9d78, 0x9d78, 
	0xa578, 0xa578, 0xa579, 0xa579, 0xa579, 0xa579, 0xa579, 0xa599, 0xa599, 0xa599, 0xa599, 0xa599, 0xa599, 0xa599, 0xa599, 0xa599, 
	0xa599, 0xa5b9, 0xa5b9, 0xa5b9, 0xa5b9, 0xadb9, 0xadb9, 0xadb9, 0xadb9, 0xadb9, 0xadd9, 0xadd9, 0xadd9, 0xadd9, 0xadd9, 0xadd9, 
	0xb5d9, 0xb5f9, 0xb5f9, 0xb5f9, 0xb5f9, 0xb5fa, 0xb5fa, 0xb61a, 0xb61a, 0xbe1a, 0xbe1a, 0xbe1a, 0xbe1a, 0xbe3a, 0xbe3a, 0xbe3a, 
	0xbe3a, 0xc65a, 0xc65a, 0xc65a, 0xc65a, 0xc65a, 0xc67a, 0xc67a, 0xce7a, 0xce7a, 0xce7b, 0xce9b, 0xce9b, 0xce9b, 0xce9b, 0xd69b, 
	0xd69b, 0xd6bb, 0xd6bb, 0xd6bb, 0xd6bb, 0xd6bb, 0xdedb, 0xdedb, 0xdedb, 0xdedb, 0xdedb, 0xdefb, 0xdefb, 0xdefb, 0xe6fb, 0xe6fb, 
	0xe6fb, 0xe6fb, 0xe71b, 0xe71b, 0xe71b, 0xe71b, 0xe71b, 0xef1b, 0xef1c, 0xef1c, 0xef3c, 0xef3c, 0xef3c, 0xef3c, 0xef3c, 0xef3c, 
	0xef3c, 0xef3c, 0xef3c, 0xef3c, 0xf75c, 0xf75c, 0xf75c, 0xf75c, 0xf75c, 0xf75c, 0xf75c, 0xf75c, 0xf75c, 0xf75c, 0xf75c, 0xf75c, 
	0xf75c, 0xf75c, 0xf75c, 0xf75c, 0xf75c, 0xf75c, 0xf77c, 0xf77c, 0xf77c, 0xf77c, 0xf77c, 0xf77c, 0xf77c, 0xf77c, 0xf77c, 0xf77c, 
	0xf77c, 0xf77c, 0xf77c, 0xf77c, 0xf77c, 0xf77c, 0xf77c, 0xff7c, 0xff7c, 0xff7c, 0xff7c, 0xff7c, 0xff7c, 0xff7c, 0xff7c, 0xff7c, 
	0xff7c, 0xff7c, 0xff7c, 0xff7c, 0xff7c, 0xff7c, 0xff7c, 0xff7c, 0xff7c, 0xff7c, 0xff7c, 0xff7c, 0xff7c, 0xff7c, 0xff7c, 0xff7c, 
	0xff7c, 0xff7c, 0xff7c, 0xff7c, 0xff7c, 0xff7c, 0xff7c, 0xff7c, 0xff7c, 0xff7c, 0xff7c, 0xff7c, 0xff7c, 0xff7c, 0xff7c, 0xff7c, 
	0xff7c, 0xff7c, 0xff7c, 0xff7c, 0xff7c, 0xff7c, 0xff7c, 0xff7c, 0xff7c, 0xff7c, 0xff9c, 0xff9c, 0xff9c, 0xff7c, 0xff7c, 0xff7c, 
	0xff7c, 0xff7c, 0xff9c, 0xff9c, 0xff7c, 0xff7c, 0xff7c, 0xff9c, 0xff7c, 0xff7c, 0xff7c, 0xff9c, 0xff7c, 0xff9c, 0xff7c, 0xff9c, 
	0xff7c, 0xff9c, 0xff7c, 0xff9c, 0xff7c, 0xff7c, 0xff9c, 0xff7c, 0xff7c, 0xff7c, 0xff9c, 0xff7c, 0xff7c, 0xff7c, 0xff7c, 0xff7c, 
	0xff7c, 0xff7c, 0xff7c, 0xff7c, 0xff7c, 0xff7b, 0xff7b, 0xff7b, 0xff7b, 0xff7b, 0xff7b, 0xff7b, 0xff7b, 0xff7b, 0xff7b, 0xff7b, 
	0x9559, 0x9559, 0x9d5a, 0x9559, 0x9579, 0x9559, 0x9579, 0x9559, 0x9579, 0x9559, 0x9579, 0x9559, 0x9579, 0x9579, 0x9d59, 0x9579, 
	0x9579, 0x9579, 0x9559, 0x9559, 0x9579, 0x9579, 0x9579, 0x9559, 0x9579, 0x9579, 0x9579, 0x9559, 0x9559, 0x9559, 0x9559, 0x9559, 
	0x9559, 0x9559, 0x9559, 0x9d59, 0x9d59, 0x9559, 0x9d59, 0x9d59, 0x9d59, 0x9558, 0x9d58, 0x9d59, 0x9d59, 0x9558, 0x9d58, 0x9d58, 
	0x9d58, 0x9d58, 0x9d58, 0x9d58, 0x9d58, 0x9d58, 0x9d58, 0x9d58, 0x9d58, 0x9d58, 0x9d58, 0x9d58, 0x9d58, 0x9d58, 0x9d58, 0x9d78, 
	0x9d78, 0x9d78, 0x9d78, 0x9d78, 0x9d78, 0x9d78, 0x9d78, 0x9d78, 0x9d78, 0x9d78, 0x9d78, 0x9d78, 0x9d78, 0x9d78, 0xa578, 0xa578, 
	0xa578, 0xa578, 0xa578, 0xa579, 0xa579, 0xa599, 0xa599, 0xa599, 0xa599, 0xa599, 0xa599, 0xa599, 0xa599, 0xa599, 0xa599, 0xa599, 
	0xa599, 0xa5b9, 0xa5b9, 0xa5b9, 0xadb9, 0xadb9, 0xadb9, 0xadb9, 0xadb9, 0xadb9, 0xadd9, 0xadd9, 0xadd9, 0xadd9, 0xadd9, 0xb5d9, 
	0xb5f9, 0xb5f9, 0xb5f9, 0xb5f9, 0xb5f9, 0xb5fa, 0xb5fa, 0xb61a, 0xb61a, 0xbe1a, 0xbe1a, 0xbe1a, 0xbe1a, 0xbe3a, 0xbe3a, 0xbe3a, 
	0xc63a, 0xc65a, 0xc65a, 0xc65a, 0xc65a, 0xc65a, 0xc67a, 0xce7a, 0xce7a, 0xce7a, 0xce7b, 0xce9b, 0xce9b, 0xce9b, 0xd69b, 0xd69b, 
	0xd69b, 0xd6bb, 0xd6bb, 0xd6bb, 0xd6bb, 0xd6bb, 0xdedb, 0xdedb, 0xdedb, 0xdedb, 0xdedb, 0xdefb, 0xdefb, 0xe6fb, 0xe6fb, 0xe6fb, 
	0xe6fb, 0xe6fb, 0xe71b, 0xe71b, 0xe71b, 0xe71b, 0xe71b, 0xef1b, 0xef1c, 0xef1c, 0xef3c, 0xef3c, 0xef3c, 0xef3c, 0xef3c, 0xef3c, 
	0xef3c, 0xef3c, 0xef3c, 0xef5c, 0xf75c, 0xf75c, 0xf75c, 0xf75c, 0xf75c, 0xf75c, 0xf75c, 0xf75c, 0xf75c, 0xf75c, 0xf75c, 0xf75c, 
	0xf75c, 0xf75c, 0xf75c, 0xf75c, 0xf75c, 0xf77c, 0xf77c, 0xf77c, 0xf77c, 0xf77c, 0xf77c, 0xf77c, 0xf77c, 0xf77c, 0xf77c, 0xf77c, 
	0xf77c, 0xf77c, 0xf77c, 0xf77c, 0xf77c, 0xf77c, 0xff7c, 0xff7c, 0xff7c, 0xff7c, 0xff7c, 0xff7c, 0xff7c, 0xff7c, 0xff7c, 0xff7c, 
	0xff7c, 0xff7c, 0xff7c, 0xff7c, 0xff7c, 0xff7c, 0xff7c, 0xff7c, 0xff7c, 0xff7c, 0xff7c, 0xff7c, 0xff7c, 0xff7c, 0xff7c, 0xff7c, 
	0xff7c, 0xff7c, 0xff7c, 0xff7c, 0xff7c, 0xff7c, 0xff7c, 0xff7c, 0xff7c, 0xff7c, 0xff7c, 0xff7c, 0xff7c, 0xff7c, 0xff7c, 0xff7c, 
	0xff7c, 0xff7c, 0xff7c, 0xff7c, 0xff7c, 0xff7c, 0xff7c, 0xff7c, 0xff7c, 0xff7c, 0xff7c, 0xff9c, 0xff9c, 0xff9c, 0xff7c, 0xff7c, 
	0xff7c, 0xff7c, 0xff7c, 0xff9c, 0xff9c, 0xff7c, 0xff7c, 0xff9c, 0xff9c, 0xff7c, 0xff7c, 0xff9c, 0xff7c, 0xff7c, 0xff7c, 0xff7c, 
	0xff7c, 0xff7c, 0xff7c, 0xff7c, 0xff7c, 0xff9c, 0xff9c, 0xff7c, 0xff7c, 0xff9c, 0xff9c, 0xff7c, 0xff7c, 0xff7c, 0xff7c, 0xff7c, 
	0xff7c, 0xff7c, 0xff7c, 0xff7c, 0xff7c, 0xff7b, 0xff7b, 0xff7b, 0xff7b, 0xff7b, 0xff7b, 0xff7b, 0xff7b, 0xff7b, 0xff7b, 0xff7b, 
	0x9559, 0x9559, 0x9559, 0x9559, 0x9579, 0x9559, 0x9579, 0x9559, 0x9579, 0x9559, 0x9579, 0x9559, 0x9579, 0x9579, 0x9d59, 0x9579, 
	0x9579, 0x9579, 0x9559, 0x9559, 0x9579, 0x9559, 0x9579, 0x9559, 0x9579, 0x9559, 0x9579, 0x9559, 0x9559, 0x9559, 0x9559, 0x9559, 
	0x9559, 0x9559, 0x9559, 0x9d59, 0x9559, 0x9d59, 0x9d59, 0x9d59, 0x9558, 0x9d58, 0x9d58, 0x9d58, 0x9d58, 0x9d58, 0x9d58, 0x9d58, 
	0x9d58, 0x9d58, 0x9d58, 0x9d58, 0x9d58, 0x9d58, 0x9d58, 0x9d58, 0x9d58, 0x9d58, 0x9d58, 0x9d58, 0x9d58, 0x9d78, 0x9d78, 0x9d78, 
	0x9d78, 0x9d78, 0x9d78, 0x9d78, 0x9d78, 0x9d78, 0x9d78, 0x9d78, 0x9d78, 0x9d78, 0x9d78, 0x9d78, 0x9d78, 0xa578, 0xa578, 0xa578, 
	0xa578, 0xa578, 0xa578, 0xa578, 0xa579, 0xa599, 0xa599, 0xa599, 0xa599, 0xa599, 0xa599, 0xa599, 0xa599, 0xa599, 0xa599, 0xa599, 
	0xa599, 0xa5b9, 0xa5b9, 0xa5b9, 0xadb9, 0xadb9, 0xadb9, 0xadb9, 0xadb9, 0xadd9, 0xadd9, 0xadd9, 0xadd9, 0xadd9, 0xadd9, 0xb5d9, 
	0xb5f9, 0xb5f9, 0xb5f9, 0xb5f9, 0xb5f9, 0xb5fa, 0xb61a, 0xb61a, 0xbe1a, 0xbe1a, 0xbe1a, 0xbe1a, 0xbe3a, 0xbe3a, 0xbe3a, 0xbe3a, 
	0xc63a, 0xc65a, 0xc65a, 0xc65a, 0xc65a, 0xc65a, 0xc67a, 0xce7a, 0xce7a, 0xce7a, 0xce7b, 0xce9b, 0xce9b, 0xce9b, 0xd69b, 0xd69b, 
	0xd6bb, 0xd6bb, 0xd6bb, 0xd6bb, 0xd6bb, 0xdebb, 0xdedb, 0xdedb, 0xdedb, 0xdedb, 0xdedb, 0xdefb, 0xdefb, 0xe6fb, 0xe6fb, 0xe6fb, 
	0xe6fb, 0xe6fb, 0xe71b, 0xe71b, 0xe71b, 0xe71b, 0xe71b, 0xef1c, 0xef1c, 0xef3c, 0xef3c, 0xef3c, 0xef3c, 0xef3c, 0xef3c, 0xef3c, 
	0xef3c, 0xef3c, 0xef3c, 0xf75c, 0xf75c, 0xf75c, 0xf75c, 0xf75c, 0xf75c, 0xf75c, 0xf75c, 0xf75c, 0xf75c, 0xf75c, 0xf75c, 0xf75c, 
	0xf75c, 0xf75c, 0xf75c, 0xf75c, 0xf77c, 0xf77c, 0xf77c, 0xf77c, 0xf77c, 0xf77c, 0xf77c, 0xf77c, 0xf77c, 0xf77c, 0xf77c, 0xf77c, 
	0xf77c, 0xf77c, 0xf77c, 0xf77c, 0xf77c, 0xff7c, 0xff7c, 0xff7c, 0xff7c, 0xff7c, 0xff7c, 0xff7c, 0xff7c, 0xff7c, 0xff7c, 0xff7c, 
	0xff7c, 0xff7c, 0xff7c, 0xff7c, 0xff7c, 0xff7c, 0xff7c, 0xff7c, 0xff7c, 0xff7c, 0xff7c, 0xff7c, 0xff7c, 0xff7c, 0xff7c, 0xff7c, 
	0xff7c, 0xff7c, 0xff7c, 0xff7c, 0xff7c, 0xff7c, 0xff7c, 0xff7c, 0xff7c, 0xff7c, 0xff7c, 0xff7c, 0xff7c, 0xff7c, 0xff7c, 0xff7c, 
	0xff7c, 0xff7c, 0xff7c, 0xff7c, 0xff7c, 0xff7c, 0xff7c, 0xff7c, 0xff7c, 0xff7c, 0xff7c, 0xff7c, 0xff9c, 0xff9c, 0xff9c, 0xff7c, 
	0xff7c, 0xff7c, 0xff7c, 0xff7c, 0xff9c, 0xff9c, 0xff7c, 0xff7c, 0xff9c, 0xff7c, 0xff7c, 0xff7c, 0xff9c, 0xff7c, 0xff9c, 0xff7c, 
	0xff9c, 0xff7c, 0xff9c, 0xff7c, 0xff9c, 0xff9c, 0xff7c, 0xff7c, 0xff9c, 0xff9c, 0xff7c, 0xff7c, 0xff7c, 0xff7c, 0xff7c, 0xff7c, 
	0xff7c, 0xff7c, 0xff7c, 0xff7c, 0xff7c, 0xff9b, 0xff7b, 0xff7b, 0xff7b, 0xff9b, 0xff7b, 0xff7b, 0xff7b, 0xff7b, 0xff7b, 0xff7b, 
	0x9559, 0x9559, 0x9559, 0x9d59, 0x9579, 0x9d59, 0x9d79, 0x9d59, 0x9579, 0x9d59, 0x9d79, 0x9d59, 0x9579, 0x9579, 0x9d59, 0x9559, 
	0x9579, 0x9579, 0x9559, 0x9559, 0x9579, 0x9559, 0x9579, 0x9559, 0x9579, 0x9559, 0x9579, 0x9559, 0x9559, 0x9559, 0x9559, 0x9559, 
	0x9559, 0x9559, 0x9d59, 0x9d59, 0x9d59, 0x9d59, 0x9d59, 0x9d59, 0x9d58, 0x9d58, 0x9d58, 0x9d58, 0x9d58, 0x9d58, 0x9d58, 0x9d58, 
	0x9d58, 0x9d58, 0x9d58, 0x9d58, 0x9d58, 0x9d58, 0x9d58, 0x9d58, 0x9d58, 0x9d58, 0x9d58, 0x9d58, 0x9d78, 0x9d78, 0x9d78, 0x9d78, 
	0x9d78, 0x9d78, 0x9d78, 0x9d78, 0x9d78, 0x9d78, 0x9d78, 0x9d78, 0x9d78, 0x9d78, 0x9d78, 0x9d78, 0x9d78, 0x9d78, 0x9d78, 0xa578, 
	0xa578, 0xa578, 0xa578, 0xa578, 0xa578, 0xa578, 0xa578, 0xa598, 0xa598, 0xa598, 0xa598, 0xa598, 0xa599, 0xa599, 0xa599, 0xa599, 
	0xa599, 0xa599, 0xa599, 0xa5b9, 0xadb9, 0xadb9, 0xadb9, 0xadb9, 0xadb9, 0xadb9, 0xadb9, 0xadd9, 0xadd9, 0xadd9, 0xadd9, 0xadd9, 
	0xb5d9, 0xb5f9, 0xb5f9, 0xb5f9, 0xb5f9, 0xb5f9, 0xb5f9, 0xb5fa, 0xb61a, 0xbe1a, 0xbe1a, 0xbe1a, 0xbe1a, 0xbe3a, 0xbe3a, 0xbe3a, 
	0xc63a, 0xc63a, 0xc65a, 0xc65a, 0xc65a, 0xc65a, 0xc65a, 0xce7a, 0xce7a, 0xce7a, 0xce7a, 0xce7a, 0xce9b, 0xce9b, 0xd69b, 0xd69b, 
	0xd69b, 0xd6bb, 0xd6bb, 0xd6bb, 0xd6bb, 0xd6bb, 0xdebb, 0xdedb, 0xdedb, 0xdedb, 0xdedb, 0xdedb, 0xdefb, 0xe6fb, 0xe6fb, 0xe6fb, 
	0xe6fb, 0xe6fb, 0xe6fb, 0xe71b, 0xe71b, 0xe71b, 0xe71c, 0xe71c, 0xef1c, 0xef1c, 0xef1c, 0xef3c, 0xef3c, 0xef3c, 0xef3c, 0xef3c, 
	0xef3c, 0xef3c, 0xef3c, 0xef3c, 0xef3c, 0xf73c, 0xf75c, 0xf75c, 0xf75c, 0xf75c, 0xf75c, 0xf75c, 0xf75c, 0xf75c, 0xf75c, 0xf75c, 
	0xf75c, 0xf75c, 0xf75c, 0xf75c, 0xf75c, 0xf75c, 0xf75c, 0xf75c, 0xf75c, 0xf75c, 0xf75c, 0xf75c, 0xf77c, 0xf77c, 0xf77c, 0xf77c, 
	0xf77c, 0xf77c, 0xf77c, 0xf77c, 0xf77c, 0xf77c, 0xf77c, 0xf77c, 0xf77c, 0xf77c, 0xf77c, 0xf77c, 0xf77c, 0xf77c, 0xf77c, 0xf77c, 
	0xf77c, 0xf77c, 0xf77c, 0xf77c, 0xff7c, 0xff7c, 0xff7c, 0xff7c, 0xff7c, 0xff7c, 0xff7c, 0xff7c, 0xff7c, 0xff7c, 0xff7c, 0xff7c, 
	0xff7c, 0xff7c, 0xff7c, 0xff7c, 0xff7c, 0xff7c, 0xff7c, 0xff7c, 0xff7c, 0xff7c, 0xff7c, 0xff7c, 0xff7c, 0xff7c, 0xff7c, 0xff7c, 
	0xff7c, 0xff7c, 0xff7c, 0xff7c, 0xff9c, 0xff7c, 0xff7c, 0xff7c, 0xff7c, 0xff7c, 0xff7c, 0xff7c, 0xff9c, 0xff9c, 0xff9c, 0xff9c, 
	0xff9c, 0xff7c, 0xff7c, 0xff7c, 0xff9c, 0xff9c, 0xff7c, 0xff7c, 0xff9c, 0xff9c, 0xff7c, 0xff7c, 0xff9c, 0xff7c, 0xff9c, 0xff7c, 
	0xff9c, 0xff7c, 0xff9c, 0xff7c, 0xff9c, 0xff9c, 0xff7c, 0xff7c, 0xff9c, 0xff9c, 0xff7c, 0xff7c, 0xff9c, 0xff9c, 0xff9c, 0xff9c, 
	0xff7c, 0xff9c, 0xff9c, 0xff7c, 0xff7c, 0xff9b, 0xff7b, 0xff9b, 0xff7b, 0xff9b, 0xff7b, 0xff7b, 0xff7b, 0xff7b, 0xff7b, 0xff7b, 
	0x9559, 0x9559, 0x9559, 0x9d59, 0x9d79, 0x9d59, 0x9d79, 0x9d59, 0x9d79, 0x9d59, 0x9d79, 0x9d59, 0x9d79, 0x9579, 0x9d59, 0x9559, 
	0x9559, 0x9579, 0x9559, 0x9559, 0x9579, 0x9559, 0x9579, 0x9559, 0x9579, 0x9559, 0x9579, 0x9559, 0x9559, 0x9559, 0x9559, 0x9559, 
	0x9559, 0x9559, 0x9d59, 0x9d59, 0x9d59, 0x9d59, 0x9d59, 0x9d59, 0x9d58, 0x9d58, 0x9d58, 0x9d58, 0x9d58, 0x9d58, 0x9d58, 0x9d58, 
	0x9d58, 0x9d58, 0x9d58, 0x9d58, 0x9d58, 0x9d58, 0x9d58, 0x9d58, 0x9d58, 0x9d58, 0x9d58, 0x9d78, 0x9d78, 0x9d78, 0x9d78, 0x9d78, 
	0x9d78, 0x9d78, 0x9d78, 0x9d78, 0x9d78, 0x9d78, 0x9d78, 0x9d78, 0x9d78, 0x9d78, 0x9d78, 0x9d78, 0x9d78, 0x9d78, 0xa578, 0xa578, 
	0xa578, 0xa578, 0xa578, 0xa578, 0xa578, 0xa578, 0xa578, 0xa598, 0xa598, 0xa598, 0xa598, 0xa598, 0xa598, 0xa599, 0xa599, 0xa599, 
	0xa599, 0xa599, 0xa5b9, 0xa5b9, 0xadb9, 0xadb9, 0xadb9, 0xadb9, 0xadb9, 0xadb9, 0xadb9, 0xadd9, 0xadd9, 0xadd9, 0xadd9, 0xb5d9, 
	0xb5d9, 0xb5f9, 0xb5f9, 0xb5f9, 0xb5f9, 0xb5f9, 0xb5f9, 0xb61a, 0xbe1a, 0xbe1a, 0xbe1a, 0xbe1a, 0xbe1a, 0xbe3a, 0xbe3a, 0xbe3a, 
	0xc63a, 0xc65a, 0xc65a, 0xc65a, 0xc65a, 0xc65a, 0xc67a, 0xce7a, 0xce7a, 0xce7a, 0xce7a, 0xce9a, 0xce9b, 0xce9b, 0xd69b, 0xd69b, 
	0xd69b, 0xd6bb, 0xd6bb, 0xd6bb, 0xd6bb, 0xdebb, 0xdedb, 0xdedb, 0xdedb, 0xdedb, 0xdedb, 0xdefb, 0xdefb, 0xe6fb, 0xe6fb, 0xe6fb, 
	0xe6fb, 0xe6fb, 0xe6fb, 0xe71b, 0xe71b, 0xe71b, 0xe71c, 0xef1c, 0xef1c, 0xef1c, 0xef1c, 0xef3c, 0xef3c, 0xef3c, 0xef3c, 0xef3c, 
	0xef3c, 0xef3c, 0xef3c, 0xef3c, 0xef3c, 0xf75c, 0xf75c, 0xf75c, 0xf75c, 0xf75c, 0xf75c, 0xf75c, 0xf75c, 0xf75c, 0xf75c, 0xf75c, 
	0xf75c, 0xf75c, 0xf75c, 0xf75c, 0xf75c, 0xf75c, 0xf75c, 0xf75c, 0xf75c, 0xf75c, 0xf75c, 0xf77c, 0xf77c, 0xf77c, 0xf77c, 0xf77c, 
	0xf77c, 0xf77c, 0xf77c, 0xf77c, 0xf77c, 0xf77c, 0xf77c, 0xf77c, 0xf77c, 0xf77c, 0xf77c, 0xf77c, 0xf77c, 0xf77c, 0xf77c, 0xf77c, 
	0xf77c, 0xf77c, 0xf77c, 0xff7c, 0xff7c, 0xff7c, 0xff7c, 0xff7c, 0xff7c, 0xff7c, 0xff7c, 0xff7c, 0xff7c, 0xff7c, 0xff7c, 0xff7c, 
	0xff7c, 0xff7c, 0xff7c, 0xff7c, 0xff7c, 0xff7c, 0xff7c, 0xff7c, 0xff7c, 0xff7c, 0xff7c, 0xff7c, 0xff7c, 0xff7c, 0xff7c, 0xff7c, 
	0xff7c, 0xff7c, 0xff7c, 0xff7c, 0xff7c, 0xff9c, 0xff7c, 0xff7c, 0xff7c, 0xff7c, 0xff7c, 0xff7c, 0xff7c, 0xff9c, 0xff9c, 0xff9c, 
	0xff9c, 0xff9c, 0xff7c, 0xff7c, 0xff9c, 0xff9c, 0xff9c, 0xff7c, 0xff9c, 0xff9c, 0xff9c, 0xff7c, 0xff9c, 0xff7c, 0xff9c, 0xff7c, 
	0xff9c, 0xff7c, 0xff9c, 0xff7c, 0xff9c, 0xff9c, 0xff7c, 0xff7c, 0xff9c, 0xff9c, 0xff7c, 0xff7c, 0xff9c, 0xff9c, 0xff9c, 0xff9c, 
	0xff7c, 0xff9c, 0xff9c, 0xff9c, 0xff9c, 0xff9b, 0xff7b, 0xff9b, 0xff9b, 0xff7b, 0xff7b, 0xff7b, 0xff7b, 0xff7b, 0xff7b, 0xff7b, 
	0x9559, 0x9559, 0x9d59, 0x9d59, 0x9d79, 0x9d59, 0x9d79, 0x9d59, 0x9d79, 0x9d59, 0x9d79, 0x9d59, 0x9d79, 0x9d79, 0x9d79, 0x9559, 
	0x9559, 0x9d79, 0x9579, 0x9559, 0x9579, 0x9559, 0x9559, 0x9559, 0x9579, 0x9559, 0x9559, 0x9559, 0x9559, 0x9559, 0x9559, 0x9579, 
	0x9559, 0x9d59, 0x9d59, 0x9d59, 0x9d59, 0x9d59, 0x9d59, 0x9d58, 0x9d58, 0x9d58, 0x9d58, 0x9d58, 0x9d58, 0x9d58, 0x9d58, 0x9d58, 
	0x9d58, 0x9d58, 0x9d58, 0x9d58, 0x9d58, 0x9d58, 0x9d58, 0x9d58, 0x9d58, 0x9d58, 0x9d78, 0x9d78, 0x9d78, 0x9d78, 0x9d78, 0x9d78, 
	0x9d78, 0x9d78, 0x9d78, 0x9d78, 0x9d78, 0x9d78, 0x9d78, 0x9d78, 0x9d78, 0x9d78, 0x9d78, 0x9d78, 0xa578, 0xa578, 0xa578, 0xa578, 
	0xa578, 0xa578, 0xa578, 0xa578, 0xa578, 0xa578, 0xa598, 0xa598, 0xa598, 0xa598, 0xa598, 0xa598, 0xa598, 0xa599, 0xa599, 0xa599, 
	0xa599, 0xa599, 0xadb9, 0xadb9, 0xadb9, 0xadb9, 0xadb9, 0xadb9, 0xadb9, 0xadb9, 0xadd9, 0xadd9, 0xadd9, 0xadd9, 0xb5d9, 0xb5d9, 
	0xb5d9, 0xb5f9, 0xb5f9, 0xb5f9, 0xb5f9, 0xb5f9, 0xb5f9, 0xb61a, 0xbe1a, 0xbe1a, 0xbe1a, 0xbe1a, 0xbe1a, 0xbe3a, 0xbe3a, 0xbe3a, 
	0xc63a, 0xc65a, 0xc65a, 0xc65a, 0xc65a, 0xc65a, 0xc67a, 0xce7a, 0xce7a, 0xce7a, 0xce7a, 0xce9b, 0xce9b, 0xce9b, 0xd69b, 0xd69b, 
	0xd69b, 0xd6bb, 0xd6bb, 0xd6bb, 0xd6bb, 0xdebb, 0xdedb, 0xdedb, 0xdedb, 0xdedb, 0xdedb, 0xdefb, 0xdefb, 0xe6fb, 0xe6fb, 0xe6fb, 
	0xe6fb, 0xe6fb, 0xe71b, 0xe71b, 0xe71b, 0xe71c, 0xef1c, 0xef1c, 0xef1c, 0xef1c, 0xef3c, 0xef3c, 0xef3c, 0xef3c, 0xef3c, 0xef3c, 
	0xef3c, 0xef3c, 0xef3c, 0xef3c, 0xf73c, 0xf75c, 0xf75c, 0xf75c, 0xf75c, 0xf75c, 0xf75c, 0xf75c, 0xf75c, 0xf75c, 0xf75c, 0xf75c, 
	0xf75c, 0xf75c, 0xf75c, 0xf75c, 0xf75c, 0xf75c, 0xf75c, 0xf75c, 0xf75c, 0xf75c, 0xf77c, 0xf77c, 0xf77c, 0xf77c, 0xf77c, 0xf77c, 
	0xf77c, 0xf77c, 0xf77c, 0xf77c, 0xf77c, 0xf77c, 0xf77c, 0xf77c, 0xf77c, 0xf77c, 0xf77c, 0xf77c, 0xf77c, 0xf77c, 0xf77c, 0xf77c, 
	0xf77c, 0xf77c, 0xff7c, 0xff7c, 0xff7c, 0xff7c, 0xff7c, 0xff7c, 0xff7c, 0xff7c, 0xff7c, 0xff7c, 0xff7c, 0xff7c, 0xff7c, 0xff7c, 
	0xff7c, 0xff7c, 0xff7c, 0xff7c, 0xff7c, 0xff7c, 0xff7c, 0xff7c, 0xff7c, 0xff7c, 0xff7c, 0xff7c, 0xff7c, 0xff7c, 0xff7c, 0xff7c, 
	0xff7c, 0xff7c, 0xff7c, 0xff7c, 0xff7c, 0xff7c, 0xff9c, 0xff9c, 0xff9c, 0xff9c, 0xff7c, 0xff7c, 0xff7c, 0xff7c, 0xff9c, 0xff9c, 
	0xff9c, 0xff9c, 0xff9c, 0xff7c, 0xff7c, 0xff9c, 0xff9c, 0xff9c, 0xff7c, 0xff9c, 0xff9c, 0xff9c, 0xff9c, 0xff9c, 0xff9c, 0xff9c, 
	0xff9c, 0xff9c, 0xff9c, 0xff9c, 0xff9c, 0xff7c, 0xff9c, 0xff9c, 0xff9c, 0xff7c, 0xff9c, 0xff9c, 0xff9c, 0xff9c, 0xff9c, 0xff9c, 
	0xff7c, 0xff9c, 0xff9c, 0xff9c, 0xff9c, 0xff9c, 0xff9b, 0xff9b, 0xff9b, 0xff7b, 0xff7b, 0xff7b, 0xff7b, 0xff7b, 0xff7b, 0xff7b, 
	0x9559, 0x9d59, 0x9d59, 0x9d59, 0x9d79, 0x9d59, 0x9d79, 0x9d59, 0x9d79, 0x9d59, 0x9d79, 0x9d59, 0x9d79, 0x9d79, 0x9579, 0x9559, 
	0x9559, 0x9d79, 0x9579, 0x9559, 0x9579, 0x9559, 0x9559, 0x9579, 0x9579, 0x9559, 0x9559, 0x9579, 0x9559, 0x9559, 0x9559, 0x9559, 
	0x9559, 0x9d59, 0x9d59, 0x9d59, 0x9d59, 0x9d59, 0x9d59, 0x9d58, 0x9d58, 0x9d58, 0x9d58, 0x9d58, 0x9d58, 0x9d58, 0x9d58, 0x9d58, 
	0x9d58, 0x9d58, 0x9d58, 0x9d58, 0x9d58, 0x9d58, 0x9d58, 0x9d58, 0x9d58, 0x9d58, 0x9d78, 0x9d78, 0x9d78, 0x9d78, 0x9d78, 0x9d78, 
	0x9d78, 0x9d78, 0x9d78, 0x9d78, 0x9d78, 0x9d78, 0x9d78, 0x9d78, 0x9d78, 0x9d78, 0xa578, 0xa578, 0xa578, 0xa578, 0xa578, 0xa578, 
	0xa578, 0xa578, 0xa578, 0xa578, 0xa578, 0xa578, 0xa598, 0xa598, 0xa598, 0xa598, 0xa598, 0xa598, 0xa598, 0xa599, 0xa599, 0xa599, 
	0xa599, 0xa5b9, 0xadb9, 0xadb9, 0xadb9, 0xadb9, 0xadb9, 0xadb9, 0xadb9, 0xadb9, 0xadd9, 0xadd9, 0xadd9, 0xadd9, 0xb5d9, 0xb5d9, 
	0xb5d9, 0xb5f9, 0xb5f9, 0xb5f9, 0xb5f9, 0xb5f9, 0xb5f9, 0xbe1a, 0xbe1a, 0xbe1a, 0xbe1a, 0xbe1a, 0xbe3a, 0xbe3a, 0xbe3a, 0xc63a, 
	0xc63a, 0xc65a, 0xc65a, 0xc65a, 0xc65a, 0xc65a, 0xce7a, 0xce7a, 0xce7a, 0xce7a, 0xce7a, 0xce9b, 0xce9b, 0xd69b, 0xd69b, 0xd69b, 
	0xd6bb, 0xd6bb, 0xd6bb, 0xd6bb, 0xd6bb, 0xdebb, 0xdedb, 0xdedb, 0xdedb, 0xdedb, 0xdedb, 0xdefb, 0xe6fb, 0xe6fb, 0xe6fb, 0xe6fb, 
	0xe6fb, 0xe6fb, 0xe71b, 0xe71b, 0xe71c, 0xe71c, 0xef1c, 0xef1c, 0xef1c, 0xef1c, 0xef3c, 0xef3c, 0xef3c, 0xef3c, 0xef3c, 0xef3c, 
	0xef3c, 0xef3c, 0xef3c, 0xef3c, 0xf75c, 0xf75c, 0xf75c, 0xf75c, 0xf75c, 0xf75c, 0xf75c, 0xf75c, 0xf75c, 0xf75c, 0xf75c, 0xf75c, 
	0xf75c, 0xf75c, 0xf75c, 0xf75c, 0xf75c, 0xf75c, 0xf75c, 0xf75c, 0xf75c, 0xf75c, 0xf77c, 0xf77c, 0xf77c, 0xf77c, 0xf77c, 0xf77c, 
	0xf77c, 0xf77c, 0xf77c, 0xf77c, 0xf77c, 0xf77c, 0xf77c, 0xf77c, 0xf77c, 0xf77c, 0xf77c, 0xf77c, 0xf77c, 0xf77c, 0xf77c, 0xf77c, 
	0xf77c, 0xf77c, 0xff7c, 0xff7c, 0xff7c, 0xff7c, 0xff7c, 0xff7c, 0xff7c, 0xff7c, 0xff7c, 0xff7c, 0xff7c, 0xff7c, 0xff7c, 0xff7c, 
	0xff7c, 0xff7c, 0xff7c, 0xff7c, 0xff7c, 0xff7c, 0xff7c, 0xff7c, 0xff7c, 0xff7c, 0xff7c, 0xff7c, 0xff7c, 0xff7c, 0xff7c, 0xff7c, 
	0xff7c, 0xff7c, 0xff7c, 0xff7c, 0xff7c, 0xff7c, 0xff9c, 0xff9c, 0xff9c, 0xff9c, 0xff9c, 0xff9c, 0xff9c, 0xff7c, 0xff9c, 0xff9c, 
	0xff9c, 0xff9c, 0xff9c, 0xff9c, 0xff7c, 0xff9c, 0xff9c, 0xff9c, 0xff7c, 0xff9c, 0xff9c, 0xff9c, 0xff7c, 0xff9c, 0xff7c, 0xff9c, 
	0xff7c, 0xff9c, 0xff7c, 0xff9c, 0xff9c, 0xff7c, 0xff9c, 0xff9c, 0xff9c, 0xff7c, 0xff9c, 0xff9c, 0xff9c, 0xff9c, 0xff9c, 0xff9c, 
	0xff7c, 0xff7c, 0xff9c, 0xff9c, 0xff9c, 0xff9c, 0xff9b, 0xff9b, 0xff9b, 0xff7b, 0xff9b, 0xff7b, 0xff7b, 0xff7b, 0xff7b, 0xff7b, 
	0x9559, 0x9d59, 0x9d59, 0x9d59, 0x9d79, 0x9d59, 0x9559, 0x9d59, 0x9d79, 0x9d59, 0x9559, 0x9d59, 0x9d79, 0x9559, 0x9d79, 0x9579, 
	0x9559, 0x9d79, 0x9d79, 0x9559, 0x9579, 0x9579, 0x9559, 0x9579, 0x9579, 0x9579, 0x9559, 0x9559, 0x9559, 0x9559, 0x9559, 0x9559, 
	0x9559, 0x9d59, 0x9d59, 0x9d59, 0x9d59, 0x9d59, 0x9d59, 0x9d58, 0x9d58, 0x9d58, 0x9d58, 0x9d58, 0x9d58, 0x9d58, 0x9d58, 0x9d58, 
	0x9d58, 0x9d58, 0x9d58, 0x9d58, 0x9d58, 0x9d58, 0x9d58, 0x9d58, 0x9d58, 0x9d78, 0x9d78, 0x9d78, 0x9d78, 0x9d78, 0x9d78, 0x9d78, 
	0x9d78, 0x9d78, 0x9d78, 0x9d78, 0x9d78, 0x9d78, 0x9d78, 0x9d78, 0xa578, 0xa578, 0xa578, 0xa578, 0xa578, 0xa578, 0xa578, 0xa578, 
	0xa578, 0xa578, 0xa578, 0xa578, 0xa578, 0xa578, 0xa598, 0xa598, 0xa598, 0xa598, 0xa598, 0xa598, 0xa598, 0xa598, 0xa599, 0xa599, 
	0xad99, 0xadb9, 0xadb9, 0xadb9, 0xadb9, 0xadb9, 0xadb9, 0xadb9, 0xadb9, 0xadb9, 0xadd9, 0xadd9, 0xadd9, 0xb5d9, 0xb5d9, 0xb5d9, 
	0xb5f9, 0xb5f9, 0xb5f9, 0xb5f9, 0xb5f9, 0xb5f9, 0xbe19, 0xbe1a, 0xbe1a, 0xbe1a, 0xbe1a, 0xbe1a, 0xbe3a, 0xbe3a, 0xbe3a, 0xc63a, 
	0xc63a, 0xc65a, 0xc65a, 0xc65a, 0xc65a, 0xc67a, 0xce7a, 0xce7a, 0xce7a, 0xce7a, 0xce9a, 0xce9b, 0xce9b, 0xd69b, 0xd69b, 0xd69b, 
	0xd6bb, 0xd6bb, 0xd6bb, 0xd6bb, 0xdebb, 0xdedb, 0xdedb, 0xdedb, 0xdedb, 0xdedb, 0xdefb, 0xdefb, 0xe6fb, 0xe6fb, 0xe6fb, 0xe6fb, 
	0xe6fb, 0xe6fb, 0xe71b, 0xe71c, 0xe71c, 0xe71c, 0xef1c, 0xef1c, 0xef1c, 0xef1c, 0xef3c, 0xef3c, 0xef3c, 0xef3c, 0xef3c, 0xef3c, 
	0xef3c, 0xef3c, 0xef3c, 0xef5c, 0xf75c, 0xf75c, 0xf75c, 0xf75c, 0xf75c, 0xf75c, 0xf75c, 0xf75c, 0xf75c, 0xf75c, 0xf75c, 0xf75c, 
	0xf75c, 0xf75c, 0xf75c, 0xf75c, 0xf75c, 0xf75c, 0xf75c, 0xf75c, 0xf75c, 0xf77c, 0xf77c, 0xf77c, 0xf77c, 0xf77c, 0xf77c, 0xf77c, 
	0xf77c, 0xf77c, 0xf77c, 0xf77c, 0xf77c, 0xf77c, 0xf77c, 0xf77c, 0xf77c, 0xf77c, 0xf77c, 0xf77c, 0xf77c, 0xf77c, 0xf77c, 0xf77c, 
	0xf77c, 0xff7c, 0xff7c, 0xff7c, 0xff7c, 0xff7c, 0xff7c, 0xff7c, 0xff7c, 0xff7c, 0xff7c, 0xff7c, 0xff7c, 0xff7c, 0xff7c, 0xff7c, 
	0xff7c, 0xff7c, 0xff7c, 0xff7c, 0xff7c, 0xff7c, 0xff7c, 0xff7c, 0xff7c, 0xff7c, 0xff7c, 0xff7c, 0xff7c, 0xff7c, 0xff7c, 0xff7c, 
	0xff7c, 0xff7c, 0xff7c, 0xff7c, 0xff7c, 0xff7c, 0xff7c, 0xff9c, 0xff9c, 0xff9c, 0xff9c, 0xff9c, 0xff9c, 0xff9c, 0xff7c, 0xff9c, 
	0xff9c, 0xff9c, 0xff9c, 0xff9c, 0xff9c, 0xff9c, 0xff9c, 0xff9c, 0xff9c, 0xff9c, 0xff9c, 0xff9c, 0xff9c, 0xff9c, 0xff7c, 0xff9c, 
	0xff9c, 0xff9c, 0xff7c, 0xff9c, 0xff7c, 0xff9c, 0xff9c, 0xff9c, 0xff7c, 0xff9c, 0xff9c, 0xff9c, 0xff9c, 0xff9c, 0xff9c, 0xff9c, 
	0xff7c, 0xff7c, 0xff7c, 0xff9c, 0xff9c, 0xff7b, 0xff9b, 0xff9b, 0xff9b, 0xff7b, 0xff9b, 0xff7b, 0xff7b, 0xff7b, 0xff7b, 0xff7b, 
	0x9559, 0x9d59, 0x9d59, 0x9d59, 0x9559, 0x9d59, 0x9559, 0x9d79, 0x9559, 0x9d59, 0x9559, 0x9d79, 0x9d79, 0x9559, 0x9d79, 0x9d79, 
	0x9559, 0x9d79, 0x9d79, 0x9d79, 0x9579, 0x9d79, 0x9559, 0x9579, 0x9579, 0x9579, 0x9559, 0x9559, 0x9559, 0x9559, 0x9579, 0x9559, 
	0x9d59, 0x9d59, 0x9d59, 0x9d59, 0x9d59, 0x9d59, 0x9d58, 0x9d58, 0x9d58, 0x9d58, 0x9d58, 0x9d58, 0x9d58, 0x9d58, 0x9d58, 0x9d58, 
	0x9d58, 0x9d58, 0x9d58, 0x9d58, 0x9d58, 0x9d58, 0x9d58, 0x9d58, 0x9d78, 0x9d78, 0x9d78, 0x9d78, 0x9d78, 0x9d78, 0x9d78, 0x9d78, 
	0x9d78, 0x9d78, 0x9d78, 0x9d78, 0x9d78, 0x9d78, 0x9d78, 0xa578, 0xa578, 0xa578, 0xa578, 0xa578, 0xa578, 0xa578, 0xa578, 0xa578, 
	0xa578, 0xa578, 0xa578, 0xa578, 0xa578, 0xa598, 0xa598, 0xa598, 0xa598, 0xa598, 0xa598, 0xa598, 0xa598, 0xa598, 0xa599, 0xa599, 
	0xadb9, 0xadb9, 0xadb9, 0xadb9, 0xadb9, 0xadb9, 0xadb9, 0xadb9, 0xadb9, 0xadd9, 0xadd9, 0xadd9, 0xadd9, 0xb5d9, 0xb5d9, 0xb5d9, 
	0xb5f9, 0xb5f9, 0xb5f9, 0xb5f9, 0xb5f9, 0xb5f9, 0xbe19, 0xbe1a, 0xbe1a, 0xbe1a, 0xbe1a, 0xbe1a, 0xbe3a, 0xbe3a, 0xc63a, 0xc63a, 
	0xc65a, 0xc65a, 0xc65a, 0xc65a, 0xc65a, 0xc67a, 0xce7a, 0xce7a, 0xce7a, 0xce7a, 0xce9a, 0xce9b, 0xce9b, 0xd69b, 0xd69b, 0xd69b, 
	0xd6bb, 0xd6bb, 0xd6bb, 0xd6bb, 0xdebb, 0xdedb, 0xdedb, 0xdedb, 0xdedb, 0xdedb, 0xdefb, 0xdefb, 0xe6fb, 0xe6fb, 0xe6fb, 0xe6fb, 
	0xe6fb, 0xe71b, 0xe71b, 0xe71c, 0xe71c, 0xef1c, 0xef1c, 0xef1c, 0xef1c, 0xef3c, 0xef3c, 0xef3c, 0xef3c, 0xef3c, 0xef3c, 0xef3c, 
	0xef3c, 0xef3c, 0xef3c, 0xf75c, 0xf75c, 0xf75c, 0xf75c, 0xf75c, 0xf75c, 0xf75c, 0xf75c, 0xf75c, 0xf75c, 0xf75c, 0xf75c, 0xf75c, 
	0xf75c, 0xf75c, 0xf75c, 0xf75c, 0xf75c, 0xf75c, 0xf75c, 0xf75c, 0xf77c, 0xf77c, 0xf77c, 0xf77c, 0xf77c, 0xf77c, 0xf77c, 0xf77c, 
	0xf77c, 0xf77c, 0xf77c, 0xf77c, 0xf77c, 0xf77c, 0xf77c, 0xf77c, 0xf77c, 0xf77c, 0xf77c, 0xf77c, 0xf77c, 0xf77c, 0xf77c, 0xf77c, 
	0xff7c, 0xff7c, 0xff7c, 0xff7c, 0xff7c, 0xff7c, 0xff7c, 0xff7c, 0xff7c, 0xff7c, 0xff7c, 0xff7c, 0xff7c, 0xff7c, 0xff7c, 0xff7c, 
	0xff7c, 0xff7c, 0xff7c, 0xff7c, 0xff7c, 0xff7c, 0xff7c, 0xff7c, 0xff7c, 0xff7c, 0xff7c, 0xff7c, 0xff7c, 0xff7c, 0xff7c, 0xff7c, 
	0xff7c, 0xff7c, 0xff7c, 0xff7c, 0xff7c, 0xff7c, 0xff7c, 0xff7c, 0xff9c, 0xff9c, 0xff9c, 0xff9c, 0xff9c, 0xff9c, 0xff9c, 0xff9c, 
	0xff9c, 0xff9c, 0xff9c, 0xff9c, 0xff9c, 0xff9c, 0xff9c, 0xff9c, 0xff9c, 0xff9c, 0xff9c, 0xff9c, 0xff9c, 0xff9c, 0xff9c, 0xff9c, 
	0xff9c, 0xff9c, 0xff9c, 0xff9c, 0xff9c, 0xff9c, 0xff9c, 0xff9c, 0xff9c, 0xff9c, 0xff9c, 0xff9c, 0xff9c, 0xff9c, 0xff9c, 0xff9c, 
	0xff7c, 0xff7c, 0xff7c, 0xff9c, 0xff9c, 0xff9b, 0xff9c, 0xff7b, 0xff9b, 0xff9b, 0xff9b, 0xff7b, 0xff7b, 0xff7b, 0xff7b, 0xff7b, 
	0x9d59, 0x9d79, 0x9d59, 0x9d59, 0x9559, 0x9d59, 0x9559, 0x9d79, 0x9559, 0x9d79, 0x9d59, 0x9d79, 0x9d79, 0x9559, 0x9d79, 0x9d79, 
	0x9559, 0x9d79, 0x9d79, 0x9d79, 0x9579, 0x9d79, 0x9559, 0x9579, 0x9579, 0x9579, 0x9559, 0x9559, 0x9559, 0x9559, 0x9d79, 0x9559, 
	0x9d59, 0x9d59, 0x9d59, 0x9d59, 0x9d59, 0x9d59, 0x9d58, 0x9d58, 0x9d58, 0x9d58, 0x9d58, 0x9d58, 0x9d58, 0x9d58, 0x9d58, 0x9d58, 
	0x9d58, 0x9d58, 0x9d58, 0x9d58, 0x9d58, 0x9d58, 0x9d58, 0x9d58, 0x9d78, 0x9d78, 0x9d78, 0x9d78, 0x9d78, 0x9d78, 0x9d78, 0x9d78, 
	0x9d78, 0x9d78, 0x9d78, 0x9d78, 0x9d78, 0xa578, 0xa578, 0xa578, 0xa578, 0xa578, 0xa578, 0xa578, 0xa578, 0xa578, 0xa578, 0xa578, 
	0xa578, 0xa578, 0xa578, 0xa578, 0xa578, 0xa598, 0xa598, 0xa598, 0xa598, 0xa598, 0xa598, 0xa598, 0xa598, 0xa598, 0xad98, 0xad99, 
	0xadb9, 0xadb9, 0xadb9, 0xadb9, 0xadb9, 0xadb9, 0xadb9, 0xadb9, 0xadb9, 0xadd9, 0xadd9, 0xadd9, 0xb5d9, 0xb5d9, 0xb5d9, 0xb5d9, 
	0xb5f9, 0xb5f9, 0xb5f9, 0xb5f9, 0xb5f9, 0xbdf9, 0xbe19, 0xbe1a, 0xbe1a, 0xbe1a, 0xbe1a, 0xbe3a, 0xbe3a, 0xbe3a, 0xc63a, 0xc63a, 
	0xc65a, 0xc65a, 0xc65a, 0xc65a, 0xc65a, 0xce7a, 0xce7a, 0xce7a, 0xce7a, 0xce7a, 0xce9a, 0xce9b, 0xd69b, 0xd69b, 0xd69b, 0xd6bb, 
	0xd6bb, 0xd6bb, 0xd6bb, 0xdebb, 0xdebb, 0xdedb, 0xdedb, 0xdedb, 0xdedb, 0xdedb, 0xdefb, 0xe6fb, 0xe6fb, 0xe6fb, 0xe6fb, 0xe6fb, 
	0xe6fb, 0xe71b, 0xe71b, 0xe71c, 0xe71c, 0xef1c, 0xef1c, 0xef1c, 0xef1c, 0xef3c, 0xef3c, 0xef3c, 0xef3c, 0xef3c, 0xef3c, 0xef3c, 
	0xef3c, 0xef3c, 0xef3c, 0xf75c, 0xf75c, 0xf75c, 0xf75c, 0xf75c, 0xf75c, 0xf75c, 0xf75c, 0xf75c, 0xf75c, 0xf75c, 0xf75c, 0xf75c, 
	0xf75c, 0xf75c, 0xf75c, 0xf75c, 0xf75c, 0xf75c, 0xf75c, 0xf75c, 0xf77c, 0xf77c, 0xf77c, 0xf77c, 0xf77c, 0xf77c, 0xf77c, 0xf77c, 
	0xf77c, 0xf77c, 0xf77c, 0xf77c, 0xf77c, 0xf77c, 0xf77c, 0xf77c, 0xf77c, 0xf77c, 0xf77c, 0xf77c, 0xf77c, 0xf77c, 0xf77c, 0xf77c, 
	0xff7c, 0xff7c, 0xff7c, 0xff7c, 0xff7c, 0xff7c, 0xff7c, 0xff7c, 0xff7c, 0xff7c, 0xff7c, 0xff7c, 0xff7c, 0xff7c, 0xff7c, 0xff7c, 
	0xff7c, 0xff7c, 0xff7c, 0xff7c, 0xff7c, 0xff7c, 0xff7c, 0xff7c, 0xff7c, 0xff7c, 0xff7c, 0xff7c, 0xff7c, 0xff7c, 0xff7c, 0xff7c, 
	0xff7c, 0xff7c, 0xff7c, 0xff7c, 0xff7c, 0xff7c, 0xff7c, 0xff7c, 0xff9c, 0xff9c, 0xff9c, 0xff9c, 0xff9c, 0xff9c, 0xff9c, 0xff9c, 
	0xff9c, 0xff9c, 0xff9c, 0xff9c, 0xff9c, 0xff9c, 0xff9c, 0xff9c, 0xff9c, 0xff9c, 0xff9c, 0xff9c, 0xff9c, 0xff9c, 0xff9c, 0xff9c, 
	0xff9c, 0xff9c, 0xff9c, 0xff9c, 0xff9c, 0xff9c, 0xff9c, 0xff9c, 0xff9c, 0xff9c, 0xff9c, 0xff9c, 0xff9c, 0xff9c, 0xff9c, 0xff9c, 
	0xff9c, 0xff9c, 0xff9c, 0xff9c, 0xff9c, 0xff9b, 0xff9c, 0xff9b, 0xff9b, 0xff9b, 0xff9b, 0xff7b, 0xff7b, 0xff7b, 0xff7b, 0xff7b, 
	0x9d59, 0x9d79, 0x9d59, 0x9d59, 0x9d59, 0x9d59, 0x9d59, 0x9d79, 0x9d59, 0x9d79, 0x9d59, 0x9d79, 0x9d59, 0x9559, 0x9d79, 0x9d79, 
	0x9d59, 0x9d79, 0x9d79, 0x9579, 0x9579, 0x9d79, 0x9d59, 0x9579, 0x9579, 0x9579, 0x9d59, 0x9559, 0x9d59, 0x9559, 0x9d79, 0x9d59, 
	0x9d59, 0x9d59, 0x9d59, 0x9d59, 0x9d59, 0x9d59, 0x9d58, 0x9d58, 0x9d58, 0x9d58, 0x9d58, 0x9d58, 0x9d58, 0x9d58, 0x9d58, 0x9d58, 
	0x9d58, 0x9d58, 0x9d58, 0x9d58, 0x9d58, 0x9d58, 0x9d58, 0x9d78, 0x9d78, 0x9d78, 0x9d78, 0x9d78, 0x9d78, 0x9d78, 0x9d78, 0x9d78, 
	0x9d78, 0x9d78, 0x9d78, 0xa578, 0xa578, 0xa578, 0xa578, 0xa578, 0xa578, 0xa578, 0xa578, 0xa578, 0xa578, 0xa578, 0xa578, 0xa578, 
	0xa578, 0xa578, 0xa578, 0xa578, 0xa578, 0xa598, 0xa598, 0xa598, 0xa598, 0xa598, 0xa598, 0xa598, 0xa598, 0xa598, 0xad98, 0xadb9, 
	0xadb9, 0xadb9, 0xadb9, 0xadb9, 0xadb9, 0xadb9, 0xadb9, 0xadb9, 0xadb9, 0xadd9, 0xadd9, 0xadd9, 0xb5d9, 0xb5d9, 0xb5d9, 0xb5d9, 
	0xb5f9, 0xb5f9, 0xb5f9, 0xb5f9, 0xb5f9, 0xbdf9, 0xbe19, 0xbe1a, 0xbe1a, 0xbe1a, 0xbe1a, 0xbe3a, 0xbe3a, 0xbe3a, 0xc63a, 0xc63a, 
	0xc65a, 0xc65a, 0xc65a, 0xc65a, 0xc67a, 0xce7a, 0xce7a, 0xce7a, 0xce7a, 0xce7a, 0xce9a, 0xce9b, 0xd69b, 0xd69b, 0xd69b, 0xd6bb, 
	0xd6bb, 0xd6bb, 0xd6bb, 0xdebb, 0xdedb, 0xdedb, 0xdedb, 0xdedb, 0xdedb, 0xdedb, 0xdefb, 0xe6fb, 0xe6fb, 0xe6fb, 0xe6fb, 0xe6fb, 
	0xe6fb, 0xe71b, 0xe71b, 0xe71c, 0xef1c, 0xef1c, 0xef1c, 0xef1c, 0xef1c, 0xef3c, 0xef3c, 0xef3c, 0xef3c, 0xef3c, 0xef3c, 0xef3c, 
	0xef3c, 0xef3c, 0xef5c, 0xf75c, 0xf75c, 0xf75c, 0xf75c, 0xf75c, 0xf75c, 0xf75c, 0xf75c, 0xf75c, 0xf75c, 0xf75c, 0xf75c, 0xf75c, 
	0xf75c, 0xf75c, 0xf75c, 0xf75c, 0xf75c, 0xf75c, 0xf75c, 0xf75c, 0xf77c, 0xf77c, 0xf77c, 0xf77c, 0xf77c, 0xf77c, 0xf77c, 0xf77c, 
	0xf77c, 0xf77c, 0xf77c, 0xf77c, 0xf77c, 0xf77c, 0xf77c, 0xf77c, 0xf77c, 0xf77c, 0xf77c, 0xf77c, 0xf77c, 0xf77c, 0xf77c, 0xf77c, 
	0xff7c, 0xff7c, 0xff7c, 0xff7c, 0xff7c, 0xff7c, 0xff7c, 0xff7c, 0xff7c, 0xff7c, 0xff7c, 0xff7c, 0xff7c, 0xff7c, 0xff7c, 0xff7c, 
	0xff7c, 0xff7c, 0xff7c, 0xff7c, 0xff7c, 0xff7c, 0xff7c, 0xff7c, 0xff7c, 0xff7c, 0xff7c, 0xff7c, 0xff7c, 0xff7c, 0xff7c, 0xff7c, 
	0xff7c, 0xff7c, 0xff7c, 0xff7c, 0xff7c, 0xff7c, 0xff7c, 0xff7c, 0xff7c, 0xff9c, 0xff9c, 0xff9c, 0xff9c, 0xff9c, 0xff9c, 0xff9c, 
	0xff7c, 0xff9c, 0xff9c, 0xff9c, 0xff9c, 0xff9c, 0xff9c, 0xff9c, 0xff9c, 0xff9c, 0xff9c, 0xff9c, 0xff9c, 0xff9c, 0xff9c, 0xff9c, 
	0xff9c, 0xff9c, 0xff9c, 0xff9c, 0xff9c, 0xff9c, 0xff9c, 0xff9c, 0xff9c, 0xff9c, 0xff9c, 0xff9c, 0xff9c, 0xff9c, 0xff9c, 0xff9c, 
	0xff9c, 0xff9c, 0xff9c, 0xff7b, 0xff9c, 0xff9b, 0xff9c, 0xff9b, 0xff9b, 0xff9b, 0xff9b, 0xff7b, 0xff7b, 0xff7b, 0xff9b, 0xff7b, 
	0x9d59, 0x9559, 0x9d59, 0x9d59, 0x9d59, 0x9d59, 0x9d59, 0x9d79, 0x9d59, 0x9d79, 0x9d59, 0x9d79, 0x9d59, 0x9d59, 0x9d79, 0x9d79, 
	0x9d59, 0x9d79, 0x9559, 0x9579, 0x9d79, 0x9d79, 0x9d59, 0x9579, 0x9d79, 0x9579, 0x9d59, 0x9559, 0x9d59, 0x9d79, 0x9d79, 0x9d59, 
	0x9d59, 0x9d59, 0x9d59, 0x9d58, 0x9d59, 0x9d58, 0x9d58, 0x9d58, 0x9d58, 0x9d58, 0x9d58, 0x9d58, 0x9d58, 0x9d58, 0x9d58, 0x9d58, 
	0x9d58, 0x9d58, 0x9d58, 0x9d58, 0x9d58, 0x9d58, 0x9d78, 0x9d78, 0x9d78, 0x9d78, 0x9d78, 0x9d78, 0x9d78, 0x9d78, 0x9d78, 0x9d78, 
	0x9d78, 0xa578, 0xa578, 0xa578, 0xa578, 0xa578, 0xa578, 0xa578, 0xa578, 0xa578, 0xa578, 0xa578, 0xa578, 0xa578, 0xa578, 0xa578, 
	0xa578, 0xa578, 0xa578, 0xa578, 0xa598, 0xa598, 0xa598, 0xa598, 0xa598, 0xa598, 0xa598, 0xa598, 0xad98, 0xad98, 0xad98, 0xadb9, 
	0xadb9, 0xadb9, 0xadb9, 0xadb9, 0xadb9, 0xadb9, 0xadb9, 0xadb9, 0xadd9, 0xadd9, 0xadd9, 0xb5d9, 0xb5d9, 0xb5d9, 0xb5d9, 0xb5f9, 
	0xb5f9, 0xb5f9, 0xb5f9, 0xb5f9, 0xbdf9, 0xbe19, 0xbe19, 0xbe1a, 0xbe1a, 0xbe1a, 0xbe1a, 0xbe3a, 0xbe3a, 0xc63a, 0xc63a, 0xc63a, 
	0xc65a, 0xc65a, 0xc65a, 0xc65a, 0xc67a, 0xce7a, 0xce7a, 0xce7a, 0xce7a, 0xce9a, 0xce9a, 0xce9b, 0xd69b, 0xd69b, 0xd69b, 0xd6bb, 
	0xd6bb, 0xd6bb, 0xd6bb, 0xdebb, 0xdedb, 0xdedb, 0xdedb, 0xdedb, 0xdedb, 0xdefb, 0xdefb, 0xe6fb, 0xe6fb, 0xe6fb, 0xe6fb, 0xe6fb, 
	0xe71b, 0xe71b, 0xe71b, 0xe71c, 0xef1c, 0xef1c, 0xef1c, 0xef1c, 0xef3c, 0xef3c, 0xef3c, 0xef3c, 0xef3c, 0xef3c, 0xef3c, 0xef3c, 
	0xef3c, 0xef3c, 0xf75c, 0xf75c, 0xf75c, 0xf75c, 0xf75c, 0xf75c, 0xf75c, 0xf75c, 0xf75c, 0xf75c, 0xf75c, 0xf75c, 0xf75c, 0xf75c, 
	0xf75c, 0xf75c, 0xf75c, 0xf75c, 0xf75c, 0xf75c, 0xf75c, 0xf75c, 0xf77c, 0xf77c, 0xf77c, 0xf77c, 0xf77c, 0xf77c, 0xf77c, 0xf77c, 
	0xf77c, 0xf77c, 0xf77c, 0xf77c, 0xf77c, 0xf77c, 0xf77c, 0xf77c, 0xf77c, 0xf77c, 0xf77c, 0xf77c, 0xf77c, 0xf77c, 0xf77c, 0xff7c, 
	0xff7c, 0xff7c, 0xff7c, 0xff7c, 0xff7c, 0xff7c, 0xff7c, 0xff7c, 0xff7c, 0xff7c, 0xff7c, 0xff7c, 0xff7c, 0xff7c, 0xff7c, 0xff7c, 
	0xff7c, 0xff7c, 0xff7c, 0xff7c, 0xff7c, 0xff7c, 0xff7c, 0xff7c, 0xff7c, 0xff7c, 0xff7c, 0xff7c, 0xff7c, 0xff7c, 0xff7c, 0xff7c, 
	0xff7c, 0xff7c, 0xff7c, 0xff7c, 0xff7c, 0xff7c, 0xff7c, 0xff7c, 0xff7c, 0xff7c, 0xff9c, 0xff9c, 0xff9c, 0xff9c, 0xff9c, 0xff9c, 
	0xff7c, 0xff7c, 0xff9c, 0xff9c, 0xff9c, 0xff9c, 0xff7c, 0xff9c, 0xff9c, 0xff9c, 0xff9c, 0xff9c, 0xff9c, 0xff9c, 0xff9c, 0xff9c, 
	0xff9c, 0xff9c, 0xff9c, 0xff9c, 0xff9c, 0xff9c, 0xff9c, 0xff9c, 0xff9c, 0xff9c, 0xff9c, 0xff9c, 0xff9c, 0xff9c, 0xff9c, 0xff9c, 
	0xff9c, 0xff9c, 0xff9c, 0xff9c, 0xff9c, 0xff9b, 0xff9c, 0xff9b, 0xff9b, 0xff9b, 0xff9b, 0xff7b, 0xff9b, 0xff7b, 0xff7b, 0xff9b, 
	0x9d59, 0x9559, 0x9d59, 0x9d59, 0x9d59, 0x9d59, 0x9d59, 0x9d79, 0x9d59, 0x9d79, 0x9d59, 0x9d79, 0x9d59, 0x9d59, 0x9d79, 0x9d79, 
	0x9d59, 0x9d79, 0x9559, 0x9579, 0x9d59, 0x9d79, 0x9d59, 0x9d79, 0x9559, 0x9579, 0x9d59, 0x9d59, 0x9d59, 0x9d79, 0x9d79, 0x9d59, 
	0x9d59, 0x9d59, 0x9d58, 0x9d58, 0x9d58, 0x9d58, 0x9d58, 0x9d58, 0x9d58, 0x9d58, 0x9d58, 0x9d58, 0x9d58, 0x9d58, 0x9d58, 0x9d58, 
	0x9d58, 0x9d58, 0x9d58, 0x9d58, 0x9d58, 0x9d58, 0x9d78, 0x9d78, 0x9d78, 0x9d78, 0x9d78, 0x9d78, 0x9d78, 0x9d78, 0x9d78, 0xa578, 
	0xa578, 0xa578, 0xa578, 0xa578, 0xa578, 0xa578, 0xa578, 0xa578, 0xa578, 0xa578, 0xa578, 0xa578, 0xa578, 0xa578, 0xa578, 0xa578, 
	0xa578, 0xa578, 0xa578, 0xa598, 0xa598, 0xa598, 0xa598, 0xa598, 0xa598, 0xa598, 0xa598, 0xad98, 0xad98, 0xad98, 0xad98, 0xadb8, 
	0xadb9, 0xadb9, 0xadb9, 0xadb9, 0xadb9, 0xadb9, 0xadb9, 0xadb9, 0xadd9, 0xadd9, 0xb5d9, 0xb5d9, 0xb5d9, 0xb5d9, 0xb5d9, 0xb5f9, 
	0xb5f9, 0xb5f9, 0xb5f9, 0xb5f9, 0xbdf9, 0xbe19, 0xbe19, 0xbe1a, 0xbe1a, 0xbe1a, 0xbe1a, 0xbe3a, 0xbe3a, 0xc63a, 0xc63a, 0xc65a, 
	0xc65a, 0xc65a, 0xc65a, 0xc65a, 0xce7a, 0xce7a, 0xce7a, 0xce7a, 0xce7a, 0xce9a, 0xce9a, 0xd69b, 0xd69b, 0xd69b, 0xd69b, 0xd6bb, 
	0xd6bb, 0xd6bb, 0xd6bb, 0xdebb, 0xdedb, 0xdedb, 0xdedb, 0xdedb, 0xdedb, 0xdefb, 0xdefb, 0xe6fb, 0xe6fb, 0xe6fb, 0xe6fb, 0xe6fb, 
	0xe71b, 0xe71b, 0xe71b, 0xe71c, 0xef1c, 0xef1c, 0xef1c, 0xef1c, 0xef3c, 0xef3c, 0xef3c, 0xef3c, 0xef3c, 0xef3c, 0xef3c, 0xef3c, 
	0xef3c, 0xef3c, 0xf75c, 0xf75c, 0xf75c, 0xf75c, 0xf75c, 0xf75c, 0xf75c, 0xf75c, 0xf75c, 0xf75c, 0xf75c, 0xf75c, 0xf75c, 0xf75c, 
	0xf75c, 0xf75c, 0xf75c, 0xf75c, 0xf75c, 0xf75c, 0xf75c, 0xf75c, 0xf77c, 0xf77c, 0xf77c, 0xf77c, 0xf77c, 0xf77c, 0xf77c, 0xf77c, 
	0xf77c, 0xf77c, 0xf77c, 0xf77c, 0xf77c, 0xf77c, 0xf77c, 0xf77c, 0xf77c, 0xf77c, 0xf77c, 0xf77c, 0xf77c, 0xf77c, 0xf77c, 0xff7c, 
	0xff7c, 0xff7c, 0xff7c, 0xff7c, 0xff7c, 0xff7c, 0xff7c, 0xff7c, 0xff7c, 0xff7c, 0xff7c, 0xff7c, 0xff7c, 0xff7c, 0xff7c, 0xff7c, 
	0xff7c, 0xff7c, 0xff7c, 0xff7c, 0xff7c, 0xff7c, 0xff7c, 0xff7c, 0xff7c, 0xff7c, 0xff7c, 0xff7c, 0xff7c, 0xff7c, 0xff7c, 0xff7c, 
	0xff7c, 0xff7c, 0xff7c, 0xff7c, 0xff7c, 0xff7c, 0xff7c, 0xff7c, 0xff7c, 0xff7c, 0xff9c, 0xff9c, 0xff9c, 0xff9c, 0xff9c, 0xff9c, 
	0xff7c, 0xff7c, 0xff9c, 0xff9c, 0xff9c, 0xff9c, 0xff7c, 0xff9c, 0xff9c, 0xff9c, 0xff9c, 0xff9c, 0xff9c, 0xff9c, 0xff9c, 0xff9c, 
	0xff9c, 0xff9c, 0xff9c, 0xff9c, 0xff9c, 0xff9c, 0xff9c, 0xff9c, 0xff9c, 0xff9c, 0xff9c, 0xff9c, 0xff9c, 0xff9c, 0xff9c, 0xff9c, 
	0xff9c, 0xff9c, 0xff9c, 0xff9c, 0xff9c, 0xff9b, 0xff9b, 0xff9b, 0xff9b, 0xff9b, 0xff9b, 0xff7b, 0xff7b, 0xff9b, 0xff7b, 0xff7b, 
	0x9d59, 0x9559, 0x9d59, 0x9d59, 0x9d59, 0x9d59, 0x9d59, 0x9d79, 0x9d59, 0x9d79, 0x9d59, 0x9d79, 0x9d59, 0x9d59, 0x9d79, 0x9d79, 
	0x9d79, 0x9d59, 0x9d59, 0x9579, 0x9d79, 0x9d79, 0x9d79, 0x9d79, 0x9579, 0x9d79, 0x9d79, 0x9d59, 0x9559, 0x9d79, 0x9d59, 0x9d59, 
	0x9d59, 0x9d59, 0x9d58, 0x9d58, 0x9d58, 0x9d58, 0x9d58, 0x9d58, 0x9d58, 0x9d58, 0x9d58, 0x9d58, 0x9d58, 0x9d58, 0x9d58, 0x9d58, 
	0x9d58, 0x9d58, 0x9d58, 0x9d58, 0x9d58, 0x9d78, 0x9d78, 0x9d78, 0x9d78, 0x9d78, 0x9d78, 0x9d78, 0x9d78, 0xa578, 0xa578, 0xa578, 
	0xa578, 0xa578, 0xa578, 0xa578, 0xa578, 0xa578, 0xa578, 0xa578, 0xa578, 0xa578, 0xa578, 0xa578, 0xa578, 0xa578, 0xa578, 0xa578, 
	0xa578, 0xa578, 0xa598, 0xa598, 0xa598, 0xa598, 0xa598, 0xa598, 0xa598, 0xad98, 0xad98, 0xad98, 0xad98, 0xad98, 0xadb8, 0xadb8, 
	0xadb9, 0xadb9, 0xadb9, 0xadb9, 0xadb9, 0xadb9, 0xadb9, 0xadb9, 0xadd9, 0xb5d9, 0xb5d9, 0xb5d9, 0xb5d9, 0xb5d9, 0xb5d9, 0xb5f9, 
	0xb5f9, 0xb5f9, 0xb5f9, 0xbdf9, 0xbdf9, 0xbe19, 0xbe19, 0xbe1a, 0xbe1a, 0xbe1a, 0xbe3a, 0xbe3a, 0xc63a, 0xc63a, 0xc63a, 0xc65a, 
	0xc65a, 0xc65a, 0xc65a, 0xc65a, 0xce7a, 0xce7a, 0xce7a, 0xce7a, 0xce7a, 0xce9a, 0xce9a, 0xd69b, 0xd69b, 0xd69b, 0xd6bb, 0xd6bb, 
	0xd6bb, 0xd6bb, 0xdebb, 0xdebb, 0xdedb, 0xdedb, 0xdedb, 0xdedb, 0xdedb, 0xdefb, 0xe6fb, 0xe6fb, 0xe6fb, 0xe6fb, 0xe6fb, 0xe6fb, 
	0xe71b, 0xe71b, 0xe71b, 0xef1c, 0xef1c, 0xef1c, 0xef1c, 0xef1c, 0xef3c, 0xef3c, 0xef3c, 0xef3c, 0xef3c, 0xef3c, 0xef3c, 0xef3c, 
	0xef3c, 0xf75c, 0xf75c, 0xf75c, 0xf75c, 0xf75c, 0xf75c, 0xf75c, 0xf75c, 0xf75c, 0xf75c, 0xf75c, 0xf75c, 0xf75c, 0xf75c, 0xf75c, 
	0xf75c, 0xf75c, 0xf75c, 0xf75c, 0xf75c, 0xf75c, 0xf75c, 0xf75c, 0xf77c, 0xf77c, 0xf77c, 0xf77c, 0xf77c, 0xf77c, 0xf77c, 0xf77c, 
	0xf77c, 0xf77c, 0xf77c, 0xf77c, 0xf77c, 0xf77c, 0xf77c, 0xf77c, 0xf77c, 0xf77c, 0xf77c, 0xf77c, 0xf77c, 0xf77c, 0xff7c, 0xff7c, 
	0xff7c, 0xff7c, 0xff7c, 0xff7c, 0xff7c, 0xff7c, 0xff7c, 0xff7c, 0xff7c, 0xff7c, 0xff7c, 0xff7c, 0xff7c, 0xff7c, 0xff7c, 0xff7c, 
	0xff7c, 0xff7c, 0xff7c, 0xff7c, 0xff7c, 0xff7c, 0xff7c, 0xff7c, 0xff7c, 0xff7c, 0xff7c, 0xff7c, 0xff7c, 0xff7c, 0xff7c, 0xff7c, 
	0xff7c, 0xff7c, 0xff7c, 0xff7c, 0xff7c, 0xff7c, 0xff7c, 0xff7c, 0xff7c, 0xff7c, 0xff7c, 0xff9c, 0xff9c, 0xff9c, 0xff9c, 0xff9c, 
	0xff7c, 0xff7c, 0xff7c, 0xff9c, 0xff9c, 0xff9c, 0xff7c, 0xff9c, 0xff9c, 0xff9c, 0xff9c, 0xff9c, 0xff9c, 0xff9c, 0xff9c, 0xff9c, 
	0xff9c, 0xff9c, 0xff9c, 0xff9c, 0xff9c, 0xff9c, 0xff9c, 0xff9c, 0xff9c, 0xff9c, 0xff9c, 0xff9c, 0xff9c, 0xff9c, 0xff9c, 0xff9c, 
	0xff9c, 0xff9c, 0xff9c, 0xff9c, 0xff9c, 0xff9b, 0xff9b, 0xff9b, 0xff9b, 0xff9b, 0xff9b, 0xff7b, 0xff7b, 0xff9b, 0xff7b, 0xff7b, 
	0x9d59, 0x9559, 0x9d59, 0x9d59, 0x9d59, 0x9d59, 0x9d59, 0x9d79, 0x9d59, 0x9d79, 0x9d59, 0x9d79, 0x9d59, 0x9d59, 0x9d79, 0x9d79, 
	0x9d79, 0x9d59, 0x9d59, 0x9d79, 0x9d79, 0x9d59, 0x9d79, 0x9d79, 0x9579, 0x9d59, 0x9d79, 0x9d59, 0x9d79, 0x9d79, 0x9d59, 0x9d59, 
	0x9d58, 0x9d59, 0x9d58, 0x9d58, 0x9d58, 0x9d58, 0x9d58, 0x9d58, 0x9d58, 0x9d58, 0x9d58, 0x9d58, 0x9d58, 0x9d58, 0x9d58, 0x9d58, 
	0x9d58, 0x9d58, 0x9d58, 0x9d58, 0x9d78, 0x9d78, 0x9d78, 0x9d78, 0x9d78, 0x9d78, 0x9d78, 0xa578, 0xa578, 0xa578, 0xa578, 0xa578, 
	0xa578, 0xa578, 0xa578, 0xa578, 0xa578, 0xa578, 0xa578, 0xa578, 0xa578, 0xa578, 0xa578, 0xa578, 0xa578, 0xa578, 0xa578, 0xa578, 
	0xa578, 0xa578, 0xa598, 0xa598, 0xa598, 0xa598, 0xa598, 0xa598, 0xad98, 0xad98, 0xad98, 0xad98, 0xad98, 0xad98, 0xadb8, 0xadb8, 
	0xadb8, 0xadb9, 0xadb9, 0xadb9, 0xadb9, 0xadb9, 0xadb9, 0xadd9, 0xadd9, 0xb5d9, 0xb5d9, 0xb5d9, 0xb5d9, 0xb5d9, 0xb5f9, 0xb5f9, 
	0xb5f9, 0xb5f9, 0xb5f9, 0xbdf9, 0xbe19, 0xbe19, 0xbe19, 0xbe1a, 0xbe1a, 0xbe1a, 0xbe3a, 0xbe3a, 0xc63a, 0xc63a, 0xc63a, 0xc65a, 
	0xc65a, 0xc65a, 0xc65a, 0xce7a, 0xce7a, 0xce7a, 0xce7a, 0xce7a, 0xce7a, 0xce9a, 0xd69a, 0xd69b, 0xd69b, 0xd69b, 0xd6bb, 0xd6bb, 
	0xd6bb, 0xd6bb, 0xdebb, 0xdedb, 0xdedb, 0xdedb, 0xdedb, 0xdedb, 0xdedb, 0xdefb, 0xe6fb, 0xe6fb, 0xe6fb, 0xe6fb, 0xe6fb, 0xe71b, 
	0xe71b, 0xe71b, 0xe71c, 0xef1c, 0xef1c, 0xef1c, 0xef1c, 0xef3c, 0xef3c, 0xef3c, 0xef3c, 0xef3c, 0xef3c, 0xef3c, 0xef3c, 0xef3c, 
	0xef3c, 0xf75c, 0xf75c, 0xf75c, 0xf75c, 0xf75c, 0xf75c, 0xf75c, 0xf75c, 0xf75c, 0xf75c, 0xf75c, 0xf75c, 0xf75c, 0xf75c, 0xf75c, 
	0xf75c, 0xf75c, 0xf75c, 0xf75c, 0xf75c, 0xf75c, 0xf75c, 0xf75c, 0xf77c, 0xf77c, 0xf77c, 0xf77c, 0xf77c, 0xf77c, 0xf77c, 0xf77c, 
	0xf77c, 0xf77c, 0xf77c, 0xf77c, 0xf77c, 0xf77c, 0xf77c, 0xf77c, 0xf77c, 0xf77c, 0xf77c, 0xf77c, 0xf77c, 0xff7c, 0xff7c, 0xff7c, 
	0xff7c, 0xff7c, 0xff7c, 0xff7c, 0xff7c, 0xff7c, 0xff7c, 0xff7c, 0xff7c, 0xff7c, 0xff7c, 0xff7c, 0xff7c, 0xff7c, 0xff7c, 0xff7c, 
	0xff7c, 0xff7c, 0xff7c, 0xff7c, 0xff7c, 0xff7c, 0xff7c, 0xff7c, 0xff7c, 0xff7c, 0xff7c, 0xff7c, 0xff7c, 0xff7c, 0xff7c, 0xff7c, 
	0xff7c, 0xff7c, 0xff7c, 0xff7c, 0xff7c, 0xff7c, 0xff7c, 0xff7c, 0xff7c, 0xff7c, 0xff7c, 0xff7c, 0xff9c, 0xff9c, 0xff9c, 0xff9c, 
	0xff7c, 0xff7c, 0xff7c, 0xff7c, 0xff9c, 0xff9c, 0xff9c, 0xff7c, 0xff9c, 0xff9c, 0xff9c, 0xff9c, 0xff9c, 0xff9c, 0xff9c, 0xff9c, 
	0xff9c, 0xff9c, 0xff9c, 0xff9c, 0xff9c, 0xff9c, 0xff9c, 0xff9c, 0xff9c, 0xff9c, 0xff9c, 0xff9c, 0xff9c, 0xff9c, 0xff9c, 0xff9c, 
	0xff9c, 0xff9c, 0xff9c, 0xff9c, 0xff9c, 0xff9b, 0xff9b, 0xff9b, 0xff9b, 0xff9b, 0xff9b, 0xff7b, 0xff7b, 0xff7b, 0xff7b, 0xff7b, 
	0x9d59, 0x9559, 0x9d59, 0x9d59, 0x9d59, 0x9d59, 0x9d59, 0x9d79, 0x9d59, 0x9d79, 0x9d59, 0x9d79, 0x9d59, 0x9d59, 0x9d79, 0x9d59, 
	0x9d79, 0x9d59, 0x9d59, 0x9d79, 0x9d79, 0x9d59, 0x9d79, 0x9d79, 0x9d79, 0x9d59, 0x9d79, 0x9d59, 0x9d79, 0x9d79, 0x9d59, 0x9d59, 
	0x9d58, 0x9d58, 0x9d58, 0x9d58, 0x9d58, 0x9d58, 0x9d58, 0x9d58, 0x9d58, 0x9d58, 0x9d58, 0x9d58, 0x9d58, 0x9d58, 0x9d58, 0x9d58, 
	0x9d58, 0x9d58, 0x9d58, 0x9d58, 0x9d78, 0x9d78, 0x9d78, 0x9d78, 0x9d78, 0xa578, 0xa578, 0xa578, 0x9d78, 0xa578, 0xa578, 0xa578, 
	0xa578, 0xa578, 0xa578, 0xa578, 0xa578, 0xa578, 0xa578, 0xa578, 0xa578, 0xa578, 0xa578, 0xa578, 0xa578, 0xa578, 0xa578, 0xa578, 
	0xa578, 0xa578, 0xa578, 0xa578, 0xa578, 0xa598, 0xa598, 0xa598, 0xa598, 0xad98, 0xad98, 0xad98, 0xad98, 0xad98, 0xad98, 0xad98, 
	0xadb8, 0xadb8, 0xadb8, 0xadb8, 0xadb9, 0xadb9, 0xadb9, 0xadb9, 0xadb9, 0xb5d9, 0xb5d9, 0xb5d9, 0xb5d9, 0xb5d9, 0xb5d9, 0xb5d9, 
	0xb5f9, 0xb5f9, 0xb5f9, 0xbdf9, 0xbdf9, 0xbe19, 0xbe19, 0xbe19, 0xbe19, 0xbe19, 0xbe1a, 0xbe3a, 0xc63a, 0xc63a, 0xc63a, 0xc63a, 
	0xc65a, 0xc65a, 0xc65a, 0xc65a, 0xce5a, 0xce7a, 0xce7a, 0xce7a, 0xce7a, 0xce7a, 0xce9a, 0xd69a, 0xd69a, 0xd69b, 0xd69b, 0xd6bb, 
	0xd6bb, 0xd6bb, 0xdebb, 0xdebb, 0xdebb, 0xdedb, 0xdedb, 0xdedb, 0xdedb, 0xdedb, 0xdefb, 0xe6fb, 0xe6fb, 0xe6fb, 0xe6fb, 0xe6fb, 
	0xe6fb, 0xe71b, 0xe71b, 0xe71b, 0xef1b, 0xef1b, 0xef1b, 0xef1c, 0xef1c, 0xef3c, 0xef3c, 0xef3c, 0xef3c, 0xef3c, 0xef3c, 0xef3c, 
	0xef3c, 0xef3c, 0xef3c, 0xf73c, 0xf75c, 0xf75c, 0xf75c, 0xf75c, 0xf75c, 0xf75c, 0xf75c, 0xf75c, 0xf75c, 0xf75c, 0xf75c, 0xf75c, 
	0xf75c, 0xf75c, 0xf75c, 0xf75c, 0xf75c, 0xf75c, 0xf75c, 0xf75c, 0xf75c, 0xf75c, 0xf75c, 0xf75c, 0xf75c, 0xf75c, 0xf75c, 0xf75c, 
	0xf75c, 0xf75c, 0xf75c, 0xf75c, 0xf77c, 0xf77c, 0xf77c, 0xf77c, 0xf77c, 0xf77c, 0xf77c, 0xf77c, 0xf77c, 0xf77c, 0xf77c, 0xf77c, 
	0xf77c, 0xf77c, 0xf77c, 0xf77c, 0xf77c, 0xf77c, 0xf77c, 0xf77c, 0xff7c, 0xff7c, 0xff7c, 0xff7c, 0xff7c, 0xff7c, 0xff7c, 0xff7c, 
	0xff7c, 0xff7c, 0xff7c, 0xff7c, 0xff7c, 0xff7c, 0xff7c, 0xff7c, 0xff7c, 0xff7c, 0xff7c, 0xff7c, 0xff7c, 0xff7c, 0xff7c, 0xff7c, 
	0xff7c, 0xff7c, 0xff7c, 0xff7c, 0xff7c, 0xff7c, 0xff7c, 0xff7c, 0xff7c, 0xff7c, 0xff7c, 0xff7c, 0xff9c, 0xff9c, 0xff9c, 0xff9c, 
	0xff7c, 0xff7c, 0xff7c, 0xff7c, 0xff9c, 0xff9c, 0xff9c, 0xff7c, 0xff9c, 0xff9c, 0xff9c, 0xff9c, 0xff9c, 0xff9c, 0xff9c, 0xff9c, 
	0xff9c, 0xff9c, 0xff9c, 0xff9c, 0xff9c, 0xff9c, 0xff9c, 0xff9c, 0xff9c, 0xff9c, 0xff9c, 0xff9c, 0xff9c, 0xff9c, 0xff9c, 0xff9c, 
	0xff9c, 0xff9c, 0xff9c, 0xff9c, 0xff9c, 0xff9b, 0xff9b, 0xff9b, 0xff9b, 0xff9b, 0xff9b, 0xff9b, 0xff7b, 0xff7b, 0xff7b, 0xff7b, 
	0x9d59, 0x9d59, 0x9d59, 0x9d59, 0x9d59, 0x9d59, 0x9d59, 0x9d79, 0x9d59, 0x9d79, 0x9d59, 0x9d79, 0x9d59, 0x9d59, 0x9d79, 0x9d59, 
	0x9d79, 0x9d79, 0x9d59, 0x9d79, 0x9d79, 0x9d59, 0x9d79, 0x9d79, 0x9d79, 0x9d59, 0x9d79, 0x9d59, 0x9d79, 0x9d79, 0x9d59, 0x9d59, 
	0x9d58, 0x9d58, 0x9d58, 0x9d58, 0x9d58, 0x9d58, 0x9d58, 0x9d58, 0x9d58, 0x9d58, 0x9d58, 0x9d58, 0x9d58, 0x9d58, 0x9d58, 0x9d58, 
	0x9d58, 0x9d58, 0x9d58, 0x9d78, 0x9d78, 0x9d78, 0x9d78, 0x9d78, 0x9d78, 0xa578, 0xa578, 0x9d78, 0xa578, 0xa578, 0xa578, 0xa578, 
	0xa578, 0xa578, 0xa578, 0xa578, 0xa578, 0xa578, 0xa578, 0xa578, 0xa578, 0xa578, 0xa578, 0xa578, 0xa578, 0xa578, 0xa578, 0xa578, 
	0xa578, 0xa578, 0xa578, 0xa578, 0xa578, 0xa598, 0xa598, 0xad98, 0xad98, 0xad98, 0xad98, 0xad98, 0xad98, 0xad98, 0xad98, 0xadb8, 
	0xadb8, 0xadb8, 0xadb8, 0xadb8, 0xadb9, 0xadb9, 0xadb9, 0xadb9, 0xadb9, 0xb5d9, 0xb5d9, 0xb5d9, 0xb5d9, 0xb5d9, 0xb5d9, 0xb5f9, 
	0xb5f9, 0xb5f9, 0xb5f9, 0xbdf9, 0xbdf9, 0xbe19, 0xbe19, 0xbe19, 0xbe19, 0xbe19, 0xbe1a, 0xbe3a, 0xc63a, 0xc63a, 0xc63a, 0xc63a, 
	0xc65a, 0xc65a, 0xc65a, 0xce5a, 0xce7a, 0xce7a, 0xce7a, 0xce7a, 0xce7a, 0xce7a, 0xce9a, 0xd69a, 0xd69a, 0xd69b, 0xd69b, 0xd6bb, 
	0xd6bb, 0xd6bb, 0xdebb, 0xdebb, 0xdedb, 0xdedb, 0xdedb, 0xdedb, 0xdedb, 0xdedb, 0xdefb, 0xe6fb, 0xe6fb, 0xe6fb, 0xe6fb, 0xe6fb, 
	0xe6fb, 0xe71b, 0xe71b, 0xe71b, 0xef1b, 0xef1b, 0xef1b, 0xef1c, 0xef1c, 0xef3c, 0xef3c, 0xef3c, 0xef3c, 0xef3c, 0xef3c, 0xef3c, 
	0xef3c, 0xef3c, 0xef3c, 0xf73c, 0xf75c, 0xf75c, 0xf75c, 0xf75c, 0xf75c, 0xf75c, 0xf75c, 0xf75c, 0xf75c, 0xf75c, 0xf75c, 0xf75c, 
	0xf75c, 0xf75c, 0xf75c, 0xf75c, 0xf75c, 0xf75c, 0xf75c, 0xf75c, 0xf75c, 0xf75c, 0xf75c, 0xf75c, 0xf75c, 0xf75c, 0xf75c, 0xf75c, 
	0xf75c, 0xf75c, 0xf75c, 0xf77c, 0xf77c, 0xf77c, 0xf77c, 0xf77c, 0xf77c, 0xf77c, 0xf77c, 0xf77c, 0xf77c, 0xf77c, 0xf77c, 0xf77c, 
	0xf77c, 0xf77c, 0xf77c, 0xf77c, 0xf77c, 0xf77c, 0xf77c, 0xf77c, 0xff7c, 0xff7c, 0xff7c, 0xff7c, 0xff7c, 0xff7c, 0xff7c, 0xff7c, 
	0xff7c, 0xff7c, 0xff7c, 0xff7c, 0xff7c, 0xff7c, 0xff7c, 0xff7c, 0xff7c, 0xff7c, 0xff7c, 0xff7c, 0xff7c, 0xff7c, 0xff7c, 0xff7c, 
	0xff7c, 0xff7c, 0xff7c, 0xff7c, 0xff7c, 0xff7c, 0xff7c, 0xff7c, 0xff7c, 0xff7c, 0xff7c, 0xff7c, 0xff7c, 0xff9c, 0xff9c, 0xff9c, 
	0xff7c, 0xff7c, 0xff7c, 0xff7c, 0xff9c, 0xff9c, 0xff9c, 0xff7c, 0xff9c, 0xff9c, 0xff9c, 0xff9c, 0xff9c, 0xff9c, 0xff9c, 0xff9c, 
	0xff9c, 0xff9c, 0xff9c, 0xff9c, 0xff9c, 0xff9c, 0xff9c, 0xff9c, 0xff9c, 0xff9c, 0xff9c, 0xff9c, 0xff9c, 0xff9c, 0xff9c, 0xff9c, 
	0xff9c, 0xff9c, 0xff9c, 0xff9c, 0xff9c, 0xff9c, 0xff9b, 0xff9b, 0xff9b, 0xff9b, 0xff9b, 0xff9b, 0xff7b, 0xff7b, 0xff7b, 0xff7b, 
	0x9d59, 0x9d59, 0x9d59, 0x9d59, 0x9d59, 0x9d59, 0x9d59, 0x9d79, 0x9d59, 0x9d79, 0x9d59, 0x9d79, 0x9d59, 0x9d59, 0x9d79, 0x9d59, 
	0x9d79, 0x9d79, 0x9d59, 0x9d79, 0x9d79, 0x9d59, 0x9d79, 0x9d79, 0x9d79, 0x9d59, 0x9d59, 0x9d59, 0x9d79, 0x9d79, 0x9d59, 0x9d79, 
	0x9d58, 0x9d58, 0x9d58, 0x9d78, 0x9d58, 0x9d58, 0x9d58, 0x9d58, 0x9d58, 0x9d58, 0x9d58, 0x9d58, 0x9d58, 0x9d58, 0x9d58, 0x9d58, 
	0x9d58, 0x9d58, 0x9d78, 0x9d78, 0x9d78, 0x9d78, 0x9d78, 0xa578, 0xa578, 0xa578, 0xa578, 0xa578, 0xa578, 0xa578, 0xa578, 0xa578, 
	0xa578, 0xa578, 0xa578, 0xa578, 0xa578, 0xa578, 0xa578, 0xa578, 0xa578, 0xa578, 0xa578, 0xa578, 0xa578, 0xa578, 0xa578, 0xa578, 
	0xa578, 0xa578, 0xa578, 0xa578, 0xa598, 0xad98, 0xad98, 0xad98, 0xad98, 0xad98, 0xad98, 0xad98, 0xad98, 0xad98, 0xad98, 0xadb8, 
	0xadb8, 0xadb8, 0xadb8, 0xadb8, 0xadb8, 0xadb9, 0xadb9, 0xadb9, 0xb5d9, 0xb5d9, 0xb5d9, 0xb5d9, 0xb5d9, 0xb5d9, 0xb5d9, 0xb5f9, 
	0xb5f9, 0xb5f9, 0xbdf9, 0xbdf9, 0xbdf9, 0xbe19, 0xbe19, 0xbe19, 0xbe19, 0xbe19, 0xbe1a, 0xc63a, 0xc63a, 0xc63a, 0xc63a, 0xc63a, 
	0xc65a, 0xc65a, 0xc65a, 0xce5a, 0xce7a, 0xce7a, 0xce7a, 0xce7a, 0xce7a, 0xce9a, 0xd69a, 0xd69a, 0xd69a, 0xd69b, 0xd69b, 0xd6bb, 
	0xd6bb, 0xd6bb, 0xdebb, 0xdebb, 0xdedb, 0xdedb, 0xdedb, 0xdedb, 0xdedb, 0xdefb, 0xe6fb, 0xe6fb, 0xe6fb, 0xe6fb, 0xe6fb, 0xe6fb, 
	0xe71b, 0xe71b, 0xe71b, 0xef1b, 0xef1b, 0xef1b, 0xef1b, 0xef1c, 0xef3c, 0xef3c, 0xef3c, 0xef3c, 0xef3c, 0xef3c, 0xef3c, 0xef3c, 
	0xef3c, 0xef3c, 0xf73c, 0xf75c, 0xf75c, 0xf75c, 0xf75c, 0xf75c, 0xf75c, 0xf75c, 0xf75c, 0xf75c, 0xf75c, 0xf75c, 0xf75c, 0xf75c, 
	0xf75c, 0xf75c, 0xf75c, 0xf75c, 0xf75c, 0xf75c, 0xf75c, 0xf75c, 0xf75c, 0xf75c, 0xf75c, 0xf75c, 0xf75c, 0xf75c, 0xf75c, 0xf75c, 
	0xf75c, 0xf75c, 0xf77c, 0xf77c, 0xf77c, 0xf77c, 0xf77c, 0xf77c, 0xf77c, 0xf77c, 0xf77c, 0xf77c, 0xf77c, 0xf77c, 0xf77c, 0xf77c, 
	0xf77c, 0xf77c, 0xf77c, 0xf77c, 0xf77c, 0xf77c, 0xf77c, 0xf77c, 0xff7c, 0xff7c, 0xff7c, 0xff7c, 0xff7c, 0xff7c, 0xff7c, 0xff7c, 
	0xff7c, 0xff7c, 0xff7c, 0xff7c, 0xff7c, 0xff7c, 0xff7c, 0xff7c, 0xff7c, 0xff7c, 0xff7c, 0xff7c, 0xff7c, 0xff7c, 0xff7c, 0xff7c, 
	0xff7c, 0xff7c, 0xff7c, 0xff7c, 0xff7c, 0xff7c, 0xff7c, 0xff7c, 0xff7c, 0xff7c, 0xff7c, 0xff7c, 0xff7c, 0xff7c, 0xff9c, 0xff9c, 
	0xff7c, 0xff7c, 0xff7c, 0xff7c, 0xff7c, 0xff9c, 0xff9c, 0xff7c, 0xff7c, 0xff9c, 0xff9c, 0xff9c, 0xff9c, 0xff9c, 0xff9c, 0xff9c, 
	0xff9c, 0xff9c, 0xff9c, 0xff9c, 0xff9c, 0xff9c, 0xff9c, 0xff9c, 0xff9c, 0xff9c, 0xff9c, 0xff9c, 0xff9c, 0xff9c, 0xff9c, 0xff9c, 
	0xff9c, 0xff9c, 0xff9c, 0xff9c, 0xff9c, 0xff9c, 0xff9b, 0xff9b, 0xff9b, 0xff9b, 0xff9b, 0xff9b, 0xff9b, 0xff7b, 0xff9b, 0xff7b, 
	0x9d59, 0x9d59, 0x9d59, 0x9d59, 0x9d59, 0x9d59, 0x9d59, 0x9d79, 0x9d59, 0x9d79, 0x9d59, 0x9d79, 0x9d59, 0x9d59, 0x9d59, 0x9d59, 
	0x9d79, 0x9d79, 0x9d59, 0x9d79, 0x9d79, 0x9d59, 0x9d79, 0x9d79, 0x9d79, 0x9d59, 0x9d59, 0x9d79, 0x9d79, 0x9d58, 0x9d59, 0x9d58, 
	0x9d58, 0x9d58, 0x9d58, 0x9d58, 0x9d58, 0x9d58, 0x9d58, 0x9d58, 0x9d58, 0x9d58, 0x9d58, 0x9d58, 0x9d58, 0x9d58, 0x9d58, 0x9d58, 
	0x9d58, 0x9d58, 0x9d78, 0x9d78, 0x9d78, 0x9d78, 0xa578, 0xa578, 0xa578, 0xa578, 0xa578, 0xa578, 0xa578, 0xa578, 0xa578, 0xa578, 
	0xa578, 0xa578, 0xa578, 0xa578, 0xa578, 0xa578, 0xa578, 0xa578, 0xa578, 0xa578, 0xa578, 0xa578, 0xa578, 0xa578, 0xa578, 0xa578, 
	0xa578, 0xa578, 0xa578, 0xa578, 0xad98, 0xad98, 0xad98, 0xad98, 0xad98, 0xad98, 0xad98, 0xad98, 0xad98, 0xad98, 0xad98, 0xadb8, 
	0xadb8, 0xadb8, 0xadb8, 0xadb8, 0xadb8, 0xadb9, 0xadb9, 0xb5b9, 0xb5d9, 0xb5d9, 0xb5d9, 0xb5d9, 0xb5d9, 0xb5d9, 0xb5d9, 0xb5f9, 
	0xb5f9, 0xb5f9, 0xbdf9, 0xbdf9, 0xbe19, 0xbe19, 0xbe19, 0xbe19, 0xbe19, 0xbe19, 0xbe3a, 0xc63a, 0xc63a, 0xc63a, 0xc63a, 0xc65a, 
	0xc65a, 0xc65a, 0xc65a, 0xce5a, 0xce7a, 0xce7a, 0xce7a, 0xce7a, 0xce7a, 0xce9a, 0xd69a, 0xd69a, 0xd69a, 0xd69b, 0xd69b, 0xd6bb, 
	0xd6bb, 0xdebb, 0xdebb, 0xdebb, 0xdedb, 0xdedb, 0xdedb, 0xdedb, 0xdedb, 0xdefb, 0xe6fb, 0xe6fb, 0xe6fb, 0xe6fb, 0xe6fb, 0xe6fb, 
	0xe71b, 0xe71b, 0xe71b, 0xef1b, 0xef1b, 0xef1b, 0xef1b, 0xef1c, 0xef3c, 0xef3c, 0xef3c, 0xef3c, 0xef3c, 0xef3c, 0xef3c, 0xef3c, 
	0xef3c, 0xef3c, 0xf73c, 0xf75c, 0xf75c, 0xf75c, 0xf75c, 0xf75c, 0xf75c, 0xf75c, 0xf75c, 0xf75c, 0xf75c, 0xf75c, 0xf75c, 0xf75c, 
	0xf75c, 0xf75c, 0xf75c, 0xf75c, 0xf75c, 0xf75c, 0xf75c, 0xf75c, 0xf75c, 0xf75c, 0xf75c, 0xf75c, 0xf75c, 0xf75c, 0xf75c, 0xf75c, 
	0xf75c, 0xf77c, 0xf77c, 0xf77c, 0xf77c, 0xf77c, 0xf77c, 0xf77c, 0xf77c, 0xf77c, 0xf77c, 0xf77c, 0xf77c, 0xf77c, 0xf77c, 0xf77c, 
	0xf77c, 0xf77c, 0xf77c, 0xf77c, 0xf77c, 0xf77c, 0xf77c, 0xf77c, 0xff7c, 0xff7c, 0xff7c, 0xff7c, 0xff7c, 0xff7c, 0xff7c, 0xff7c, 
	0xff7c, 0xff7c, 0xff7c, 0xff7c, 0xff7c, 0xff7c, 0xff7c, 0xff7c, 0xff7c, 0xff7c, 0xff7c, 0xff7c, 0xff7c, 0xff7c, 0xff7c, 0xff7c, 
	0xff7c, 0xff7c, 0xff7c, 0xff7c, 0xff7c, 0xff7c, 0xff9c, 0xff7c, 0xff7c, 0xff7c, 0xff7c, 0xff7c, 0xff7c, 0xff7c, 0xff9c, 0xff9c, 
	0xff7c, 0xff7c, 0xff7c, 0xff7c, 0xff7c, 0xff9c, 0xff9c, 0xff7c, 0xff7c, 0xff9c, 0xff9c, 0xff9c, 0xff9c, 0xff9c, 0xff9c, 0xff9c, 
	0xff9c, 0xff9c, 0xff9c, 0xff9c, 0xff9c, 0xff9c, 0xff9c, 0xff9c, 0xff9c, 0xff9c, 0xff9c, 0xff9c, 0xff9c, 0xff9c, 0xff9c, 0xff9c, 
	0xff9c, 0xff7c, 0xff9c, 0xff9c, 0xff9c, 0xff9c, 0xff9b, 0xff9b, 0xff9b, 0xff9b, 0xff9b, 0xff9b, 0xff9b, 0xff9b, 0xff9b, 0xff7b, 
	0x9d59, 0x9d59, 0x9d59, 0x9d59, 0x9d59, 0x9d59, 0x9d59, 0x9d79, 0x9d59, 0x9d79, 0x9d59, 0x9d79, 0x9d59, 0x9d59, 0x9d59, 0x9d59, 
	0x9d79, 0x9d79, 0x9d79, 0x9d79, 0x9d79, 0x9d79, 0x9d79, 0x9d79, 0x9d79, 0x9d79, 0x9d59, 0x9d79, 0x9d79, 0x9d58, 0x9d58, 0x9d58, 
	0x9d58, 0x9d58, 0x9d58, 0x9d58, 0x9d58, 0x9d58, 0x9d58, 0x9d58, 0x9d58, 0x9d58, 0x9d58, 0x9d58, 0x9d58, 0x9d58, 0x9d58, 0x9d58, 
	0x9d58, 0x9d78, 0x9d78, 0x9d78, 0xa578, 0xa578, 0xa578, 0xa578, 0xa578, 0xa578, 0xa578, 0xa578, 0xa578, 0xa578, 0xa578, 0xa578, 
	0xa578, 0xa578, 0xa578, 0xa578, 0xa578, 0xa578, 0xa578, 0xa578, 0xa578, 0xa578, 0xa578, 0xa578, 0xa578, 0xa578, 0xa578, 0xa578, 
	0xa578, 0xa578, 0xad78, 0xad98, 0xad98, 0xad98, 0xad98, 0xad98, 0xad98, 0xad98, 0xad98, 0xad98, 0xad98, 0xad98, 0xadb8, 0xadb8, 
	0xadb8, 0xadb8, 0xadb8, 0xadb8, 0xadb8, 0xadb9, 0xb5b9, 0xb5b9, 0xb5d9, 0xb5d9, 0xb5d9, 0xb5d9, 0xb5d9, 0xb5d9, 0xb5f9, 0xb5f9, 
	0xb5f9, 0xbdf9, 0xbdf9, 0xbdf9, 0xbe19, 0xbe19, 0xbe19, 0xbe19, 0xbe19, 0xbe19, 0xc639, 0xc63a, 0xc63a, 0xc63a, 0xc63a, 0xc65a, 
	0xc65a, 0xc65a, 0xce5a, 0xce5a, 0xce7a, 0xce7a, 0xce7a, 0xce7a, 0xce7a, 0xd69a, 0xd69a, 0xd69a, 0xd69a, 0xd69b, 0xd6bb, 0xd6bb, 
	0xd6bb, 0xdebb, 0xdebb, 0xdebb, 0xdedb, 0xdedb, 0xdedb, 0xdedb, 0xdedb, 0xdefb, 0xe6fb, 0xe6fb, 0xe6fb, 0xe6fb, 0xe6fb, 0xe6fb, 
	0xe71b, 0xe71b, 0xe71b, 0xef1b, 0xef1b, 0xef1b, 0xef1c, 0xef1c, 0xef3c, 0xef3c, 0xef3c, 0xef3c, 0xef3c, 0xef3c, 0xef3c, 0xef3c, 
	0xef3c, 0xef3c, 0xf73c, 0xf75c, 0xf75c, 0xf75c, 0xf75c, 0xf75c, 0xf75c, 0xf75c, 0xf75c, 0xf75c, 0xf75c, 0xf75c, 0xf75c, 0xf75c, 
	0xf75c, 0xf75c, 0xf75c, 0xf75c, 0xf75c, 0xf75c, 0xf75c, 0xf75c, 0xf75c, 0xf75c, 0xf75c, 0xf75c, 0xf75c, 0xf75c, 0xf75c, 0xf75c, 
	0xf75c, 0xf77c, 0xf77c, 0xf77c, 0xf77c, 0xf77c, 0xf77c, 0xf77c, 0xf77c, 0xf77c, 0xf77c, 0xf77c, 0xf77c, 0xf77c, 0xf77c, 0xf77c, 
	0xf77c, 0xf77c, 0xf77c, 0xf77c, 0xf77c, 0xf77c, 0xf77c, 0xf77c, 0xff7c, 0xff7c, 0xff7c, 0xff7c, 0xff7c, 0xff7c, 0xff7c, 0xff7c, 
	0xff7c, 0xff7c, 0xff7c, 0xff7c, 0xff7c, 0xff7c, 0xff7c, 0xff7c, 0xff7c, 0xff7c, 0xff7c, 0xff7c, 0xff7c, 0xff7c, 0xff7c, 0xff7c, 
	0xff7c, 0xff7c, 0xff7c, 0xff7c, 0xff7c, 0xff7c, 0xff7c, 0xff7c, 0xff7c, 0xff7c, 0xff7c, 0xff7c, 0xff7c, 0xff7c, 0xff7c, 0xff9c, 
	0xff7c, 0xff7c, 0xff7c, 0xff7c, 0xff7c, 0xff9c, 0xff9c, 0xff7c, 0xff7c, 0xff9c, 0xff9c, 0xff9c, 0xff9c, 0xff9c, 0xff9c, 0xff9c, 
	0xff9c, 0xff9c, 0xff9c, 0xff9c, 0xff9c, 0xff9c, 0xff9c, 0xff9c, 0xff9c, 0xff9c, 0xff9c, 0xff9c, 0xff9c, 0xff9c, 0xff9c, 0xff9c, 
	0xff9c, 0xff9c, 0xff7c, 0xff9c, 0xff9c, 0xff9b, 0xff9b, 0xff9b, 0xff9b, 0xff9b, 0xff9b, 0xff9b, 0xff9b, 0xff9b, 0xff9b, 0xff9b, 
	0x9d59, 0x9d59, 0x9d59, 0x9d59, 0x9d59, 0x9d59, 0x9d59, 0x9d79, 0x9d59, 0x9d79, 0x9d59, 0x9d79, 0x9d59, 0x9d59, 0x9d59, 0x9d59, 
	0x9d79, 0x9d79, 0x9d79, 0x9d79, 0x9d79, 0x9d79, 0x9d79, 0x9d79, 0x9d79, 0x9d79, 0x9d59, 0x9d79, 0x9d79, 0x9d58, 0x9d78, 0x9d58, 
	0x9d58, 0x9d58, 0x9d78, 0x9d58, 0x9d58, 0x9d58, 0x9d58, 0x9d58, 0x9d58, 0x9d58, 0x9d58, 0x9d58, 0x9d58, 0x9d58, 0x9d58, 0x9d58, 
	0x9d78, 0x9d78, 0x9d78, 0xa578, 0xa578, 0xa578, 0xa578, 0xa578, 0xa578, 0xa578, 0xa578, 0xa578, 0xa578, 0xa578, 0xa578, 0xa578, 
	0xa578, 0xa578, 0xa578, 0xa578, 0xa578, 0xa578, 0xa578, 0xa578, 0xa578, 0xa578, 0xa578, 0xa578, 0xa578, 0xa578, 0xa578, 0xa578, 
	0xa578, 0xad78, 0xad78, 0xad98, 0xad98, 0xad98, 0xad98, 0xad98, 0xad98, 0xad98, 0xad98, 0xad98, 0xad98, 0xad98, 0xadb8, 0xadb8, 
	0xadb8, 0xadb8, 0xadb8, 0xadb8, 0xadb8, 0xb5b9, 0xb5b9, 0xb5d9, 0xb5d9, 0xb5d9, 0xb5d9, 0xb5d9, 0xb5d9, 0xb5d9, 0xb5f9, 0xb5f9, 
	0xbdf9, 0xbdf9, 0xbdf9, 0xbdf9, 0xbe19, 0xbe19, 0xbe19, 0xbe19, 0xbe19, 0xbe19, 0xc639, 0xc63a, 0xc63a, 0xc63a, 0xc63a, 0xc65a, 
	0xc65a, 0xc65a, 0xce5a, 0xce7a, 0xce7a, 0xce7a, 0xce7a, 0xce7a, 0xce7a, 0xd69a, 0xd69a, 0xd69a, 0xd69a, 0xd69b, 0xd6bb, 0xd6bb, 
	0xd6bb, 0xdebb, 0xdebb, 0xdedb, 0xdedb, 0xdedb, 0xdedb, 0xdedb, 0xdedb, 0xe6fb, 0xe6fb, 0xe6fb, 0xe6fb, 0xe6fb, 0xe6fb, 0xe71b, 
	0xe71b, 0xe71b, 0xe71b, 0xef1b, 0xef1b, 0xef1b, 0xef1c, 0xef3c, 0xef3c, 0xef3c, 0xef3c, 0xef3c, 0xef3c, 0xef3c, 0xef3c, 0xef3c, 
	0xef3c, 0xf73c, 0xf75c, 0xf75c, 0xf75c, 0xf75c, 0xf75c, 0xf75c, 0xf75c, 0xf75c, 0xf75c, 0xf75c, 0xf75c, 0xf75c, 0xf75c, 0xf75c, 
	0xf75c, 0xf75c, 0xf75c, 0xf75c, 0xf75c, 0xf75c, 0xf75c, 0xf75c, 0xf75c, 0xf75c, 0xf75c, 0xf75c, 0xf75c, 0xf75c, 0xf75c, 0xf75c, 
	0xf77c, 0xf77c, 0xf77c, 0xf77c, 0xf77c, 0xf77c, 0xf77c, 0xf77c, 0xf77c, 0xf77c, 0xf77c, 0xf77c, 0xf77c, 0xf77c, 0xf77c, 0xf77c, 
	0xf77c, 0xf77c, 0xf77c, 0xf77c, 0xf77c, 0xf77c, 0xf77c, 0xf77c, 0xff7c, 0xff7c, 0xff7c, 0xff7c, 0xff7c, 0xff7c, 0xff7c, 0xff7c, 
	0xff7c, 0xff7c, 0xff7c, 0xff7c, 0xff7c, 0xff7c, 0xff7c, 0xff7c, 0xff7c, 0xff7c, 0xff7c, 0xff7c, 0xff7c, 0xff7c, 0xff7c, 0xff7c, 
	0xff7c, 0xff7c, 0xff7c, 0xff7c, 0xff7c, 0xff7c, 0xff7c, 0xff7c, 0xff7c, 0xff7c, 0xff7c, 0xff7c, 0xff7c, 0xff7c, 0xff7c, 0xff7c, 
	0xff7c, 0xff7c, 0xff7c, 0xff7c, 0xff7c, 0xff7c, 0xff9c, 0xff9c, 0xff7c, 0xff7c, 0xff9c, 0xff9c, 0xff9c, 0xff9c, 0xff9c, 0xff9c, 
	0xff9c, 0xff9c, 0xff9c, 0xff9c, 0xff9c, 0xff9c, 0xff9c, 0xff9c, 0xff9c, 0xff9c, 0xff9c, 0xff9c, 0xff9c, 0xff9c, 0xff9c, 0xff9c, 
	0xff9c, 0xff9c, 0xff9c, 0xff9c, 0xff9c, 0xff9b, 0xff9c, 0xff9b, 0xff9b, 0xff9b, 0xff9b, 0xff9b, 0xff9b, 0xff9b, 0xff9b, 0xff9b, 
	0x9d59, 0x9d59, 0x9d59, 0x9d59, 0x9d59, 0x9d79, 0x9d59, 0x9d79, 0x9d59, 0x9d79, 0x9d59, 0x9d79, 0x9d59, 0x9d59, 0x9d59, 0x9d59, 
	0x9d79, 0x9d79, 0x9d79, 0x9d79, 0x9d79, 0x9d79, 0x9d79, 0x9d79, 0x9d79, 0x9d79, 0x9d59, 0x9d79, 0x9d79, 0x9d58, 0x9d78, 0x9d58, 
	0x9d58, 0x9d58, 0x9d78, 0x9d58, 0x9d58, 0x9d58, 0x9d58, 0x9d58, 0x9d58, 0x9d58, 0x9d58, 0x9d58, 0x9d58, 0x9d58, 0x9d58, 0x9d58, 
	0x9d78, 0x9d78, 0xa578, 0xa578, 0xa578, 0xa578, 0xa578, 0xa578, 0xa578, 0xa578, 0xa578, 0xa578, 0xa578, 0xa578, 0xa578, 0xa578, 
	0xa578, 0xa578, 0xa578, 0xa578, 0xa578, 0xa578, 0xa578, 0xa578, 0xa578, 0xa578, 0xa578, 0xa578, 0xa578, 0xa578, 0xa578, 0xad78, 
	0xad78, 0xad78, 0xad98, 0xad98, 0xad98, 0xad98, 0xad98, 0xad98, 0xad98, 0xad98, 0xad98, 0xad98, 0xad98, 0xadb8, 0xadb8, 0xadb8, 
	0xadb8, 0xadb8, 0xadb8, 0xadb8, 0xb5b8, 0xb5b8, 0xb5b9, 0xb5d9, 0xb5d9, 0xb5d9, 0xb5d9, 0xb5d9, 0xb5d9, 0xb5d9, 0xb5f9, 0xb5f9, 
	0xbdf9, 0xbdf9, 0xbdf9, 0xbe19, 0xbe19, 0xbe19, 0xbe19, 0xbe19, 0xbe19, 0xc639, 0xc639, 0xc63a, 0xc63a, 0xc63a, 0xc63a, 0xc65a, 
	0xc65a, 0xce5a, 0xce5a, 0xce7a, 0xce7a, 0xce7a, 0xce7a, 0xce7a, 0xce7a, 0xd69a, 0xd69a, 0xd69a, 0xd69a, 0xd69b, 0xd6bb, 0xd6bb, 
	0xdebb, 0xdebb, 0xdebb, 0xdedb, 0xdedb, 0xdedb, 0xdedb, 0xdedb, 0xdedb, 0xe6fb, 0xe6fb, 0xe6fb, 0xe6fb, 0xe6fb, 0xe6fb, 0xe71b, 
	0xe71b, 0xe71b, 0xef1b, 0xef1b, 0xef1b, 0xef1b, 0xef1c, 0xef3c, 0xef3c, 0xef3c, 0xef3c, 0xef3c, 0xef3c, 0xef3c, 0xef3c, 0xef3c, 
	0xef3c, 0xf73c, 0xf75c, 0xf75c, 0xf75c, 0xf75c, 0xf75c, 0xf75c, 0xf75c, 0xf75c, 0xf75c, 0xf75c, 0xf75c, 0xf75c, 0xf75c, 0xf75c, 
	0xf75c, 0xf75c, 0xf75c, 0xf75c, 0xf75c, 0xf75c, 0xf75c, 0xf75c, 0xf75c, 0xf75c, 0xf75c, 0xf75c, 0xf75c, 0xf75c, 0xf75c, 0xf75c, 
	0xf77c, 0xf77c, 0xf77c, 0xf77c, 0xf77c, 0xf77c, 0xf77c, 0xf77c, 0xf77c, 0xf77c, 0xf77c, 0xf77c, 0xf77c, 0xf77c, 0xf77c, 0xf77c, 
	0xf77c, 0xf77c, 0xf77c, 0xf77c, 0xf77c, 0xf77c, 0xf77c, 0xf77c, 0xff7c, 0xff7c, 0xff7c, 0xff7c, 0xff7c, 0xff7c, 0xff7c, 0xff7c, 
	0xff7c, 0xff7c, 0xff7c, 0xff7c, 0xff7c, 0xff7c, 0xff7c, 0xff7c, 0xff7c, 0xff7c, 0xff7c, 0xff7c, 0xff7c, 0xff7c, 0xff7c, 0xff7c, 
	0xff7c, 0xff7c, 0xff7c, 0xff7c, 0xff7c, 0xff7c, 0xff7c, 0xff7c, 0xff7c, 0xff7c, 0xff7c, 0xff7c, 0xff7c, 0xff7c, 0xff7c, 0xff7c, 
	0xff7c, 0xff7c, 0xff7c, 0xff7c, 0xff7c, 0xff7c, 0xff9c, 0xff9c, 0xff7c, 0xff7c, 0xff9c, 0xff9c, 0xff9c, 0xff9c, 0xff9c, 0xff9c, 
	0xff9c, 0xff9c, 0xff9c, 0xff9c, 0xff9c, 0xff9c, 0xff9c, 0xff9c, 0xff9c, 0xff9c, 0xff9c, 0xff9c, 0xff9c, 0xff9c, 0xff9c, 0xff9c, 
	0xff9c, 0xff9c, 0xff9c, 0xff9c, 0xff9c, 0xff9b, 0xff9c, 0xff9b, 0xff9b, 0xff9b, 0xff9b, 0xff9b, 0xff9b, 0xff9b, 0xff9b, 0xff9b, 
	0x9d59, 0x9d59, 0x9d59, 0x9d79, 0x9d59, 0x9d79, 0x9d59, 0x9d79, 0x9d59, 0x9d79, 0x9d59, 0x9d79, 0x9d59, 0x9d59, 0x9d59, 0x9d59, 
	0x9d79, 0x9d79, 0x9d79, 0x9d79, 0x9d79, 0x9d79, 0x9d79, 0x9d79, 0x9d79, 0x9d79, 0x9d59, 0x9d79, 0x9d79, 0x9d58, 0x9d78, 0x9d58, 
	0x9d58, 0x9d58, 0x9d78, 0x9d58, 0x9d58, 0x9d58, 0x9d58, 0x9d58, 0x9d58, 0x9d58, 0x9d58, 0x9d58, 0x9d58, 0x9d58, 0xa558, 0xa578, 
	0x9d78, 0xa578, 0xa578, 0xa578, 0xa578, 0xa578, 0xa578, 0xa578, 0xa578, 0xa578, 0xa578, 0xa578, 0xa578, 0xa578, 0xa578, 0xa578, 
	0xa578, 0xa578, 0xa578, 0xa578, 0xa578, 0xa578, 0xa578, 0xa578, 0xa578, 0xa578, 0xa578, 0xa578, 0xa578, 0xa578, 0xad78, 0xad78, 
	0xad78, 0xad98, 0xad98, 0xad98, 0xad98, 0xad98, 0xad98, 0xad98, 0xad98, 0xad98, 0xad98, 0xad98, 0xad98, 0xadb8, 0xadb8, 0xadb8, 
	0xadb8, 0xadb8, 0xadb8, 0xb5b8, 0xb5b8, 0xb5b8, 0xb5d9, 0xb5d9, 0xb5d9, 0xb5d9, 0xb5d9, 0xb5d9, 0xb5d9, 0xb5d9, 0xb5f9, 0xbdf9, 
	0xbdf9, 0xbdf9, 0xbdf9, 0xbe19, 0xbe19, 0xbe19, 0xbe19, 0xbe19, 0xbe19, 0xc639, 0xc639, 0xc63a, 0xc63a, 0xc63a, 0xc63a, 0xc65a, 
	0xc65a, 0xce5a, 0xce5a, 0xce7a, 0xce7a, 0xce7a, 0xce7a, 0xce7a, 0xce7a, 0xd69a, 0xd69a, 0xd69a, 0xd69a, 0xd69b, 0xd6bb, 0xd6bb, 
	0xdebb, 0xdebb, 0xdebb, 0xdedb, 0xdedb, 0xdedb, 0xdedb, 0xdedb, 0xdefb, 0xe6fb, 0xe6fb, 0xe6fb, 0xe6fb, 0xe6fb, 0xe6fb, 0xe71b, 
	0xe71b, 0xe71b, 0xef1b, 0xef1b, 0xef1b, 0xef1b, 0xef1c, 0xef3c, 0xef3c, 0xef3c, 0xef3c, 0xef3c, 0xef3c, 0xef3c, 0xef3c, 0xef3c, 
	0xef3c, 0xf73c, 0xf75c, 0xf75c, 0xf75c, 0xf75c, 0xf75c, 0xf75c, 0xf75c, 0xf75c, 0xf75c, 0xf75c, 0xf75c, 0xf75c, 0xf75c, 0xf75c, 
	0xf75c, 0xf75c, 0xf75c, 0xf75c, 0xf75c, 0xf75c, 0xf75c, 0xf75c, 0xf75c, 0xf75c, 0xf75c, 0xf75c, 0xf75c, 0xf75c, 0xf75c, 0xf75c, 
	0xf77c, 0xf77c, 0xf77c, 0xf77c, 0xf77c, 0xf77c, 0xf77c, 0xf77c, 0xf77c, 0xf77c, 0xf77c, 0xf77c, 0xf77c, 0xf77c, 0xf77c, 0xf77c, 
	0xf77c, 0xf77c, 0xf77c, 0xf77c, 0xf77c, 0xf77c, 0xf77c, 0xf77c, 0xff7c, 0xff7c, 0xff7c, 0xff7c, 0xff7c, 0xff7c, 0xff7c, 0xff7c, 
	0xff7c, 0xff7c, 0xff7c, 0xff7c, 0xff7c, 0xff7c, 0xff7c, 0xff7c, 0xff7c, 0xff7c, 0xff7c, 0xff7c, 0xff7c, 0xff7c, 0xff7c, 0xff7c, 
	0xff7c, 0xff7c, 0xff7c, 0xff7c, 0xff7c, 0xff7c, 0xff7c, 0xff7c, 0xff9c, 0xff7c, 0xff7c, 0xff7c, 0xff7c, 0xff7c, 0xff7c, 0xff7c, 
	0xff9c, 0xff7c, 0xff7c, 0xff7c, 0xff7c, 0xff7c, 0xff9c, 0xff9c, 0xff7c, 0xff7c, 0xff9c, 0xff9c, 0xff9c, 0xff9c, 0xff9c, 0xff9c, 
	0xff9c, 0xff9c, 0xff9c, 0xff9c, 0xff9c, 0xff9c, 0xff9c, 0xff9c, 0xff9c, 0xff9c, 0xff9c, 0xff9c, 0xff9c, 0xff9c, 0xff9c, 0xff9c, 
	0xff9c, 0xff9c, 0xff9c, 0xff9c, 0xff9c, 0xff9b, 0xff9c, 0xff9b, 0xff9b, 0xff9b, 0xff9b, 0xff9b, 0xff9b, 0xff9b, 0xff9b, 0xff9b, 
	0x9d59, 0x9d59, 0x9d59, 0x9d79, 0x9d59, 0x9d79, 0x9d59, 0x9d79, 0x9d59, 0x9d79, 0x9d59, 0x9d79, 0x9d79, 0x9d79, 0x9d59, 0x9d59, 
	0x9d79, 0x9d79, 0x9d79, 0x9d79, 0x9d79, 0x9d79, 0x9d79, 0x9d79, 0x9d79, 0x9d79, 0x9d59, 0x9d79, 0x9d79, 0x9d78, 0x9d78, 0x9d58, 
	0x9d58, 0x9d78, 0x9d78, 0x9d58, 0x9d58, 0x9d78, 0x9d58, 0x9d58, 0x9d58, 0x9d78, 0x9d58, 0x9d58, 0x9d58, 0xa558, 0xa578, 0xa578, 
	0xa578, 0xa578, 0xa578, 0xa578, 0xa578, 0xa578, 0xa578, 0xa578, 0xa578, 0xa578, 0xa578, 0xa578, 0xa578, 0xa578, 0xa578, 0xa578, 
	0xa578, 0xa578, 0xa578, 0xa578, 0xa578, 0xa578, 0xa578, 0xa578, 0xa578, 0xa578, 0xa578, 0xad78, 0xad78, 0xad78, 0xad78, 0xad78, 
	0xad78, 0xad98, 0xad98, 0xad98, 0xad98, 0xad98, 0xad98, 0xad98, 0xad98, 0xad98, 0xad98, 0xad98, 0xadb8, 0xadb8, 0xadb8, 0xadb8, 
	0xadb8, 0xb5b8, 0xb5b8, 0xb5b8, 0xb5b8, 0xb5b8, 0xb5d8, 0xb5d9, 0xb5d9, 0xb5d9, 0xb5d9, 0xb5d9, 0xb5d9, 0xb5f9, 0xbdf9, 0xbdf9, 
	0xbdf9, 0xbdf9, 0xbdf9, 0xbe19, 0xbe19, 0xbe19, 0xbe19, 0xbe19, 0xc619, 0xc639, 0xc639, 0xc63a, 0xc63a, 0xc63a, 0xc65a, 0xc65a, 
	0xce5a, 0xce5a, 0xce5a, 0xce7a, 0xce7a, 0xce7a, 0xce7a, 0xce7a, 0xd69a, 0xd69a, 0xd69a, 0xd69a, 0xd69a, 0xd6bb, 0xd6bb, 0xd6bb, 
	0xdebb, 0xdebb, 0xdebb, 0xdedb, 0xdedb, 0xdedb, 0xdedb, 0xdedb, 0xe6fb, 0xe6fb, 0xe6fb, 0xe6fb, 0xe6fb, 0xe6fb, 0xe6fb, 0xe71b, 
	0xe71b, 0xe71b, 0xef1b, 0xef1b, 0xef1b, 0xef1b, 0xef1c, 0xef3c, 0xef3c, 0xef3c, 0xef3c, 0xef3c, 0xef3c, 0xef3c, 0xef3c, 0xef3c, 
	0xef3c, 0xf73c, 0xf75c, 0xf75c, 0xf75c, 0xf75c, 0xf75c, 0xf75c, 0xf75c, 0xf75c, 0xf75c, 0xf75c, 0xf75c, 0xf75c, 0xf75c, 0xf75c, 
	0xf75c, 0xf75c, 0xf75c, 0xf75c, 0xf75c, 0xf75c, 0xf75c, 0xf75c, 0xf75c, 0xf75c, 0xf75c, 0xf75c, 0xf75c, 0xf75c, 0xf75c, 0xf75c, 
	0xf77c, 0xf77c, 0xf77c, 0xf77c, 0xf77c, 0xf77c, 0xf77c, 0xf77c, 0xf77c, 0xf77c, 0xf77c, 0xf77c, 0xf77c, 0xf77c, 0xf77c, 0xf77c, 
	0xf77c, 0xf77c, 0xf77c, 0xf77c, 0xf77c, 0xf77c, 0xf77c, 0xff7c, 0xff7c, 0xff7c, 0xff7c, 0xff7c, 0xff7c, 0xff7c, 0xff7c, 0xff7c, 
	0xff7c, 0xff7c, 0xff7c, 0xff7c, 0xff7c, 0xff7c, 0xff7c, 0xff7c, 0xff7c, 0xff7c, 0xff7c, 0xff7c, 0xff7c, 0xff7c, 0xff7c, 0xff7c, 
	0xff7c, 0xff7c, 0xff7c, 0xff7c, 0xff7c, 0xff7c, 0xff7c, 0xff7c, 0xff9c, 0xff7c, 0xff7c, 0xff7c, 0xff7c, 0xff7c, 0xff7c, 0xff7c, 
	0xff9c, 0xff9c, 0xff7c, 0xff7c, 0xff7c, 0xff7c, 0xff9c, 0xff9c, 0xff9c, 0xff7c, 0xff9c, 0xff9c, 0xff9c, 0xff9c, 0xff9c, 0xff9c, 
	0xff9c, 0xff9c, 0xff9c, 0xff9c, 0xff9c, 0xff9c, 0xff9c, 0xff9c, 0xff9c, 0xff9c, 0xff9c, 0xff9c, 0xff9c, 0xff9c, 0xff9c, 0xff9c, 
	0xff9c, 0xff9c, 0xff9c, 0xff9c, 0xff9c, 0xff9b, 0xff9c, 0xff9b, 0xff9b, 0xff9b, 0xff9b, 0xff9b, 0xff9b, 0xff9b, 0xff9b, 0xff9b, 
	0x9d59, 0x9d59, 0x9d59, 0x9d79, 0x9d59, 0x9d79, 0x9d59, 0x9d79, 0x9d59, 0x9d79, 0x9d59, 0x9d79, 0x9d79, 0x9d79, 0x9d59, 0x9d59, 
	0x9d79, 0x9d79, 0x9d79, 0x9d79, 0x9d79, 0x9d79, 0x9d79, 0x9d79, 0x9d79, 0x9d79, 0x9d79, 0x9d78, 0x9d79, 0x9d78, 0x9d78, 0x9d58, 
	0x9d58, 0x9d78, 0x9d78, 0x9d58, 0x9d58, 0x9d78, 0x9d58, 0x9d58, 0x9d58, 0x9d78, 0x9d58, 0x9d58, 0xa558, 0xa558, 0xa578, 0xa578, 
	0xa578, 0xa578, 0xa578, 0xa578, 0xa578, 0xa578, 0xa578, 0xa578, 0xa578, 0xa578, 0xa578, 0xa578, 0xa578, 0xa578, 0xa578, 0xa578, 
	0xa578, 0xa578, 0xa578, 0xa578, 0xa578, 0xa578, 0xa578, 0xa578, 0xa578, 0xad78, 0xad78, 0xad78, 0xad78, 0xad78, 0xad78, 0xad78, 
	0xad98, 0xad98, 0xad98, 0xad98, 0xad98, 0xad98, 0xad98, 0xad98, 0xad98, 0xad98, 0xad98, 0xad98, 0xadb8, 0xadb8, 0xadb8, 0xadb8, 
	0xb5b8, 0xb5b8, 0xb5b8, 0xb5b8, 0xb5b8, 0xb5b8, 0xb5d8, 0xb5d9, 0xb5d9, 0xb5d9, 0xb5d9, 0xb5d9, 0xb5d9, 0xb5f9, 0xbdf9, 0xbdf9, 
	0xbdf9, 0xbdf9, 0xbdf9, 0xbe19, 0xbe19, 0xbe19, 0xbe19, 0xc619, 0xc619, 0xc639, 0xc639, 0xc639, 0xc63a, 0xc63a, 0xc65a, 0xc65a, 
	0xce5a, 0xce5a, 0xce5a, 0xce7a, 0xce7a, 0xce7a, 0xce7a, 0xce7a, 0xd69a, 0xd69a, 0xd69a, 0xd69a, 0xd69a, 0xd6bb, 0xd6bb, 0xdebb, 
	0xdebb, 0xdebb, 0xdebb, 0xdedb, 0xdedb, 0xdedb, 0xdedb, 0xdedb, 0xe6fb, 0xe6fb, 0xe6fb, 0xe6fb, 0xe6fb, 0xe6fb, 0xe6fb, 0xe71b, 
	0xe71b, 0xef1b, 0xef1b, 0xef1b, 0xef1b, 0xef1b, 0xef1c, 0xef3c, 0xef3c, 0xef3c, 0xef3c, 0xef3c, 0xef3c, 0xef3c, 0xef3c, 0xef3c, 
	0xf73c, 0xf75c, 0xf75c, 0xf75c, 0xf75c, 0xf75c, 0xf75c, 0xf75c, 0xf75c, 0xf75c, 0xf75c, 0xf75c, 0xf75c, 0xf75c, 0xf75c, 0xf75c, 
	0xf75c, 0xf75c, 0xf75c, 0xf75c, 0xf75c, 0xf75c, 0xf75c, 0xf75c, 0xf75c, 0xf75c, 0xf75c, 0xf75c, 0xf75c, 0xf75c, 0xf75c, 0xf75c, 
	0xf77c, 0xf77c, 0xf77c, 0xf77c, 0xf77c, 0xf77c, 0xf77c, 0xf77c, 0xf77c, 0xf77c, 0xf77c, 0xf77c, 0xf77c, 0xf77c, 0xf77c, 0xf77c, 
	0xf77c, 0xf77c, 0xf77c, 0xf77c, 0xf77c, 0xf77c, 0xf77c, 0xff7c, 0xff7c, 0xff7c, 0xff7c, 0xff7c, 0xff7c, 0xff7c, 0xff7c, 0xff7c, 
	0xff7c, 0xff7c, 0xff7c, 0xff7c, 0xff7c, 0xff7c, 0xff7c, 0xff7c, 0xff7c, 0xff7c, 0xff7c, 0xff7c, 0xff7c, 0xff7c, 0xff7c, 0xff7c, 
	0xff7c, 0xff7c, 0xff7c, 0xff7c, 0xff7c, 0xff7c, 0xff7c, 0xff7c, 0xff9c, 0xff9c, 0xff7c, 0xff7c, 0xff7c, 0xff7c, 0xff7c, 0xff7c, 
	0xff9c, 0xff9c, 0xff7c, 0xff7c, 0xff7c, 0xff7c, 0xff9c, 0xff9c, 0xff9c, 0xff7c, 0xff9c, 0xff9c, 0xff9c, 0xff9c, 0xff9c, 0xff9c, 
	0xff9c, 0xff9c, 0xff9c, 0xff9c, 0xff9c, 0xff9c, 0xff9c, 0xff9c, 0xff9c, 0xff9c, 0xff9c, 0xff9c, 0xff9c, 0xff9c, 0xff9c, 0xff9c, 
	0xff9c, 0xff9c, 0xff9c, 0xff9c, 0xff9c, 0xff9b, 0xff9c, 0xff9b, 0xff9b, 0xff9b, 0xff9b, 0xff9b, 0xff9b, 0xff9b, 0xff9b, 0xff9b, 
	0x9d59, 0x9d59, 0x9d59, 0x9d79, 0x9d59, 0x9d79, 0x9d59, 0x9d79, 0x9d79, 0x9d79, 0x9d59, 0x9d79, 0x9d79, 0x9d79, 0x9d59, 0x9d59, 
	0x9d79, 0x9d79, 0x9d79, 0x9d79, 0x9d79, 0x9d79, 0x9d79, 0x9d79, 0x9d79, 0x9d79, 0x9d79, 0x9d78, 0x9d79, 0x9d78, 0x9d78, 0x9d58, 
	0x9d58, 0x9d78, 0x9d78, 0x9d58, 0x9d58, 0x9d78, 0x9d58, 0x9d58, 0x9d58, 0x9d78, 0x9d58, 0xa558, 0xa558, 0xa578, 0xa578, 0xa578, 
	0xa578, 0xa578, 0xa578, 0xa578, 0xa578, 0xa578, 0xa578, 0xa578, 0xa578, 0xa578, 0xa578, 0xa578, 0xa578, 0xa578, 0xa578, 0xa578, 
	0xa578, 0xa578, 0xa578, 0xa578, 0xa578, 0xa578, 0xa578, 0xad78, 0xad78, 0xad78, 0xad78, 0xad78, 0xad78, 0xad78, 0xad78, 0xad98, 
	0xad98, 0xad98, 0xad98, 0xad98, 0xad98, 0xad98, 0xad98, 0xad98, 0xad98, 0xad98, 0xad98, 0xadb8, 0xadb8, 0xadb8, 0xb5b8, 0xb5b8, 
	0xb5b8, 0xb5b8, 0xb5b8, 0xb5b8, 0xb5b8, 0xb5d8, 0xb5d8, 0xb5d8, 0xb5d9, 0xb5d9, 0xb5d9, 0xb5d9, 0xb5d9, 0xbdf9, 0xbdf9, 0xbdf9, 
	0xbdf9, 0xbdf9, 0xbe19, 0xbe19, 0xbe19, 0xbe19, 0xbe19, 0xc619, 0xc639, 0xc639, 0xc639, 0xc639, 0xc63a, 0xc63a, 0xc65a, 0xce5a, 
	0xce5a, 0xce5a, 0xce7a, 0xce7a, 0xce7a, 0xce7a, 0xce7a, 0xd67a, 0xd69a, 0xd69a, 0xd69a, 0xd69a, 0xd69a, 0xd6bb, 0xd6bb, 0xdebb, 
	0xdebb, 0xdebb, 0xdedb, 0xdedb, 0xdedb, 0xdedb, 0xdedb, 0xdedb, 0xe6fb, 0xe6fb, 0xe6fb, 0xe6fb, 0xe6fb, 0xe6fb, 0xe71b, 0xe71b, 
	0xe71b, 0xef1b, 0xef1b, 0xef1b, 0xef1b, 0xef1b, 0xef1c, 0xef3c, 0xef3c, 0xef3c, 0xef3c, 0xef3c, 0xef3c, 0xef3c, 0xef3c, 0xef3c, 
	0xf73c, 0xf75c, 0xf75c, 0xf75c, 0xf75c, 0xf75c, 0xf75c, 0xf75c, 0xf75c, 0xf75c, 0xf75c, 0xf75c, 0xf75c, 0xf75c, 0xf75c, 0xf75c, 
	0xf75c, 0xf75c, 0xf75c, 0xf75c, 0xf75c, 0xf75c, 0xf75c, 0xf75c, 0xf75c, 0xf75c, 0xf75c, 0xf75c, 0xf75c, 0xf75c, 0xf75c, 0xf75c, 
	0xf77c, 0xf77c, 0xf77c, 0xf77c, 0xf77c, 0xf77c, 0xf77c, 0xf77c, 0xf77c, 0xf77c, 0xf77c, 0xf77c, 0xf77c, 0xf77c, 0xf77c, 0xf77c, 
	0xf77c, 0xf77c, 0xf77c, 0xf77c, 0xf77c, 0xf77c, 0xff7c, 0xff7c, 0xff7c, 0xff7c, 0xff7c, 0xff7c, 0xff7c, 0xff7c, 0xff7c, 0xff7c, 
	0xff7c, 0xff7c, 0xff7c, 0xff7c, 0xff7c, 0xff7c, 0xff7c, 0xff7c, 0xff7c, 0xff7c, 0xff7c, 0xff7c, 0xff7c, 0xff7c, 0xff7c, 0xff7c, 
	0xff7c, 0xff7c, 0xff7c, 0xff7c, 0xff7c, 0xff7c, 0xff7c, 0xff7c, 0xff9c, 0xff9c, 0xff7c, 0xff7c, 0xff7c, 0xff7c, 0xff7c, 0xff7c, 
	0xff9c, 0xff9c, 0xff9c, 0xff7c, 0xff7c, 0xff7c, 0xff9c, 0xff9c, 0xff9c, 0xff7c, 0xff9c, 0xff9c, 0xff9c, 0xff9c, 0xff9c, 0xff9c, 
	0xff9c, 0xff9c, 0xff9c, 0xff9c, 0xff9c, 0xff9c, 0xff9c, 0xff9c, 0xff9c, 0xff9c, 0xff9c, 0xff9c, 0xff9c, 0xff9c, 0xff9c, 0xff9c, 
	0xff9c, 0xff9c, 0xff9c, 0xff9c, 0xff9c, 0xff9b, 0xff9c, 0xff9b, 0xff9b, 0xff9b, 0xff9b, 0xff9b, 0xff9b, 0xff9b, 0xff9b, 0xff9b, 
	0x9d59, 0x9d59, 0x9d59, 0x9d79, 0x9d59, 0x9d79, 0x9d59, 0x9d79, 0x9d79, 0x9d79, 0x9d59, 0x9d79, 0x9d79, 0x9d79, 0x9d59, 0x9d59, 
	0x9d79, 0x9d79, 0x9d79, 0x9d79, 0x9d79, 0x9d79, 0x9d79, 0x9d79, 0x9d79, 0x9d79, 0x9d79, 0x9d78, 0x9d79, 0x9d78, 0x9d78, 0x9d58, 
	0x9d78, 0x9d78, 0x9d78, 0x9d58, 0x9d78, 0x9d78, 0x9d58, 0x9d58, 0x9d78, 0x9d78, 0x9d58, 0xa558, 0xa578, 0xa578, 0xa578, 0xa578, 
	0xa578, 0xa578, 0xa578, 0xa578, 0xa578, 0xa578, 0xa578, 0xa578, 0xa578, 0xa578, 0xa578, 0xa578, 0xa578, 0xa578, 0xa578, 0xa578, 
	0xa578, 0xa578, 0xa578, 0xa578, 0xa578, 0xad78, 0xad78, 0xad78, 0xad78, 0xad78, 0xad78, 0xad78, 0xad78, 0xad78, 0xad78, 0xad98, 
	0xad98, 0xad98, 0xad98, 0xad98, 0xad98, 0xad98, 0xad98, 0xad98, 0xad98, 0xad98, 0xad98, 0xadb8, 0xadb8, 0xb5b8, 0xb5b8, 0xb5b8, 
	0xb5b8, 0xb5b8, 0xb5b8, 0xb5b8, 0xb5b8, 0xb5d8, 0xb5d8, 0xb5d8, 0xb5d9, 0xb5d9, 0xb5d9, 0xb5d9, 0xbdf9, 0xbdf9, 0xbdf9, 0xbdf9, 
	0xbdf9, 0xbdf9, 0xbe19, 0xbe19, 0xbe19, 0xbe19, 0xc619, 0xc619, 0xc639, 0xc639, 0xc639, 0xc639, 0xc63a, 0xc65a, 0xc65a, 0xce5a, 
	0xce5a, 0xce5a, 0xce7a, 0xce7a, 0xce7a, 0xce7a, 0xce7a, 0xd69a, 0xd69a, 0xd69a, 0xd69a, 0xd69a, 0xd69a, 0xd6bb, 0xd6bb, 0xdebb, 
	0xdebb, 0xdebb, 0xdedb, 0xdedb, 0xdedb, 0xdedb, 0xdedb, 0xe6db, 0xe6fb, 0xe6fb, 0xe6fb, 0xe6fb, 0xe6fb, 0xe6fb, 0xe71b, 0xe71b, 
	0xe71b, 0xef1b, 0xef1b, 0xef1b, 0xef1b, 0xef1b, 0xef3c, 0xef3c, 0xef3c, 0xef3c, 0xef3c, 0xef3c, 0xef3c, 0xef3c, 0xef3c, 0xef3c, 
	0xf73c, 0xf75c, 0xf75c, 0xf75c, 0xf75c, 0xf75c, 0xf75c, 0xf75c, 0xf75c, 0xf75c, 0xf75c, 0xf75c, 0xf75c, 0xf75c, 0xf75c, 0xf75c, 
	0xf75c, 0xf75c, 0xf75c, 0xf75c, 0xf75c, 0xf75c, 0xf75c, 0xf75c, 0xf75c, 0xf75c, 0xf75c, 0xf75c, 0xf75c, 0xf75c, 0xf75c, 0xf75c, 
	0xf77c, 0xf77c, 0xf77c, 0xf77c, 0xf77c, 0xf77c, 0xf77c, 0xf77c, 0xf77c, 0xf77c, 0xf77c, 0xf77c, 0xf77c, 0xf77c, 0xf77c, 0xf77c, 
	0xf77c, 0xf77c, 0xf77c, 0xf77c, 0xf77c, 0xff7c, 0xff7c, 0xff7c, 0xff7c, 0xff7c, 0xff7c, 0xff7c, 0xff7c, 0xff7c, 0xff7c, 0xff7c, 
	0xff7c, 0xff7c, 0xff7c, 0xff7c, 0xff7c, 0xff7c, 0xff7c, 0xff7c, 0xff7c, 0xff7c, 0xff7c, 0xff7c, 0xff7c, 0xff7c, 0xff7c, 0xff7c, 
	0xff7c, 0xff7c, 0xff7c, 0xff7c, 0xff7c, 0xff7c, 0xff7c, 0xff7c, 0xff9c, 0xff9c, 0xff9c, 0xff7c, 0xff7c, 0xff7c, 0xff7c, 0xff7c, 
	0xff9c, 0xff9c, 0xff9c, 0xff7c, 0xff7c, 0xff7c, 0xff9c, 0xff9c, 0xff9c, 0xff7c, 0xff9c, 0xff9c, 0xff9c, 0xff9c, 0xff9c, 0xff9c, 
	0xff9c, 0xff9c, 0xff9c, 0xff9c, 0xff9c, 0xff9c, 0xff9c, 0xff9c, 0xff9c, 0xff9c, 0xff9c, 0xff9c, 0xff9c, 0xff9c, 0xff9c, 0xff9c, 
	0xff9c, 0xff9c, 0xff9c, 0xff9c, 0xff9c, 0xff9b, 0xff9c, 0xff9b, 0xff9b, 0xff9b, 0xff9b, 0xff9b, 0xff9b, 0xff9b, 0xff9b, 0xff9b, 
	0x9d59, 0x9d59, 0x9d59, 0x9d79, 0x9d59, 0x9d79, 0x9d59, 0x9d79, 0x9d79, 0x9d79, 0x9d59, 0x9d79, 0x9d79, 0x9d79, 0x9d79, 0x9d59, 
	0x9d79, 0x9d79, 0x9d79, 0x9d79, 0x9d79, 0x9d79, 0x9d79, 0x9d79, 0x9d79, 0x9d79, 0x9d79, 0x9d78, 0x9d78, 0x9d78, 0x9d78, 0x9d58, 
	0x9d78, 0x9d78, 0x9d78, 0x9d58, 0x9d78, 0x9d78, 0x9d58, 0x9d58, 0x9d78, 0xa578, 0xa558, 0xa558, 0xa578, 0xa578, 0xa578, 0xa578, 
	0xa578, 0xa578, 0xa578, 0xa578, 0xa578, 0xa578, 0xa578, 0xa578, 0xa578, 0xa578, 0xa578, 0xa578, 0xa578, 0xa578, 0xa578, 0xa578, 
	0xa578, 0xa578, 0xa578, 0xad78, 0xad78, 0xad78, 0xad78, 0xad78, 0xad78, 0xad78, 0xad78, 0xad78, 0xad78, 0xad78, 0xad98, 0xad98, 
	0xad98, 0xad98, 0xad98, 0xad98, 0xad98, 0xad98, 0xad98, 0xad98, 0xad98, 0xad98, 0xad98, 0xb5b8, 0xb5b8, 0xb5b8, 0xb5b8, 0xb5b8, 
	0xb5b8, 0xb5b8, 0xb5b8, 0xb5b8, 0xb5b8, 0xb5d8, 0xb5d8, 0xb5d8, 0xb5d8, 0xb5d9, 0xb5d9, 0xb5d9, 0xbdf9, 0xbdf9, 0xbdf9, 0xbdf9, 
	0xbdf9, 0xbdf9, 0xbe19, 0xbe19, 0xbe19, 0xc619, 0xc619, 0xc619, 0xc639, 0xc639, 0xc639, 0xc639, 0xc63a, 0xc65a, 0xce5a, 0xce5a, 
	0xce5a, 0xce5a, 0xce7a, 0xce7a, 0xce7a, 0xce7a, 0xce7a, 0xd69a, 0xd69a, 0xd69a, 0xd69a, 0xd69a, 0xd69a, 0xd6bb, 0xdebb, 0xdebb, 
	0xdebb, 0xdebb, 0xdedb, 0xdedb, 0xdedb, 0xdedb, 0xdedb, 0xe6db, 0xe6fb, 0xe6fb, 0xe6fb, 0xe6fb, 0xe6fb, 0xe6fb, 0xe71b, 0xe71b, 
	0xe71b, 0xef1b, 0xef1b, 0xef1b, 0xef1b, 0xef1b, 0xef3c, 0xef3c, 0xef3c, 0xef3c, 0xef3c, 0xef3c, 0xef3c, 0xef3c, 0xef3c, 0xf73c, 
	0xf73c, 0xf75c, 0xf75c, 0xf75c, 0xf75c, 0xf75c, 0xf75c, 0xf75c, 0xf75c, 0xf75c, 0xf75c, 0xf75c, 0xf75c, 0xf75c, 0xf75c, 0xf75c, 
	0xf75c, 0xf75c, 0xf75c, 0xf75c, 0xf75c, 0xf75c, 0xf75c, 0xf75c, 0xf75c, 0xf75c, 0xf75c, 0xf75c, 0xf75c, 0xf75c, 0xf75c, 0xf75c, 
	0xf77c, 0xf77c, 0xf77c, 0xf77c, 0xf77c, 0xf77c, 0xf77c, 0xf77c, 0xf77c, 0xf77c, 0xf77c, 0xf77c, 0xf77c, 0xf77c, 0xf77c, 0xf77c, 
	0xf77c, 0xf77c, 0xf77c, 0xf77c, 0xff7c, 0xff7c, 0xff7c, 0xff7c, 0xff7c, 0xff7c, 0xff7c, 0xff7c, 0xff7c, 0xff7c, 0xff7c, 0xff7c, 
	0xff7c, 0xff7c, 0xff7c, 0xff7c, 0xff7c, 0xff7c, 0xff7c, 0xff7c, 0xff7c, 0xff7c, 0xff7c, 0xff7c, 0xff7c, 0xff7c, 0xff7c, 0xff7c, 
	0xff7c, 0xff7c, 0xff7c, 0xff7c, 0xff7c, 0xff7c, 0xff7c, 0xff7c, 0xff9c, 0xff9c, 0xff9c, 0xff9c, 0xff7c, 0xff7c, 0xff7c, 0xff7c, 
	0xff9c, 0xff9c, 0xff9c, 0xff9c, 0xff7c, 0xff7c, 0xff9c, 0xff9c, 0xff9c, 0xff7c, 0xff9c, 0xff9c, 0xff9c, 0xff9c, 0xff9c, 0xff9c, 
	0xff9c, 0xff9c, 0xff9c, 0xff9c, 0xff9c, 0xff9c, 0xff9c, 0xff9c, 0xff9c, 0xff9c, 0xff9c, 0xff9c, 0xff9c, 0xff9c, 0xff9c, 0xff9c, 
	0xff9c, 0xff9c, 0xff9c, 0xff9c, 0xff9c, 0xff9b, 0xff9c, 0xff9b, 0xff9b, 0xff9b, 0xff9b, 0xff9b, 0xff9b, 0xff9b, 0xff9b, 0xff9b, 
	0x9d59, 0x9d59, 0x9d59, 0x9d79, 0x9d59, 0x9d79, 0x9d79, 0x9d79, 0x9d79, 0x9d79, 0x9d59, 0x9d79, 0x9d79, 0x9d79, 0x9d79, 0x9d59, 
	0x9d79, 0x9d79, 0x9d79, 0x9d79, 0x9d79, 0x9d79, 0x9d79, 0x9d79, 0x9d79, 0x9d79, 0x9d79, 0x9d78, 0x9d78, 0x9d78, 0x9d78, 0x9d58, 
	0x9d78, 0x9d78, 0x9d78, 0x9d58, 0x9d78, 0x9d78, 0x9d58, 0x9d58, 0x9d78, 0xa578, 0xa558, 0xa558, 0xa578, 0xa578, 0xa578, 0xa578, 
	0xa578, 0xa578, 0xa578, 0xa578, 0xa578, 0xa578, 0xa578, 0xa578, 0xa578, 0xa578, 0xa578, 0xa578, 0xa578, 0xa578, 0xa578, 0xa578, 
	0xa578, 0xa578, 0xad78, 0xad78, 0xad78, 0xad78, 0xad78, 0xad78, 0xad78, 0xad78, 0xad78, 0xad78, 0xad78, 0xad98, 0xad98, 0xad98, 
	0xad98, 0xad98, 0xad98, 0xad98, 0xad98, 0xad98, 0xad98, 0xad98, 0xad98, 0xad98, 0xb5b8, 0xb5b8, 0xb5b8, 0xb5b8, 0xb5b8, 0xb5b8, 
	0xb5b8, 0xb5b8, 0xb5b8, 0xb5b8, 0xb5d8, 0xb5d8, 0xb5d8, 0xb5d8, 0xb5d8, 0xb5d9, 0xb5d9, 0xbdf9, 0xbdf9, 0xbdf9, 0xbdf9, 0xbdf9, 
	0xbdf9, 0xbdf9, 0xbe19, 0xbe19, 0xbe19, 0xc619, 0xc619, 0xc639, 0xc639, 0xc639, 0xc639, 0xc639, 0xc63a, 0xc65a, 0xce5a, 0xce5a, 
	0xce5a, 0xce5a, 0xce7a, 0xce7a, 0xce7a, 0xce7a, 0xd67a, 0xd69a, 0xd69a, 0xd69a, 0xd69a, 0xd69a, 0xd69a, 0xd6bb, 0xdebb, 0xdebb, 
	0xdebb, 0xdebb, 0xdedb, 0xdedb, 0xdedb, 0xdedb, 0xe6db, 0xe6fb, 0xe6fb, 0xe6fb, 0xe6fb, 0xe6fb, 0xe6fb, 0xe6fb, 0xe71b, 0xe71b, 
	0xef1b, 0xef1b, 0xef1b, 0xef1b, 0xef1b, 0xef1b, 0xef3c, 0xef3c, 0xef3c, 0xef3c, 0xef3c, 0xef3c, 0xef3c, 0xef3c, 0xef3c, 0xf73c, 
	0xf73c, 0xf75c, 0xf75c, 0xf75c, 0xf75c, 0xf75c, 0xf75c, 0xf75c, 0xf75c, 0xf75c, 0xf75c, 0xf75c, 0xf75c, 0xf75c, 0xf75c, 0xf75c, 
	0xf75c, 0xf75c, 0xf75c, 0xf75c, 0xf75c, 0xf75c, 0xf75c, 0xf75c, 0xf75c, 0xf75c, 0xf75c, 0xf75c, 0xf75c, 0xf75c, 0xf75c, 0xf75c, 
	0xf77c, 0xf77c, 0xf77c, 0xf77c, 0xf77c, 0xf77c, 0xf77c, 0xf77c, 0xf77c, 0xf77c, 0xf77c, 0xf77c, 0xf77c, 0xf77c, 0xf77c, 0xf77c, 
	0xf77c, 0xf77c, 0xf77c, 0xff7c, 0xff7c, 0xff7c, 0xff7c, 0xff7c, 0xff7c, 0xff7c, 0xff7c, 0xff7c, 0xff7c, 0xff7c, 0xff7c, 0xff7c, 
	0xff7c, 0xff7c, 0xff7c, 0xff7c, 0xff7c, 0xff7c, 0xff7c, 0xff7c, 0xff7c, 0xff7c, 0xff7c, 0xff7c, 0xff7c, 0xff7c, 0xff7c, 0xff7c, 
	0xff7c, 0xff7c, 0xff7c, 0xff7c, 0xff7c, 0xff7c, 0xff7c, 0xff7c, 0xff9c, 0xff9c, 0xff9c, 0xff9c, 0xff9c, 0xff7c, 0xff7c, 0xff7c, 
	0xff9c, 0xff9c, 0xff9c, 0xff9c, 0xff9c, 0xff7c, 0xff9c, 0xff9c, 0xff9c, 0xff7c, 0xff9c, 0xff9c, 0xff9c, 0xff9c, 0xff9c, 0xff9c, 
	0xff9c, 0xff9c, 0xff9c, 0xff9c, 0xff9c, 0xff9c, 0xff9c, 0xff9c, 0xff9c, 0xff9c, 0xff9c, 0xff9c, 0xff9c, 0xff9c, 0xff9c, 0xff9c, 
	0xff9c, 0xff9c, 0xff9c, 0xff9c, 0xff9c, 0xff9b, 0xff9c, 0xff9b, 0xff9c, 0xff9b, 0xff9b, 0xff9b, 0xff9b, 0xff9b, 0xff9b, 0xff9b, 
	0x9d59, 0x9d59, 0x9d79, 0x9d79, 0x9d59, 0x9d79, 0x9d79, 0x9d79, 0x9d79, 0x9d79, 0x9d79, 0x9d79, 0x9d79, 0x9d79, 0x9d79, 0x9d79, 
	0x9d79, 0x9d79, 0x9d79, 0x9d79, 0x9d79, 0x9d79, 0x9d79, 0x9d79, 0x9d79, 0x9d79, 0x9d79, 0x9d78, 0x9d78, 0x9d78, 0x9d78, 0x9d78, 
	0x9d78, 0x9d78, 0x9d78, 0x9d78, 0x9d78, 0x9d78, 0x9d58, 0x9d78, 0xa578, 0xa578, 0xa558, 0xa578, 0xa578, 0xa578, 0xa578, 0xa578, 
	0xa578, 0xa578, 0xa578, 0xa578, 0xa578, 0xa578, 0xa578, 0xa578, 0xa578, 0xa578, 0xa578, 0xa578, 0xa578, 0xa578, 0xa578, 0xa578, 
	0xad78, 0xad78, 0xad78, 0xad78, 0xad78, 0xad78, 0xad78, 0xad78, 0xad78, 0xad78, 0xad78, 0xad78, 0xad78, 0xad98, 0xad98, 0xad98, 
	0xad98, 0xad98, 0xad98, 0xad98, 0xad98, 0xad98, 0xad98, 0xad98, 0xb598, 0xb598, 0xb5b8, 0xb5b8, 0xb5b8, 0xb5b8, 0xb5b8, 0xb5b8, 
	0xb5b8, 0xb5b8, 0xb5b8, 0xb5b8, 0xb5d8, 0xb5d8, 0xb5d8, 0xb5d8, 0xb5d8, 0xbdd8, 0xbdd9, 0xbdf9, 0xbdf9, 0xbdf9, 0xbdf9, 0xbdf9, 
	0xbdf9, 0xbe19, 0xbe19, 0xbe19, 0xc619, 0xc619, 0xc619, 0xc639, 0xc639, 0xc639, 0xc639, 0xc639, 0xc639, 0xce5a, 0xce5a, 0xce5a, 
	0xce5a, 0xce5a, 0xce7a, 0xce7a, 0xce7a, 0xce7a, 0xd67a, 0xd69a, 0xd69a, 0xd69a, 0xd69a, 0xd69a, 0xd6ba, 0xd6bb, 0xdebb, 0xdebb, 
	0xdebb, 0xdedb, 0xdedb, 0xdedb, 0xdedb, 0xdedb, 0xe6db, 0xe6fb, 0xe6fb, 0xe6fb, 0xe6fb, 0xe6fb, 0xe6fb, 0xe6fb, 0xe71b, 0xe71b, 
	0xef1b, 0xef1b, 0xef1b, 0xef1b, 0xef1b, 0xef1b, 0xef3c, 0xef3c, 0xef3c, 0xef3c, 0xef3c, 0xef3c, 0xef3c, 0xef3c, 0xef3c, 0xf73c, 
	0xf73c, 0xf75c, 0xf75c, 0xf75c, 0xf75c, 0xf75c, 0xf75c, 0xf75c, 0xf75c, 0xf75c, 0xf75c, 0xf75c, 0xf75c, 0xf75c, 0xf75c, 0xf75c, 
	0xf75c, 0xf75c, 0xf75c, 0xf75c, 0xf75c, 0xf75c, 0xf75c, 0xf75c, 0xf75c, 0xf75c, 0xf75c, 0xf75c, 0xf75c, 0xf75c, 0xf75c, 0xf75c, 
	0xf77c, 0xf77c, 0xf77c, 0xf77c, 0xf77c, 0xf77c, 0xf77c, 0xf77c, 0xf77c, 0xf77c, 0xf77c, 0xf77c, 0xf77c, 0xf77c, 0xf77c, 0xf77c, 
	0xf77c, 0xf77c, 0xff7c, 0xff7c, 0xff7c, 0xff7c, 0xff7c, 0xff7c, 0xff7c, 0xff7c, 0xff7c, 0xff7c, 0xff7c, 0xff7c, 0xff7c, 0xff7c, 
	0xff7c, 0xff7c, 0xff7c, 0xff7c, 0xff7c, 0xff7c, 0xff7c, 0xff7c, 0xff7c, 0xff7c, 0xff7c, 0xff7c, 0xff7c, 0xff7c, 0xff7c, 0xff7c, 
	0xff7c, 0xff7c, 0xff7c, 0xff7c, 0xff7c, 0xff7c, 0xff7c, 0xff7c, 0xff9c, 0xff9c, 0xff9c, 0xff9c, 0xff9c, 0xff9c, 0xff7c, 0xff7c, 
	0xff9c, 0xff9c, 0xff9c, 0xff9c, 0xff9c, 0xff7c, 0xff9c, 0xff9c, 0xff9c, 0xff9c, 0xff9c, 0xff9c, 0xff9c, 0xff9c, 0xff9c, 0xff9c, 
	0xff9c, 0xff9c, 0xff9c, 0xff9c, 0xff9c, 0xff9c, 0xff9c, 0xff9c, 0xff9c, 0xff9c, 0xff9c, 0xff9c, 0xff9c, 0xff9c, 0xff9c, 0xff9c, 
	0xff9c, 0xff9c, 0xff9c, 0xff9c, 0xff9c, 0xff9c, 0xff9c, 0xff9b, 0xff9c, 0xff9b, 0xff9b, 0xff9b, 0xff9b, 0xff9b, 0xff9b, 0xff9b, 
	0x9d59, 0x9d59, 0x9d79, 0x9d79, 0x9d59, 0x9d79, 0x9d79, 0x9d79, 0x9d79, 0x9d79, 0x9d79, 0x9d79, 0x9d79, 0x9d79, 0x9d79, 0x9d79, 
	0x9d79, 0x9d79, 0x9d79, 0x9d79, 0x9d79, 0x9d79, 0x9d79, 0x9d79, 0x9d79, 0x9d79, 0x9d79, 0x9d78, 0x9d78, 0x9d78, 0x9d78, 0x9d78, 
	0x9d78, 0x9d78, 0x9d78, 0x9d78, 0x9d78, 0xa578, 0x9d58, 0xa578, 0xa578, 0xa578, 0xa558, 0xa578, 0xa578, 0xa578, 0xa578, 0xa578, 
	0xa578, 0xa578, 0xa578, 0xa578, 0xa578, 0xa578, 0xa578, 0xa578, 0xa578, 0xa578, 0xa578, 0xa578, 0xa578, 0xa578, 0xad78, 0xad77, 
	0xad77, 0xad77, 0xad77, 0xad77, 0xad77, 0xad77, 0xad77, 0xad77, 0xad77, 0xad78, 0xad78, 0xad78, 0xad98, 0xad98, 0xad98, 0xad98, 
	0xad98, 0xad98, 0xad98, 0xad98, 0xad98, 0xad98, 0xad98, 0xb598, 0xb598, 0xb5b8, 0xb5b8, 0xb5b8, 0xb5b8, 0xb5b8, 0xb5b8, 0xb5b8, 
	0xb5b8, 0xb5b8, 0xb5b8, 0xb5b8, 0xb5d8, 0xb5d8, 0xb5d8, 0xb5d8, 0xbdd8, 0xbdd8, 0xbdd9, 0xbdf9, 0xbdf9, 0xbdf9, 0xbdf9, 0xbdf9, 
	0xbdf9, 0xbe19, 0xbe19, 0xbe19, 0xc619, 0xc619, 0xc619, 0xc639, 0xc639, 0xc639, 0xc639, 0xc639, 0xc659, 0xce5a, 0xce5a, 0xce5a, 
	0xce5a, 0xce7a, 0xce7a, 0xce7a, 0xce7a, 0xce7a, 0xd67a, 0xd69a, 0xd69a, 0xd69a, 0xd69a, 0xd69a, 0xd6ba, 0xdebb, 0xdebb, 0xdebb, 
	0xdebb, 0xdedb, 0xdedb, 0xdedb, 0xdedb, 0xdedb, 0xe6db, 0xe6fb, 0xe6fb, 0xe6fb, 0xe6fb, 0xe6fb, 0xe6fb, 0xe6fb, 0xe71b, 0xef1b, 
	0xef1b, 0xef1b, 0xef1b, 0xef1b, 0xef1b, 0xef1b, 0xef3c, 0xef3c, 0xef3c, 0xef3c, 0xef3c, 0xef3c, 0xef3c, 0xef3c, 0xf73c, 0xf73c, 
	0xf75c, 0xf75c, 0xf75c, 0xf75c, 0xf75c, 0xf75c, 0xf75c, 0xf75c, 0xf75c, 0xf75c, 0xf75c, 0xf75c, 0xf75c, 0xf75c, 0xf75c, 0xf75c, 
	0xf75c, 0xf75c, 0xf75c, 0xf75c, 0xf75c, 0xf75c, 0xf75c, 0xf75c, 0xf75c, 0xf75c, 0xf75c, 0xf75c, 0xf75c, 0xf75c, 0xf75c, 0xf75c, 
	0xf77c, 0xf77c, 0xf77c, 0xf77c, 0xf77c, 0xf77c, 0xf77c, 0xf77c, 0xf77c, 0xf77c, 0xf77c, 0xf77c, 0xf77c, 0xf77c, 0xf77c, 0xf77c, 
	0xf77c, 0xff7c, 0xff7c, 0xff7c, 0xff7c, 0xff7c, 0xff7c, 0xff7c, 0xff7c, 0xff7c, 0xff7c, 0xff7c, 0xff7c, 0xff7c, 0xff7c, 0xff7c, 
	0xff7c, 0xff7c, 0xff7c, 0xff7c, 0xff7c, 0xff7c, 0xff7c, 0xff7c, 0xff7c, 0xff7c, 0xff7c, 0xff7c, 0xff7c, 0xff7c, 0xff7c, 0xff7c, 
	0xff7c, 0xff7c, 0xff7c, 0xff7c, 0xff7c, 0xff7c, 0xff7c, 0xff7c, 0xff9c, 0xff9c, 0xff9c, 0xff9c, 0xff9c, 0xff9c, 0xff7c, 0xff7c, 
	0xff9c, 0xff9c, 0xff9c, 0xff9c, 0xff9c, 0xff7c, 0xff9c, 0xff9c, 0xff9c, 0xff9c, 0xff9c, 0xff9c, 0xff9c, 0xff9c, 0xff9c, 0xff9c, 
	0xff9c, 0xff9c, 0xff9c, 0xff9c, 0xff9c, 0xff9c, 0xff9c, 0xff9c, 0xff9c, 0xff9c, 0xff9c, 0xff9c, 0xff9c, 0xff9c, 0xff9c, 0xff9c, 
	0xff9c, 0xff9c, 0xff9c, 0xff9c, 0xff9c, 0xff9c, 0xff9c, 0xff9b, 0xff9c, 0xff9b, 0xff9b, 0xff9b, 0xff9b, 0xff9b, 0xff9b, 0xff9b, 
	0x9d59, 0x9d59, 0x9d79, 0x9d79, 0x9d59, 0x9d79, 0x9d79, 0x9d79, 0x9d79, 0x9d79, 0x9d79, 0x9d79, 0x9d79, 0x9d79, 0x9d79, 0x9d79, 
	0x9d79, 0x9d79, 0x9d79, 0x9d79, 0x9d79, 0x9d79, 0x9d79, 0x9d79, 0x9d79, 0x9d79, 0x9d79, 0x9d78, 0x9d78, 0x9d78, 0x9d78, 0x9d78, 
	0x9d78, 0x9d78, 0x9d78, 0x9d78, 0xa578, 0xa578, 0xa558, 0xa578, 0xa578, 0xa578, 0xa558, 0xa578, 0xa578, 0xa578, 0xa578, 0xa578, 
	0xa578, 0xa578, 0xa578, 0xa578, 0xa578, 0xa578, 0xa578, 0xa578, 0xa577, 0xa577, 0xa577, 0xa577, 0xa577, 0xad77, 0xad77, 0xad77, 
	0xad77, 0xad77, 0xad77, 0xad77, 0xad77, 0xad77, 0xad77, 0xad77, 0xad77, 0xad77, 0xad97, 0xad97, 0xad97, 0xad97, 0xad98, 0xad98, 
	0xad98, 0xad98, 0xad98, 0xad98, 0xad98, 0xb598, 0xb598, 0xb598, 0xb598, 0xb5b8, 0xb5b8, 0xb5b8, 0xb5b8, 0xb5b8, 0xb5b8, 0xb5b8, 
	0xb5b8, 0xb5b8, 0xb5b8, 0xb5d8, 0xb5d8, 0xb5d8, 0xb5d8, 0xbdd8, 0xbdd8, 0xbdd8, 0xbdf8, 0xbdf9, 0xbdf9, 0xbdf9, 0xbdf9, 0xbdf9, 
	0xbdf9, 0xbe19, 0xbe19, 0xc619, 0xc619, 0xc619, 0xc639, 0xc639, 0xc639, 0xc639, 0xc639, 0xc639, 0xce59, 0xce5a, 0xce5a, 0xce5a, 
	0xce5a, 0xce7a, 0xce7a, 0xce7a, 0xce7a, 0xd67a, 0xd69a, 0xd69a, 0xd69a, 0xd69a, 0xd69a, 0xd69a, 0xd6ba, 0xdebb, 0xdebb, 0xdebb, 
	0xdebb, 0xdedb, 0xdedb, 0xdedb, 0xdedb, 0xe6db, 0xe6db, 0xe6fb, 0xe6fb, 0xe6fb, 0xe6fb, 0xe6fb, 0xe6fb, 0xe71b, 0xe71b, 0xef1b, 
	0xef1b, 0xef1b, 0xef1b, 0xef1b, 0xef1b, 0xef1b, 0xef3c, 0xef3c, 0xef3c, 0xef3c, 0xef3c, 0xef3c, 0xef3c, 0xef3c, 0xf73c, 0xf73c, 
	0xf75c, 0xf75c, 0xf75c, 0xf75c, 0xf75c, 0xf75c, 0xf75c, 0xf75c, 0xf75c, 0xf75c, 0xf75c, 0xf75c, 0xf75c, 0xf75c, 0xf75c, 0xf75c, 
	0xf75c, 0xf75c, 0xf75c, 0xf75c, 0xf75c, 0xf75c, 0xf75c, 0xf75c, 0xf75c, 0xf75c, 0xf75c, 0xf75c, 0xf75c, 0xf75c, 0xf75c, 0xf75c, 
	0xf77c, 0xf77c, 0xf77c, 0xf77c, 0xf77c, 0xf77c, 0xf77c, 0xf77c, 0xf77c, 0xf77c, 0xf77c, 0xf77c, 0xf77c, 0xf77c, 0xf77c, 0xf77c, 
	0xf77c, 0xff7c, 0xff7c, 0xff7c, 0xff7c, 0xff7c, 0xff7c, 0xff7c, 0xff7c, 0xff7c, 0xff7c, 0xff7c, 0xff7c, 0xff7c, 0xff7c, 0xff7c, 
	0xff7c, 0xff7c, 0xff7c, 0xff7c, 0xff7c, 0xff7c, 0xff7c, 0xff7c, 0xff7c, 0xff7c, 0xff7c, 0xff7c, 0xff7c, 0xff7c, 0xff7c, 0xff7c, 
	0xff7c, 0xff7c, 0xff7c, 0xff7c, 0xff7c, 0xff7c, 0xff7c, 0xff7c, 0xff9c, 0xff9c, 0xff9c, 0xff9c, 0xff9c, 0xff9c, 0xff9c, 0xff7c, 
	0xff9c, 0xff9c, 0xff9c, 0xff9c, 0xff9c, 0xff9c, 0xff9c, 0xff9c, 0xff9c, 0xff9c, 0xff9c, 0xff9c, 0xff9c, 0xff9c, 0xff9c, 0xff9c, 
	0xff9c, 0xff9c, 0xff9c, 0xff9c, 0xff9c, 0xff9c, 0xff9c, 0xff9c, 0xff9c, 0xff9c, 0xff9c, 0xff9c, 0xff9c, 0xff9c, 0xff9c, 0xff9c, 
	0xff9c, 0xff9c, 0xff9c, 0xff9c, 0xff9c, 0xff9c, 0xff9c, 0xff9b, 0xff9c, 0xff9b, 0xff9b, 0xff9b, 0xff9b, 0xff9b, 0xff9b, 0xff9b, 
	0x9d59, 0x9d59, 0x9d79, 0x9d79, 0x9d59, 0x9d79, 0x9d79, 0x9d79, 0x9d79, 0x9d79, 0x9d79, 0x9d79, 0x9d79, 0x9d79, 0x9d79, 0x9d79, 
	0x9d79, 0x9d79, 0x9d79, 0x9d79, 0x9d79, 0x9d79, 0x9d79, 0x9d79, 0x9d79, 0x9d79, 0x9d78, 0x9d78, 0x9d78, 0x9d78, 0x9d78, 0x9d78, 
	0x9d78, 0x9d78, 0xa578, 0x9d78, 0xa578, 0xa578, 0xa578, 0xa578, 0xa578, 0xa578, 0xa578, 0xa578, 0xa578, 0xa578, 0xa578, 0xa578, 
	0xa578, 0xa578, 0xa578, 0xa578, 0xa578, 0xa578, 0xa578, 0xa578, 0xa577, 0xa577, 0xa577, 0xad77, 0xad77, 0xad77, 0xad77, 0xad77, 
	0xad77, 0xad77, 0xad77, 0xad77, 0xad77, 0xad77, 0xad77, 0xad77, 0xad77, 0xad97, 0xad97, 0xad97, 0xad97, 0xad97, 0xad97, 0xad98, 
	0xad98, 0xad98, 0xad98, 0xad98, 0xb598, 0xb598, 0xb598, 0xb598, 0xb5b8, 0xb5b8, 0xb5b8, 0xb5b8, 0xb5b8, 0xb5b8, 0xb5b8, 0xb5b8, 
	0xb5b8, 0xb5b8, 0xb5b8, 0xb5d8, 0xb5d8, 0xb5d8, 0xbdd8, 0xbdd8, 0xbdd8, 0xbdd8, 0xbdf8, 0xbdf9, 0xbdf9, 0xbdf9, 0xbdf9, 0xbdf9, 
	0xbe19, 0xbe19, 0xbe19, 0xc619, 0xc619, 0xc619, 0xc639, 0xc639, 0xc639, 0xc639, 0xc639, 0xc659, 0xce59, 0xce5a, 0xce5a, 0xce5a, 
	0xce5a, 0xce7a, 0xce7a, 0xce7a, 0xce7a, 0xd67a, 0xd69a, 0xd69a, 0xd69a, 0xd69a, 0xd69a, 0xd6ba, 0xd6ba, 0xdebb, 0xdebb, 0xdebb, 
	0xdebb, 0xdedb, 0xdedb, 0xdedb, 0xdedb, 0xe6db, 0xe6db, 0xe6fb, 0xe6fb, 0xe6fb, 0xe6fb, 0xe6fb, 0xe6fb, 0xe71b, 0xe71b, 0xef1b, 
	0xef1b, 0xef1b, 0xef1b, 0xef1b, 0xef1b, 0xef1b, 0xef3c, 0xef3c, 0xef3c, 0xef3c, 0xef3c, 0xef3c, 0xef3c, 0xef3c, 0xf73c, 0xf73c, 
	0xf75c, 0xf75c, 0xf75c, 0xf75c, 0xf75c, 0xf75c, 0xf75c, 0xf75c, 0xf75c, 0xf75c, 0xf75c, 0xf75c, 0xf75c, 0xf75c, 0xf75c, 0xf75c, 
	0xf75c, 0xf75c, 0xf75c, 0xf75c, 0xf75c, 0xf75c, 0xf75c, 0xf75c, 0xf75c, 0xf75c, 0xf75c, 0xf75c, 0xf75c, 0xf75c, 0xf75c, 0xf75c, 
	0xf77c, 0xf77c, 0xf77c, 0xf77c, 0xf77c, 0xf77c, 0xf77c, 0xf77c, 0xf77c, 0xf77c, 0xf77c, 0xf77c, 0xf77c, 0xf77c, 0xf77c, 0xf77c, 
	0xff7c, 0xff7c, 0xff7c, 0xff7c, 0xff7c, 0xff7c, 0xff7c, 0xff7c, 0xff7c, 0xff7c, 0xff7c, 0xff7c, 0xff7c, 0xff7c, 0xff7c, 0xff7c, 
	0xff7c, 0xff7c, 0xff7c, 0xff7c, 0xff7c, 0xff7c, 0xff7c, 0xff7c, 0xff7c, 0xff7c, 0xff7c, 0xff7c, 0xff7c, 0xff7c, 0xff7c, 0xff7c, 
	0xff7c, 0xff7c, 0xff7c, 0xff7c, 0xff7c, 0xff7c, 0xff7c, 0xff7c, 0xff9c, 0xff9c, 0xff9c, 0xff9c, 0xff9c, 0xff9c, 0xff9c, 0xff7c, 
	0xff9c, 0xff9c, 0xff9c, 0xff9c, 0xff9c, 0xff9c, 0xff9c, 0xff9c, 0xff9c, 0xff9c, 0xff9c, 0xff9c, 0xff9c, 0xff9c, 0xff9c, 0xff9c, 
	0xff9c, 0xff9c, 0xff9c, 0xff9c, 0xff9c, 0xff9c, 0xff9c, 0xff9c, 0xff9c, 0xff9c, 0xff9c, 0xff9c, 0xff9c, 0xff9c, 0xff9c, 0xff9c, 
	0xff9c, 0xff9c, 0xff9c, 0xff9c, 0xff9c, 0xff9c, 0xff9c, 0xff9b, 0xff9c, 0xff9b, 0xff9b, 0xff9b, 0xff9b, 0xff9b, 0xff9b, 0xff9b, 
	0x9d59, 0x9d79, 0x9d79, 0x9d79, 0x9d59, 0x9d79, 0x9d79, 0x9d79, 0x9d79, 0x9d79, 0x9d79, 0x9d79, 0x9d79, 0x9d79, 0x9d79, 0x9d79, 
	0x9d79, 0x9d79, 0x9d79, 0x9d79, 0x9d79, 0x9d79, 0x9d79, 0x9d79, 0x9d79, 0x9d79, 0x9d78, 0x9d78, 0x9d78, 0x9d78, 0x9d78, 0x9d78, 
	0xa578, 0x9d78, 0xa578, 0xa578, 0xa578, 0xa578, 0xa578, 0xa578, 0xa578, 0xa578, 0xa578, 0xa578, 0xa578, 0xa578, 0xa578, 0xa578, 
	0xa578, 0xa578, 0xa578, 0xa578, 0xa578, 0xa578, 0xa578, 0xad78, 0xa577, 0xa577, 0xad77, 0xad77, 0xad77, 0xad77, 0xad77, 0xad77, 
	0xad77, 0xad77, 0xad77, 0xad77, 0xad77, 0xad77, 0xad77, 0xad77, 0xad97, 0xad97, 0xad97, 0xad97, 0xad97, 0xad97, 0xad97, 0xad97, 
	0xad97, 0xb597, 0xb598, 0xb598, 0xb598, 0xb598, 0xb598, 0xb598, 0xb5b8, 0xb5b8, 0xb5b8, 0xb5b8, 0xb5b8, 0xb5b8, 0xb5b8, 0xb5b8, 
	0xb5b8, 0xb5b8, 0xb5b8, 0xb5d8, 0xbdd8, 0xbdd8, 0xbdd8, 0xbdd8, 0xbdd8, 0xbdf8, 0xbdf8, 0xbdf9, 0xbdf9, 0xbdf9, 0xbdf9, 0xbdf9, 
	0xbe19, 0xbe19, 0xc619, 0xc619, 0xc619, 0xc619, 0xc639, 0xc639, 0xc639, 0xc639, 0xc639, 0xce59, 0xce59, 0xce5a, 0xce5a, 0xce5a, 
	0xce5a, 0xce7a, 0xce7a, 0xce7a, 0xd67a, 0xd67a, 0xd69a, 0xd69a, 0xd69a, 0xd69a, 0xd69a, 0xd6ba, 0xdeba, 0xdebb, 0xdebb, 0xdebb, 
	0xdebb, 0xdedb, 0xdedb, 0xdedb, 0xdedb, 0xe6db, 0xe6fb, 0xe6fb, 0xe6fb, 0xe6fb, 0xe6fb, 0xe6fb, 0xe6fb, 0xe71b, 0xef1b, 0xef1b, 
	0xef1b, 0xef1b, 0xef1b, 0xef1b, 0xef1b, 0xef3b, 0xef3c, 0xef3c, 0xef3c, 0xef3c, 0xef3c, 0xef3c, 0xef3c, 0xf73c, 0xf73c, 0xf73c, 
	0xf75c, 0xf75c, 0xf75c, 0xf75c, 0xf75c, 0xf75c, 0xf75c, 0xf75c, 0xf75c, 0xf75c, 0xf75c, 0xf75c, 0xf75c, 0xf75c, 0xf75c, 0xf75c, 
	0xf75c, 0xf75c, 0xf75c, 0xf75c, 0xf75c, 0xf75c, 0xf75c, 0xf75c, 0xf75c, 0xf75c, 0xf75c, 0xf75c, 0xf75c, 0xf75c, 0xf75c, 0xf75c, 
	0xf77c, 0xf77c, 0xf77c, 0xf77c, 0xf77c, 0xf77c, 0xf77c, 0xf77c, 0xf77c, 0xf77c, 0xf77c, 0xf77c, 0xf77c, 0xf77c, 0xf77c, 0xf77c, 
	0xff7c, 0xff7c, 0xff7c, 0xff7c, 0xff7c, 0xff7c, 0xff7c, 0xff7c, 0xff7c, 0xff7c, 0xff7c, 0xff7c, 0xff7c, 0xff7c, 0xff7c, 0xff7c, 
	0xff7c, 0xff7c, 0xff7c, 0xff7c, 0xff7c, 0xff7c, 0xff7c, 0xff7c, 0xff7c, 0xff7c, 0xff7c, 0xff7c, 0xff7c, 0xff7c, 0xff7c, 0xff7c, 
	0xff7c, 0xff7c, 0xff7c, 0xff7c, 0xff7c, 0xff7c, 0xff7c, 0xff7c, 0xff9c, 0xff9c, 0xff9c, 0xff9c, 0xff9c, 0xff9c, 0xff9c, 0xff9c, 
	0xff9c, 0xff9c, 0xff9c, 0xff9c, 0xff9c, 0xff9c, 0xff9c, 0xff9c, 0xff9c, 0xff9c, 0xff9c, 0xff9c, 0xff9c, 0xff9c, 0xff9c, 0xff9c, 
	0xff9c, 0xff9c, 0xff9c, 0xff9c, 0xff9c, 0xff9c, 0xff9c, 0xff9c, 0xff9c, 0xff9c, 0xff9c, 0xff9c, 0xff9c, 0xff9c, 0xff9c, 0xff9c, 
	0xff9c, 0xff9c, 0xff9c, 0xff9c, 0xff9c, 0xff9c, 0xff9c, 0xff9b, 0xff9c, 0xff9b, 0xff9b, 0xff9b, 0xff9b, 0xff9b, 0xff9b, 0xff9b, 
	0x9d59, 0x9d79, 0x9d79, 0x9d79, 0x9d59, 0x9d79, 0x9d79, 0x9d79, 0x9d79, 0x9d79, 0x9d79, 0x9d79, 0x9d79, 0x9d79, 0x9d79, 0x9d79, 
	0x9d79, 0x9d79, 0x9d79, 0x9d79, 0x9d79, 0x9d79, 0x9d79, 0x9d79, 0x9d79, 0x9d79, 0x9d78, 0x9d78, 0x9d78, 0x9d78, 0x9d78, 0x9d78, 
	0xa578, 0xa578, 0xa578, 0xa578, 0xa578, 0xa578, 0xa578, 0xa578, 0xa578, 0xa578, 0xa578, 0xa578, 0xa578, 0xa578, 0xa578, 0xa578, 
	0xa578, 0xa578, 0xa578, 0xa578, 0xa578, 0xa578, 0xad78, 0xad78, 0xad77, 0xad77, 0xad77, 0xad77, 0xad77, 0xad77, 0xad77, 0xad77, 
	0xad77, 0xad77, 0xad77, 0xad77, 0xad77, 0xad77, 0xad77, 0xad97, 0xad97, 0xad97, 0xad97, 0xad97, 0xad97, 0xad97, 0xad97, 0xb597, 
	0xb597, 0xb597, 0xb597, 0xb598, 0xb598, 0xb598, 0xb598, 0xb5b8, 0xb5b8, 0xb5b8, 0xb5b8, 0xb5b8, 0xb5b8, 0xb5b8, 0xb5b8, 0xb5b8, 
	0xb5b8, 0xb5b8, 0xb5d8, 0xbdd8, 0xbdd8, 0xbdd8, 0xbdd8, 0xbdd8, 0xbdd8, 0xbdf8, 0xbdf8, 0xbdf8, 0xbdf9, 0xbdf9, 0xbdf9, 0xbdf9, 
	0xbe19, 0xc619, 0xc619, 0xc619, 0xc619, 0xc619, 0xc639, 0xc639, 0xc639, 0xc639, 0xc639, 0xce59, 0xce59, 0xce5a, 0xce5a, 0xce5a, 
	0xce7a, 0xce7a, 0xce7a, 0xce7a, 0xd67a, 0xd67a, 0xd69a, 0xd69a, 0xd69a, 0xd69a, 0xd69a, 0xd6ba, 0xdeba, 0xdeba, 0xdebb, 0xdebb, 
	0xdebb, 0xdedb, 0xdedb, 0xdedb, 0xe6db, 0xe6db, 0xe6fb, 0xe6fb, 0xe6fb, 0xe6fb, 0xe6fb, 0xe6fb, 0xe6fb, 0xe71b, 0xef1b, 0xef1b, 
	0xef1b, 0xef1b, 0xef1b, 0xef1b, 0xef1b, 0xef3b, 0xef3c, 0xef3c, 0xef3c, 0xef3c, 0xef3c, 0xef3c, 0xef3c, 0xf73c, 0xf73c, 0xf73c, 
	0xf75c, 0xf75c, 0xf75c, 0xf75c, 0xf75c, 0xf75c, 0xf75c, 0xf75c, 0xf75c, 0xf75c, 0xf75c, 0xf75c, 0xf75c, 0xf75c, 0xf75c, 0xf75c, 
	0xf75c, 0xf75c, 0xf75c, 0xf75c, 0xf75c, 0xf75c, 0xf75c, 0xf75c, 0xf75c, 0xf75c, 0xf75c, 0xf75c, 0xf75c, 0xf75c, 0xf75c, 0xf75c, 
	0xf75c, 0xf77c, 0xf77c, 0xf77c, 0xf77c, 0xf77c, 0xf77c, 0xf77c, 0xf77c, 0xf77c, 0xf77c, 0xf77c, 0xf77c, 0xf77c, 0xf77c, 0xf77c, 
	0xff7c, 0xff7c, 0xff7c, 0xff7c, 0xff7c, 0xff7c, 0xff7c, 0xff7c, 0xff7c, 0xff7c, 0xff7c, 0xff7c, 0xff7c, 0xff7c, 0xff7c, 0xff7c, 
	0xff7c, 0xff7c, 0xff7c, 0xff7c, 0xff7c, 0xff7c, 0xff7c, 0xff7c, 0xff7c, 0xff7c, 0xff7c, 0xff7c, 0xff7c, 0xff7c, 0xff7c, 0xff7c, 
	0xff7c, 0xff7c, 0xff7c, 0xff7c, 0xff7c, 0xff7c, 0xff7c, 0xff7c, 0xff9c, 0xff9c, 0xff9c, 0xff9c, 0xff9c, 0xff9c, 0xff9c, 0xff9c, 
	0xff9c, 0xff9c, 0xff9c, 0xff9c, 0xff9c, 0xff9c, 0xff9c, 0xff9c, 0xff9c, 0xff9c, 0xff9c, 0xff9c, 0xff9c, 0xff9c, 0xff9c, 0xff9c, 
	0xff9c, 0xff9c, 0xff9c, 0xff9c, 0xff9c, 0xff9c, 0xff9c, 0xff9c, 0xff9c, 0xff9c, 0xff9c, 0xff9c, 0xff9c, 0xff9c, 0xff9c, 0xff9c, 
	0xff9c, 0xff9c, 0xff9c, 0xff9c, 0xff9c, 0xff9c, 0xff9c, 0xff9b, 0xff9c, 0xff9b, 0xff9b, 0xff9b, 0xff9b, 0xff9b, 0xff9b, 0xff9b, 
	0x9d59, 0x9d79, 0x9d79, 0x9d79, 0x9d59, 0x9d79, 0x9d79, 0x9d79, 0x9d79, 0x9d79, 0x9d79, 0x9d79, 0x9d79, 0x9d79, 0x9d79, 0x9d79, 
	0x9d79, 0x9d79, 0x9d79, 0x9d79, 0x9d79, 0x9d79, 0x9d79, 0x9d79, 0x9d79, 0x9d79, 0x9d78, 0x9d78, 0x9d78, 0x9d78, 0x9d78, 0xa578, 
	0xa578, 0xa578, 0xa578, 0xa578, 0xa578, 0xa578, 0xa578, 0xa578, 0xa578, 0xa578, 0xa578, 0xa578, 0xa578, 0xa578, 0xa578, 0xa578, 
	0xa578, 0xa578, 0xa578, 0xa578, 0xad78, 0xad78, 0xad78, 0xad77, 0xad77, 0xad77, 0xad77, 0xad77, 0xad77, 0xad77, 0xad77, 0xad77, 
	0xad77, 0xad77, 0xad77, 0xad77, 0xad77, 0xad97, 0xad97, 0xad97, 0xad97, 0xad97, 0xad97, 0xad97, 0xb597, 0xb597, 0xb597, 0xb597, 
	0xb597, 0xb597, 0xb597, 0xb597, 0xb597, 0xb598, 0xb598, 0xb5b8, 0xb5b8, 0xb5b8, 0xb5b8, 0xb5b8, 0xb5b8, 0xb5b8, 0xb5b8, 0xb5b8, 
	0xb5b8, 0xb5b8, 0xbdd8, 0xbdd8, 0xbdd8, 0xbdd8, 0xbdd8, 0xbdd8, 0xbdd8, 0xbdf8, 0xbdf8, 0xbdf8, 0xbdf9, 0xbdf9, 0xbdf9, 0xbe19, 
	0xc619, 0xc619, 0xc619, 0xc619, 0xc619, 0xc639, 0xc639, 0xc639, 0xc639, 0xc639, 0xce39, 0xce59, 0xce59, 0xce59, 0xce5a, 0xce5a, 
	0xce7a, 0xce7a, 0xce7a, 0xd67a, 0xd67a, 0xd69a, 0xd69a, 0xd69a, 0xd69a, 0xd69a, 0xd69a, 0xdeba, 0xdeba, 0xdeba, 0xdebb, 0xdebb, 
	0xdedb, 0xdedb, 0xdedb, 0xdedb, 0xe6db, 0xe6db, 0xe6fb, 0xe6fb, 0xe6fb, 0xe6fb, 0xe6fb, 0xe6fb, 0xe6fb, 0xe71b, 0xef1b, 0xef1b, 
	0xef1b, 0xef1b, 0xef1b, 0xef1b, 0xef1b, 0xef3b, 0xef3b, 0xef3c, 0xef3c, 0xef3c, 0xef3c, 0xef3c, 0xf73c, 0xf73c, 0xf73c, 0xf73c, 
	0xf75c, 0xf75c, 0xf75c, 0xf75c, 0xf75c, 0xf75c, 0xf75c, 0xf75c, 0xf75c, 0xf75c, 0xf75c, 0xf75c, 0xf75c, 0xf75c, 0xf75c, 0xf75c, 
	0xf75c, 0xf75c, 0xf75c, 0xf75c, 0xf75c, 0xf75c, 0xf75c, 0xf75c, 0xf75c, 0xf75c, 0xf75c, 0xf75c, 0xf75c, 0xf75c, 0xf75c, 0xf75c, 
	0xf75c, 0xf77c, 0xf77c, 0xf77c, 0xf77c, 0xf77c, 0xf77c, 0xf77c, 0xf77c, 0xf77c, 0xf77c, 0xf77c, 0xf77c, 0xf77c, 0xf77c, 0xf77c, 
	0xff7c, 0xff7c, 0xff7c, 0xff7c, 0xff7c, 0xff7c, 0xff7c, 0xff7c, 0xff7c, 0xff7c, 0xff7c, 0xff7c, 0xff7c, 0xff7c, 0xff7c, 0xff7c, 
	0xff7c, 0xff7c, 0xff7c, 0xff7c, 0xff7c, 0xff7c, 0xff7c, 0xff7c, 0xff7c, 0xff7c, 0xff7c, 0xff7c, 0xff7c, 0xff7c, 0xff7c, 0xff7c, 
	0xff7c, 0xff7c, 0xff7c, 0xff7c, 0xff7c, 0xff7c, 0xff7c, 0xff7c, 0xff9c, 0xff9c, 0xff9c, 0xff9c, 0xff9c, 0xff9c, 0xff9c, 0xff9c, 
	0xff9c, 0xff9c, 0xff9c, 0xff9c, 0xff9c, 0xff9c, 0xff9c, 0xff9c, 0xff9c, 0xff9c, 0xff9c, 0xff9c, 0xff9c, 0xff9c, 0xff9c, 0xff9c, 
	0xff9c, 0xff9c, 0xff9c, 0xff9c, 0xff9c, 0xff9c, 0xff9c, 0xff9c, 0xff9c, 0xff9c, 0xff9c, 0xff9c, 0xff9c, 0xff9c, 0xff9c, 0xff9c, 
	0xff9c, 0xff9c, 0xff9c, 0xff9c, 0xff9c, 0xff9c, 0xff9c, 0xff9b, 0xff9c, 0xff9b, 0xff9b, 0xff9b, 0xff9b, 0xff9b, 0xff9b, 0xff9b, 
	0x9d59, 0x9d79, 0x9d79, 0x9d79, 0x9d59, 0x9d79, 0x9d79, 0x9d79, 0x9d79, 0x9d79, 0x9d79, 0x9d79, 0x9d79, 0x9d79, 0x9d79, 0x9d79, 
	0x9d79, 0x9d79, 0x9d79, 0x9d79, 0x9d79, 0x9d79, 0x9d79, 0x9d79, 0x9d79, 0x9d79, 0x9d78, 0x9d78, 0x9d78, 0x9d78, 0x9d78, 0xa578, 
	0xa578, 0xa578, 0xa578, 0xa578, 0xa578, 0xa578, 0xa578, 0xa578, 0xa578, 0xa578, 0xa578, 0xa578, 0xa578, 0xa578, 0xa578, 0xa578, 
	0xa578, 0xa578, 0xa578, 0xad77, 0xad77, 0xad77, 0xad77, 0xad77, 0xad77, 0xad77, 0xad77, 0xad77, 0xad77, 0xad77, 0xad77, 0xad77, 
	0xad77, 0xad77, 0xad77, 0xad77, 0xad97, 0xad97, 0xad97, 0xad97, 0xad97, 0xad97, 0xb597, 0xb597, 0xb597, 0xb597, 0xb597, 0xb597, 
	0xb597, 0xb597, 0xb597, 0xb597, 0xb597, 0xb597, 0xb598, 0xb5b8, 0xb5b8, 0xb5b8, 0xb5b8, 0xb5b8, 0xb5b8, 0xb5b8, 0xb5b8, 0xb5b8, 
	0xbdb8, 0xbdd8, 0xbdd8, 0xbdd8, 0xbdd8, 0xbdd8, 0xbdd8, 0xbdd8, 0xbdd8, 0xbdf8, 0xbdf8, 0xbdf8, 0xbdf9, 0xbdf9, 0xbdf9, 0xc619, 
	0xc619, 0xc619, 0xc619, 0xc619, 0xc619, 0xc639, 0xc639, 0xc639, 0xc639, 0xce39, 0xce39, 0xce59, 0xce59, 0xce59, 0xce5a, 0xce5a, 
	0xce7a, 0xce7a, 0xce7a, 0xd67a, 0xd67a, 0xd69a, 0xd69a, 0xd69a, 0xd69a, 0xd69a, 0xd69a, 0xdeba, 0xdeba, 0xdeba, 0xdebb, 0xdebb, 
	0xdedb, 0xdedb, 0xdedb, 0xdedb, 0xe6db, 0xe6db, 0xe6fb, 0xe6fb, 0xe6fb, 0xe6fb, 0xe6fb, 0xe6fb, 0xe6fb, 0xe71b, 0xef1b, 0xef1b, 
	0xef1b, 0xef1b, 0xef1b, 0xef1b, 0xef1b, 0xef3b, 0xef3b, 0xef3c, 0xef3c, 0xef3c, 0xef3c, 0xef3c, 0xf73c, 0xf73c, 0xf73c, 0xf73c, 
	0xf75c, 0xf75c, 0xf75c, 0xf75c, 0xf75c, 0xf75c, 0xf75c, 0xf75c, 0xf75c, 0xf75c, 0xf75c, 0xf75c, 0xf75c, 0xf75c, 0xf75c, 0xf75c, 
	0xf75c, 0xf75c, 0xf75c, 0xf75c, 0xf75c, 0xf75c, 0xf75c, 0xf75c, 0xf75c, 0xf75c, 0xf75c, 0xf75c, 0xf75c, 0xf75c, 0xf75c, 0xf75c, 
	0xf75c, 0xf75c, 0xf77c, 0xf77c, 0xf77c, 0xf77c, 0xf77c, 0xf77c, 0xf77c, 0xf77c, 0xf77c, 0xf77c, 0xf77c, 0xf77c, 0xf77c, 0xf77c, 
	0xff7c, 0xff7c, 0xff7c, 0xff7c, 0xff7c, 0xff7c, 0xff7c, 0xff7c, 0xff7c, 0xff7c, 0xff7c, 0xff7c, 0xff7c, 0xff7c, 0xff7c, 0xff7c, 
	0xff7c, 0xff7c, 0xff7c, 0xff7c, 0xff7c, 0xff7c, 0xff7c, 0xff7c, 0xff7c, 0xff7c, 0xff7c, 0xff7c, 0xff7c, 0xff7c, 0xff7c, 0xff7c, 
	0xff7c, 0xff7c, 0xff7c, 0xff7c, 0xff7c, 0xff7c, 0xff7c, 0xff7c, 0xff9c, 0xff9c, 0xff9c, 0xff9c, 0xff9c, 0xff9c, 0xff9c, 0xff9c, 
	0xff9c, 0xff9c, 0xff9c, 0xff9c, 0xff9c, 0xff9c, 0xff9c, 0xff9c, 0xff9c, 0xff9c, 0xff9c, 0xff9c, 0xff9c, 0xff9c, 0xff9c, 0xff9c, 
	0xff9c, 0xff9c, 0xff9c, 0xff9c, 0xff9c, 0xff9c, 0xff9c, 0xff9c, 0xff9c, 0xff9c, 0xff9c, 0xff9c, 0xff9c, 0xff9c, 0xff9c, 0xff9c, 
	0xff9c, 0xff9c, 0xff9c, 0xff9c, 0xff9c, 0xff9c, 0xff9c, 0xff9b, 0xff9c, 0xff9b, 0xff9b, 0xff9b, 0xff9b, 0xff9b, 0xff9b, 0xff9b, 
	0x9d59, 0x9d79, 0x9d79, 0x9d79, 0x9d59, 0x9d79, 0x9d79, 0x9d79, 0x9d79, 0x9d79, 0x9d79, 0x9d79, 0x9d79, 0x9d79, 0x9d79, 0x9d79, 
	0x9d79, 0x9d79, 0x9d79, 0x9d79, 0x9d79, 0x9d79, 0x9d79, 0x9d79, 0x9d79, 0x9d79, 0x9d78, 0x9d78, 0x9d78, 0x9d78, 0xa578, 0xa578, 
	0xa578, 0xa578, 0xa578, 0xa578, 0xa578, 0xa578, 0xa578, 0xa578, 0xa578, 0xa578, 0xa578, 0xa578, 0xa578, 0xa578, 0xa578, 0xa578, 
	0xa578, 0xa578, 0xad77, 0xad77, 0xad77, 0xad77, 0xad77, 0xad77, 0xad77, 0xad77, 0xad77, 0xad77, 0xad77, 0xad77, 0xad77, 0xad77, 
	0xad77, 0xad77, 0xad77, 0xad97, 0xad97, 0xad97, 0xad97, 0xad97, 0xb597, 0xb597, 0xb597, 0xb597, 0xb597, 0xb597, 0xb597, 0xb597, 
	0xb597, 0xb597, 0xb597, 0xb597, 0xb597, 0xb597, 0xb5b7, 0xb5b8, 0xb5b8, 0xb5b8, 0xb5b8, 0xb5b8, 0xb5b8, 0xb5b8, 0xb5b8, 0xbdb8, 
	0xbdb8, 0xbdd8, 0xbdd8, 0xbdd8, 0xbdd8, 0xbdd8, 0xbdd8, 0xbdd8, 0xbdf8, 0xbdf8, 0xbdf8, 0xbdf8, 0xbdf8, 0xbdf9, 0xc5f9, 0xc619, 
	0xc619, 0xc619, 0xc619, 0xc619, 0xc619, 0xc639, 0xc639, 0xc639, 0xc639, 0xce39, 0xce59, 0xce59, 0xce59, 0xce59, 0xce5a, 0xce5a, 
	0xce7a, 0xce7a, 0xd67a, 0xd67a, 0xd67a, 0xd69a, 0xd69a, 0xd69a, 0xd69a, 0xd69a, 0xd6ba, 0xdeba, 0xdeba, 0xdeba, 0xdebb, 0xdebb, 
	0xdedb, 0xdedb, 0xdedb, 0xe6db, 0xe6db, 0xe6db, 0xe6fb, 0xe6fb, 0xe6fb, 0xe6fb, 0xe6fb, 0xe6fb, 0xe71b, 0xef1b, 0xef1b, 0xef1b, 
	0xef1b, 0xef1b, 0xef1b, 0xef1b, 0xef1b, 0xef3b, 0xef3b, 0xef3c, 0xef3c, 0xef3c, 0xef3c, 0xef3c, 0xf73c, 0xf73c, 0xf73c, 0xf75c, 
	0xf75c, 0xf75c, 0xf75c, 0xf75c, 0xf75c, 0xf75c, 0xf75c, 0xf75c, 0xf75c, 0xf75c, 0xf75c, 0xf75c, 0xf75c, 0xf75c, 0xf75c, 0xf75c, 
	0xf75c, 0xf75c, 0xf75c, 0xf75c, 0xf75c, 0xf75c, 0xf75c, 0xf75c, 0xf75c, 0xf75c, 0xf75c, 0xf75c, 0xf75c, 0xf75c, 0xf75c, 0xf75c, 
	0xf75c, 0xf75c, 0xf75c, 0xf77c, 0xf77c, 0xf77c, 0xf77c, 0xf77c, 0xf77c, 0xf77c, 0xf77c, 0xf77c, 0xf77c, 0xf77c, 0xf77c, 0xf77c, 
	0xff7c, 0xff7c, 0xff7c, 0xff7c, 0xff7c, 0xff7c, 0xff7c, 0xff7c, 0xff7c, 0xff7c, 0xff7c, 0xff7c, 0xff7c, 0xff7c, 0xff7c, 0xff7c, 
	0xff7c, 0xff7c, 0xff7c, 0xff7c, 0xff7c, 0xff7c, 0xff7c, 0xff7c, 0xff7c, 0xff7c, 0xff7c, 0xff7c, 0xff7c, 0xff7c, 0xff7c, 0xff7c, 
	0xff7c, 0xff7c, 0xff7c, 0xff7c, 0xff7c, 0xff7c, 0xff7c, 0xff7c, 0xff9c, 0xff9c, 0xff9c, 0xff9c, 0xff9c, 0xff9c, 0xff9c, 0xff9c, 
	0xff9c, 0xff9c, 0xff9c, 0xff9c, 0xff9c, 0xff9c, 0xff9c, 0xff9c, 0xff9c, 0xff9c, 0xff9c, 0xff9c, 0xff9c, 0xff9c, 0xff9c, 0xff9c, 
	0xff9c, 0xff9c, 0xff9c, 0xff9c, 0xff9c, 0xff9c, 0xff9c, 0xff9c, 0xff9c, 0xff9c, 0xff9c, 0xff9c, 0xff9c, 0xff9c, 0xff9c, 0xff9c, 
	0xff9c, 0xff9c, 0xff9c, 0xff9c, 0xff9c, 0xff9c, 0xff9c, 0xff9b, 0xff9c, 0xff9b, 0xff9b, 0xff9b, 0xff9b, 0xff9b, 0xff9b, 0xff9b, 
	0x9d59, 0x9d79, 0x9d79, 0x9d79, 0x9d59, 0x9d79, 0x9d79, 0x9d79, 0x9d79, 0x9d79, 0x9d79, 0x9d79, 0x9d79, 0x9d79, 0x9d79, 0x9d79, 
	0x9d79, 0x9d79, 0x9d79, 0x9d79, 0x9d79, 0x9d79, 0x9d79, 0x9d79, 0x9d79, 0x9d79, 0x9d78, 0x9d78, 0x9d78, 0x9d78, 0xa578, 0xa578, 
	0xa578, 0xa578, 0xa578, 0xa578, 0xa578, 0xa578, 0xa578, 0xa578, 0xa578, 0xa578, 0xa578, 0xa578, 0xa578, 0xa578, 0xa578, 0xad78, 
	0xa578, 0xad77, 0xad77, 0xad77, 0xad77, 0xad77, 0xad77, 0xad77, 0xad77, 0xad77, 0xad77, 0xad77, 0xad77, 0xad77, 0xad77, 0xad77, 
	0xad77, 0xad77, 0xad97, 0xad97, 0xad97, 0xad97, 0xad97, 0xb597, 0xb597, 0xb597, 0xb597, 0xb597, 0xb597, 0xb597, 0xb597, 0xb597, 
	0xb597, 0xb597, 0xb597, 0xb597, 0xb597, 0xb597, 0xb5b7, 0xb5b7, 0xb5b8, 0xb5b8, 0xb5b8, 0xb5b8, 0xb5b8, 0xb5b8, 0xbdb8, 0xbdb8, 
	0xbdd8, 0xbdd8, 0xbdd8, 0xbdd8, 0xbdd8, 0xbdd8, 0xbdd8, 0xbdd8, 0xbdf8, 0xbdf8, 0xbdf8, 0xbdf8, 0xbdf8, 0xc5f9, 0xc5f9, 0xc619, 
	0xc619, 0xc619, 0xc619, 0xc619, 0xc619, 0xc639, 0xc639, 0xc639, 0xce39, 0xce39, 0xce59, 0xce59, 0xce59, 0xce59, 0xce5a, 0xce7a, 
	0xce7a, 0xce7a, 0xd67a, 0xd67a, 0xd67a, 0xd69a, 0xd69a, 0xd69a, 0xd69a, 0xd69a, 0xdeba, 0xdeba, 0xdeba, 0xdeba, 0xdebb, 0xdebb, 
	0xdedb, 0xdedb, 0xdedb, 0xe6db, 0xe6db, 0xe6db, 0xe6fb, 0xe6fb, 0xe6fb, 0xe6fb, 0xe6fb, 0xe6fb, 0xe71b, 0xef1b, 0xef1b, 0xef1b, 
	0xef1b, 0xef1b, 0xef1b, 0xef1b, 0xef3b, 0xef3b, 0xef3b, 0xef3c, 0xef3c, 0xef3c, 0xef3c, 0xf73c, 0xf73c, 0xf73c, 0xf73c, 0xf75c, 
	0xf75c, 0xf75c, 0xf75c, 0xf75c, 0xf75c, 0xf75c, 0xf75c, 0xf75c, 0xf75c, 0xf75c, 0xf75c, 0xf75c, 0xf75c, 0xf75c, 0xf75c, 0xf75c, 
	0xf75c, 0xf75c, 0xf75c, 0xf75c, 0xf75c, 0xf75c, 0xf75c, 0xf75c, 0xf75c, 0xf75c, 0xf75c, 0xf75c, 0xf75c, 0xf75c, 0xf75c, 0xf75c, 
	0xf75c, 0xf75c, 0xf75c, 0xf75c, 0xf77c, 0xf77c, 0xf77c, 0xf77c, 0xf77c, 0xf77c, 0xf77c, 0xf77c, 0xf77c, 0xf77c, 0xf77c, 0xf77c, 
	0xff7c, 0xff7c, 0xff7c, 0xff7c, 0xff7c, 0xff7c, 0xff7c, 0xff7c, 0xff7c, 0xff7c, 0xff7c, 0xff7c, 0xff7c, 0xff7c, 0xff7c, 0xff7c, 
	0xff7c, 0xff7c, 0xff7c, 0xff7c, 0xff7c, 0xff7c, 0xff7c, 0xff7c, 0xff7c, 0xff7c, 0xff7c, 0xff7c, 0xff7c, 0xff7c, 0xff7c, 0xff7c, 
	0xff7c, 0xff7c, 0xff7c, 0xff7c, 0xff7c, 0xff7c, 0xff7c, 0xff7c, 0xff9c, 0xff9c, 0xff9c, 0xff9c, 0xff9c, 0xff9c, 0xff9c, 0xff9c, 
	0xff9c, 0xff9c, 0xff9c, 0xff9c, 0xff9c, 0xff9c, 0xff9c, 0xff9c, 0xff9c, 0xff9c, 0xff9c, 0xff9c, 0xff9c, 0xff9c, 0xff9c, 0xff9c, 
	0xff9c, 0xff9c, 0xff9c, 0xff9c, 0xff9c, 0xff9c, 0xff9c, 0xff9c, 0xff9c, 0xff9c, 0xff9c, 0xff9c, 0xff9c, 0xff9c, 0xff9c, 0xff9c, 
	0xff9c, 0xff9c, 0xff9c, 0xff9c, 0xff9c, 0xff9c, 0xff9c, 0xff9b, 0xff9c, 0xff9b, 0xff9b, 0xff9b, 0xff9b, 0xff9b, 0xff9b, 0xff9b, 
	0x9d59, 0x9d79, 0x9d79, 0x9d79, 0x9d59, 0x9d79, 0x9d79, 0x9d79, 0x9d79, 0x9d79, 0x9d79, 0x9d79, 0x9d79, 0x9d79, 0x9d79, 0x9d79, 
	0x9d79, 0x9d79, 0x9d79, 0x9d79, 0x9d79, 0x9d79, 0x9d79, 0x9d79, 0x9d79, 0x9d79, 0x9d78, 0x9d78, 0xa578, 0x9d78, 0xa578, 0xa578, 
	0xa578, 0xa578, 0xa578, 0xa578, 0xa578, 0xa578, 0xa578, 0xa578, 0xa578, 0xa578, 0xa578, 0xa578, 0xa578, 0xa578, 0xad78, 0xad78, 
	0xad77, 0xad77, 0xad77, 0xad77, 0xad77, 0xad77, 0xad77, 0xad77, 0xad77, 0xad77, 0xad77, 0xad77, 0xad77, 0xad77, 0xad77, 0xad77, 
	0xad77, 0xad97, 0xad97, 0xad97, 0xad97, 0xb597, 0xb597, 0xb597, 0xb597, 0xb597, 0xb597, 0xb597, 0xb597, 0xb597, 0xb597, 0xb597, 
	0xb597, 0xb597, 0xb597, 0xb597, 0xb597, 0xb5b7, 0xb5b7, 0xb5b7, 0xb5b7, 0xb5b8, 0xb5b8, 0xb5b8, 0xbdb8, 0xbdb8, 0xbdb8, 0xbdb8, 
	0xbdd8, 0xbdd8, 0xbdd8, 0xbdd8, 0xbdd8, 0xbdd8, 0xbdd8, 0xbdd8, 0xbdf8, 0xbdf8, 0xbdf8, 0xbdf8, 0xc5f8, 0xc5f9, 0xc619, 0xc619, 
	0xc619, 0xc619, 0xc619, 0xc619, 0xc619, 0xc639, 0xc639, 0xc639, 0xce39, 0xce39, 0xce59, 0xce59, 0xce59, 0xce59, 0xce5a, 0xce7a, 
	0xce7a, 0xd67a, 0xd67a, 0xd67a, 0xd67a, 0xd69a, 0xd69a, 0xd69a, 0xd69a, 0xd69a, 0xdeba, 0xdeba, 0xdeba, 0xdeba, 0xdebb, 0xdebb, 
	0xdedb, 0xdedb, 0xdedb, 0xe6db, 0xe6db, 0xe6db, 0xe6fb, 0xe6fb, 0xe6fb, 0xe6fb, 0xe6fb, 0xe6fb, 0xe71b, 0xef1b, 0xef1b, 0xef1b, 
	0xef1b, 0xef1b, 0xef1b, 0xef1b, 0xef3b, 0xef3b, 0xef3b, 0xef3c, 0xef3c, 0xef3c, 0xef3c, 0xf73c, 0xf73c, 0xf73c, 0xf73c, 0xf75c, 
	0xf75c, 0xf75c, 0xf75c, 0xf75c, 0xf75c, 0xf75c, 0xf75c, 0xf75c, 0xf75c, 0xf75c, 0xf75c, 0xf75c, 0xf75c, 0xf75c, 0xf75c, 0xf75c, 
	0xf75c, 0xf75c, 0xf75c, 0xf75c, 0xf75c, 0xf75c, 0xf75c, 0xf75c, 0xf75c, 0xf75c, 0xf75c, 0xf75c, 0xf75c, 0xf75c, 0xf75c, 0xf75c, 
	0xf75c, 0xf75c, 0xf75c, 0xf75c, 0xf75c, 0xf77c, 0xf77c, 0xf77c, 0xf77c, 0xf77c, 0xf77c, 0xf77c, 0xf77c, 0xf77c, 0xf77c, 0xf77c, 
	0xff7c, 0xff7c, 0xff7c, 0xff7c, 0xff7c, 0xff7c, 0xff7c, 0xff7c, 0xff7c, 0xff7c, 0xff7c, 0xff7c, 0xff7c, 0xff7c, 0xff7c, 0xff7c, 
	0xff7c, 0xff7c, 0xff7c, 0xff7c, 0xff7c, 0xff7c, 0xff7c, 0xff7c, 0xff7c, 0xff7c, 0xff7c, 0xff7c, 0xff7c, 0xff7c, 0xff7c, 0xff7c, 
	0xff7c, 0xff7c, 0xff7c, 0xff7c, 0xff7c, 0xff7c, 0xff7c, 0xff7c, 0xff9c, 0xff9c, 0xff9c, 0xff9c, 0xff9c, 0xff9c, 0xff9c, 0xff9c, 
	0xff9c, 0xff9c, 0xff9c, 0xff9c, 0xff9c, 0xff9c, 0xff9c, 0xff9c, 0xff9c, 0xff9c, 0xff9c, 0xff9c, 0xff9c, 0xff9c, 0xff9c, 0xff9c, 
	0xff9c, 0xff9c, 0xff9c, 0xff9c, 0xff9c, 0xff9c, 0xff9c, 0xff9c, 0xff9c, 0xff9c, 0xff9c, 0xff9c, 0xff9c, 0xff9c, 0xff9c, 0xff9c, 
	0xff9c, 0xff9c, 0xff9c, 0xff9c, 0xff9c, 0xff9c, 0xff9c, 0xff9b, 0xff9c, 0xff9b, 0xff9b, 0xff9b, 0xff9b, 0xff9b, 0xff9b, 0xff9b, 
	0x9d59, 0x9d79, 0x9d79, 0x9d79, 0x9d59, 0x9d79, 0x9d79, 0x9d79, 0x9d79, 0x9d79, 0x9d79, 0x9d79, 0x9d79, 0x9d79, 0x9d79, 0x9d79, 
	0x9d79, 0x9d79, 0x9d79, 0x9d79, 0x9d79, 0x9d79, 0x9d79, 0x9d79, 0x9d79, 0xa578, 0x9d78, 0x9d78, 0xa578, 0xa578, 0xa578, 0xa578, 
	0xa578, 0xa578, 0xa578, 0xa578, 0xa578, 0xa578, 0xa578, 0xa578, 0xa578, 0xa578, 0xa578, 0xa578, 0xa578, 0xad78, 0xad78, 0xad78, 
	0xad77, 0xad77, 0xad77, 0xad77, 0xad77, 0xad77, 0xad77, 0xad77, 0xad77, 0xad77, 0xad77, 0xad77, 0xad77, 0xad77, 0xad77, 0xad77, 
	0xad77, 0xad97, 0xad97, 0xb597, 0xb597, 0xb597, 0xb597, 0xb597, 0xb597, 0xb597, 0xb597, 0xb597, 0xb597, 0xb597, 0xb597, 0xb597, 
	0xb597, 0xb597, 0xb597, 0xb597, 0xb597, 0xb5b7, 0xb5b7, 0xb5b7, 0xb5b7, 0xb5b7, 0xb5b8, 0xbdb8, 0xbdb8, 0xbdb8, 0xbdb8, 0xbdd8, 
	0xbdd8, 0xbdd8, 0xbdd8, 0xbdd8, 0xbdd8, 0xbdd8, 0xbdd8, 0xbdd8, 0xbdf8, 0xbdf8, 0xbdf8, 0xc5f8, 0xc5f8, 0xc5f8, 0xc619, 0xc619, 
	0xc619, 0xc619, 0xc619, 0xc619, 0xc619, 0xc639, 0xc639, 0xce39, 0xce39, 0xce39, 0xce59, 0xce59, 0xce59, 0xce59, 0xce5a, 0xce7a, 
	0xce7a, 0xd67a, 0xd67a, 0xd67a, 0xd67a, 0xd69a, 0xd69a, 0xd69a, 0xd69a, 0xde9a, 0xdeba, 0xdeba, 0xdeba, 0xdeba, 0xdeba, 0xdedb, 
	0xdedb, 0xdedb, 0xdedb, 0xe6db, 0xe6db, 0xe6fb, 0xe6fb, 0xe6fb, 0xe6fb, 0xe6fb, 0xe6fb, 0xe6fb, 0xef1b, 0xef1b, 0xef1b, 0xef1b, 
	0xef1b, 0xef1b, 0xef1b, 0xef1b, 0xef3b, 0xef3b, 0xef3b, 0xef3c, 0xef3c, 0xef3c, 0xef3c, 0xf73c, 0xf73c, 0xf73c, 0xf73c, 0xf75c, 
	0xf75c, 0xf75c, 0xf75c, 0xf75c, 0xf75c, 0xf75c, 0xf75c, 0xf75c, 0xf75c, 0xf75c, 0xf75c, 0xf75c, 0xf75c, 0xf75c, 0xf75c, 0xf75c, 
	0xf75c, 0xf75c, 0xf75c, 0xf75c, 0xf75c, 0xf75c, 0xf75c, 0xf75c, 0xf75c, 0xf75c, 0xf75c, 0xf75c, 0xf75c, 0xf75c, 0xf75c, 0xf75c, 
	0xf75c, 0xf75c, 0xf75c, 0xf75c, 0xf75c, 0xf75c, 0xf77c, 0xf77c, 0xf77c, 0xf77c, 0xf77c, 0xf77c, 0xf77c, 0xf77c, 0xf77c, 0xf77c, 
	0xff7c, 0xff7c, 0xff7c, 0xff7c, 0xff7c, 0xff7c, 0xff7c, 0xff7c, 0xff7c, 0xff7c, 0xff7c, 0xff7c, 0xff7c, 0xff7c, 0xff7c, 0xff7c, 
	0xff7c, 0xff7c, 0xff7c, 0xff7c, 0xff7c, 0xff7c, 0xff7c, 0xff7c, 0xff7c, 0xff7c, 0xff7c, 0xff7c, 0xff7c, 0xff7c, 0xff7c, 0xff7c, 
	0xff7c, 0xff7c, 0xff7c, 0xff7c, 0xff7c, 0xff7c, 0xff7c, 0xff7c, 0xff9c, 0xff9c, 0xff9c, 0xff9c, 0xff9c, 0xff9c, 0xff9c, 0xff9c, 
	0xff9c, 0xff9c, 0xff9c, 0xff9c, 0xff9c, 0xff9c, 0xff9c, 0xff9c, 0xff9c, 0xff9c, 0xff9c, 0xff9c, 0xff9c, 0xff9c, 0xff9c, 0xff9c, 
	0xff9c, 0xff9c, 0xff9c, 0xff9c, 0xff9c, 0xff9c, 0xff9c, 0xff9c, 0xff9c, 0xff9c, 0xff9c, 0xff9c, 0xff9c, 0xff9c, 0xff9c, 0xff9c, 
	0xff9c, 0xff9c, 0xff9c, 0xff9c, 0xff9c, 0xff9c, 0xff9c, 0xff9b, 0xff9c, 0xff9b, 0xff9b, 0xff9b, 0xff9b, 0xff9b, 0xff9b, 0xff9b, 
	0x9d59, 0x9d79, 0x9d79, 0x9d79, 0x9d59, 0x9d79, 0x9d79, 0x9d79, 0x9d79, 0x9d79, 0x9d79, 0x9d79, 0x9d79, 0x9d79, 0x9d79, 0x9d79, 
	0x9d79, 0x9d79, 0x9d79, 0x9d79, 0x9d79, 0x9d79, 0x9d79, 0x9d79, 0x9d79, 0xa578, 0xa578, 0xa578, 0xa578, 0xa578, 0xa578, 0xa578, 
	0xa578, 0xa578, 0xa578, 0xa578, 0xa578, 0xa578, 0xa578, 0xa578, 0xa578, 0xa578, 0xa578, 0xa578, 0xa578, 0xad78, 0xad78, 0xad78, 
	0xad77, 0xad77, 0xad77, 0xad77, 0xad77, 0xad77, 0xad77, 0xad77, 0xad77, 0xad77, 0xad77, 0xad77, 0xad77, 0xad77, 0xad77, 0xad77, 
	0xad97, 0xb597, 0xb597, 0xb597, 0xb597, 0xb597, 0xb597, 0xb597, 0xb597, 0xb597, 0xb597, 0xb597, 0xb597, 0xb597, 0xb597, 0xb597, 
	0xb597, 0xb597, 0xb597, 0xb597, 0xb5b7, 0xb5b7, 0xb5b7, 0xb5b7, 0xbdb7, 0xbdb7, 0xbdb7, 0xbdb8, 0xbdb8, 0xbdb8, 0xbdb8, 0xbdd8, 
	0xbdd8, 0xbdd8, 0xbdd8, 0xbdd8, 0xbdd8, 0xbdd8, 0xbdd8, 0xbdf8, 0xbdf8, 0xbdf8, 0xc5f8, 0xc5f8, 0xc5f8, 0xc5f8, 0xc619, 0xc619, 
	0xc619, 0xc619, 0xc619, 0xc619, 0xc639, 0xc639, 0xce39, 0xce39, 0xce39, 0xce59, 0xce59, 0xce59, 0xce59, 0xce59, 0xce59, 0xce7a, 
	0xd67a, 0xd67a, 0xd67a, 0xd67a, 0xd69a, 0xd69a, 0xd69a, 0xd69a, 0xd69a, 0xdeba, 0xdeba, 0xdeba, 0xdeba, 0xdeba, 0xdeba, 0xdedb, 
	0xdedb, 0xdedb, 0xe6db, 0xe6db, 0xe6db, 0xe6fb, 0xe6fb, 0xe6fb, 0xe6fb, 0xe6fb, 0xe6fb, 0xe6fb, 0xef1b, 0xef1b, 0xef1b, 0xef1b, 
	0xef1b, 0xef1b, 0xef1b, 0xef1b, 0xef3b, 0xef3b, 0xef3b, 0xef3c, 0xef3c, 0xef3c, 0xf73c, 0xf73c, 0xf73c, 0xf73c, 0xf73c, 0xf75c, 
	0xf75c, 0xf75c, 0xf75c, 0xf75c, 0xf75c, 0xf75c, 0xf75c, 0xf75c, 0xf75c, 0xf75c, 0xf75c, 0xf75c, 0xf75c, 0xf75c, 0xf75c, 0xf75c, 
	0xf75c, 0xf75c, 0xf75c, 0xf75c, 0xf75c, 0xf75c, 0xf75c, 0xf75c, 0xf75c, 0xf75c, 0xf75c, 0xf75c, 0xf75c, 0xf75c, 0xf75c, 0xf75c, 
	0xf75c, 0xf75c, 0xf75c, 0xf75c, 0xf75c, 0xf75c, 0xf75c, 0xf77c, 0xf77c, 0xf77c, 0xf77c, 0xf77c, 0xf77c, 0xf77c, 0xf77c, 0xf77c, 
	0xff7c, 0xff7c, 0xff7c, 0xff7c, 0xff7c, 0xff7c, 0xff7c, 0xff7c, 0xff7c, 0xff7c, 0xff7c, 0xff7c, 0xff7c, 0xff7c, 0xff7c, 0xff7c, 
	0xff7c, 0xff7c, 0xff7c, 0xff7c, 0xff7c, 0xff7c, 0xff7c, 0xff7c, 0xff7c, 0xff7c, 0xff7c, 0xff7c, 0xff7c, 0xff7c, 0xff7c, 0xff7c, 
	0xff7c, 0xff7c, 0xff7c, 0xff7c, 0xff7c, 0xff7c, 0xff7c, 0xff7c, 0xff9c, 0xff9c, 0xff9c, 0xff9c, 0xff9c, 0xff9c, 0xff9c, 0xff9c, 
	0xff9c, 0xff9c, 0xff9c, 0xff9c, 0xff9c, 0xff9c, 0xff9c, 0xff9c, 0xff9c, 0xff9c, 0xff9c, 0xff9c, 0xff9c, 0xff9c, 0xff9c, 0xff9c, 
	0xff9c, 0xff9c, 0xff9c, 0xff9c, 0xff9c, 0xff9c, 0xff9c, 0xff9c, 0xff9c, 0xff9c, 0xff9c, 0xff9c, 0xff9c, 0xff9c, 0xff9c, 0xff9c, 
	0xff9c, 0xff9c, 0xff9c, 0xff9c, 0xff9c, 0xff9c, 0xff9c, 0xff9b, 0xff9c, 0xff9b, 0xff9b, 0xff9b, 0xff9b, 0xff9b, 0xff9b, 0xff9b, 
	0x9d59, 0x9d79, 0x9d79, 0x9d79, 0x9d59, 0x9d79, 0x9d79, 0x9d79, 0x9d79, 0x9d79, 0x9d79, 0x9d79, 0x9d79, 0x9d79, 0x9d79, 0x9d79, 
	0x9d79, 0x9d79, 0x9d79, 0x9d79, 0x9d79, 0x9d79, 0x9d79, 0x9d79, 0x9d79, 0xa578, 0xa578, 0xa578, 0xa578, 0xa578, 0xa578, 0xa578, 
	0xa578, 0xa578, 0xa578, 0xa578, 0xa578, 0xa578, 0xa578, 0xa578, 0xa578, 0xa578, 0xa578, 0xa578, 0xad78, 0xad78, 0xad78, 0xad78, 
	0xad77, 0xad77, 0xad77, 0xad77, 0xad77, 0xad77, 0xad77, 0xad77, 0xad77, 0xad77, 0xad77, 0xad77, 0xad77, 0xad77, 0xad77, 0xb597, 
	0xb597, 0xb597, 0xb597, 0xb597, 0xb597, 0xb597, 0xb597, 0xb597, 0xb597, 0xb597, 0xb597, 0xb597, 0xb597, 0xb597, 0xb597, 0xb597, 
	0xb597, 0xb597, 0xb597, 0xb597, 0xb5b7, 0xb5b7, 0xbdb7, 0xbdb7, 0xbdb7, 0xbdb7, 0xbdb7, 0xbdb7, 0xbdb8, 0xbdb8, 0xbdb8, 0xbdd8, 
	0xbdd8, 0xbdd8, 0xbdd8, 0xbdd8, 0xbdd8, 0xbdd8, 0xbdd8, 0xbdf8, 0xbdf8, 0xc5f8, 0xc5f8, 0xc5f8, 0xc5f8, 0xc5f8, 0xc619, 0xc619, 
	0xc619, 0xc619, 0xc619, 0xc619, 0xc639, 0xce39, 0xce39, 0xce39, 0xce39, 0xce59, 0xce59, 0xce59, 0xce59, 0xce59, 0xce59, 0xd67a, 
	0xd67a, 0xd67a, 0xd67a, 0xd67a, 0xd69a, 0xd69a, 0xd69a, 0xd69a, 0xde9a, 0xdeba, 0xdeba, 0xdeba, 0xdeba, 0xdeba, 0xdeba, 0xdedb, 
	0xdedb, 0xdedb, 0xe6db, 0xe6db, 0xe6db, 0xe6fb, 0xe6fb, 0xe6fb, 0xe6fb, 0xe6fb, 0xe6fb, 0xe6fb, 0xef1b, 0xef1b, 0xef1b, 0xef1b, 
	0xef1b, 0xef1b, 0xef1b, 0xef3b, 0xef3b, 0xef3b, 0xef3b, 0xef3b, 0xef3c, 0xef3c, 0xf73c, 0xf73c, 0xf73c, 0xf73c, 0xf73c, 0xf75c, 
	0xf75c, 0xf75c, 0xf75c, 0xf75c, 0xf75c, 0xf75c, 0xf75c, 0xf75c, 0xf75c, 0xf75c, 0xf75c, 0xf75c, 0xf75c, 0xf75c, 0xf75c, 0xf75c, 
	0xf75c, 0xf75c, 0xf75c, 0xf75c, 0xf75c, 0xf75c, 0xf75c, 0xf75c, 0xf75c, 0xf75c, 0xf75c, 0xf75c, 0xf75c, 0xf75c, 0xf75c, 0xf75c, 
	0xf75c, 0xf75c, 0xf75c, 0xf75c, 0xf75c, 0xf75c, 0xf75c, 0xf77c, 0xf77c, 0xf77c, 0xf77c, 0xf77c, 0xf77c, 0xf77c, 0xf77c, 0xf77c, 
	0xff7c, 0xff7c, 0xff7c, 0xff7c, 0xff7c, 0xff7c, 0xff7c, 0xff7c, 0xff7c, 0xff7c, 0xff7c, 0xff7c, 0xff7c, 0xff7c, 0xff7c, 0xff7c, 
	0xff7c, 0xff7c, 0xff7c, 0xff7c, 0xff7c, 0xff7c, 0xff7c, 0xff7c, 0xff7c, 0xff7c, 0xff7c, 0xff7c, 0xff7c, 0xff7c, 0xff7c, 0xff7c, 
	0xff7c, 0xff7c, 0xff7c, 0xff7c, 0xff7c, 0xff7c, 0xff7c, 0xff7c, 0xff9c, 0xff9c, 0xff9c, 0xff9c, 0xff9c, 0xff9c, 0xff9c, 0xff9c, 
	0xff9c, 0xff9c, 0xff9c, 0xff9c, 0xff9c, 0xff9c, 0xff9c, 0xff9c, 0xff9c, 0xff9c, 0xff9c, 0xff9c, 0xff9c, 0xff9c, 0xff9c, 0xff9c, 
	0xff9c, 0xff9c, 0xff9c, 0xff9c, 0xff9c, 0xff9c, 0xff9c, 0xff9c, 0xff9c, 0xff9c, 0xff9c, 0xff9c, 0xff9c, 0xff9c, 0xff9c, 0xff9c, 
	0xff9c, 0xff9c, 0xff9c, 0xff9c, 0xff9c, 0xff9c, 0xff9c, 0xff9b, 0xff9c, 0xff9b, 0xff9b, 0xff9b, 0xff9b, 0xff9b, 0xff9b, 0xff9b, 
	0x9d59, 0x9d79, 0x9d79, 0x9d79, 0x9d59, 0x9d79, 0x9d79, 0x9d79, 0x9d79, 0x9d79, 0x9d79, 0x9d79, 0x9d79, 0x9d79, 0x9d79, 0x9d79, 
	0x9d79, 0x9d79, 0x9d79, 0xa579, 0xa579, 0xa579, 0x9d79, 0x9d78, 0xa579, 0xa578, 0xa578, 0xa578, 0xa578, 0xa578, 0xa578, 0xa578, 
	0xa578, 0xa578, 0xa578, 0xa578, 0xa578, 0xa578, 0xa578, 0xa578, 0xa578, 0xa578, 0xa578, 0xad78, 0xad78, 0xad78, 0xad78, 0xad78, 
	0xad77, 0xad77, 0xad77, 0xad77, 0xad77, 0xad77, 0xad77, 0xad77, 0xad77, 0xad77, 0xad77, 0xad77, 0xad77, 0xb577, 0xb577, 0xb597, 
	0xb597, 0xb597, 0xb597, 0xb597, 0xb597, 0xb597, 0xb597, 0xb597, 0xb597, 0xb597, 0xb597, 0xb597, 0xb597, 0xb597, 0xb597, 0xb597, 
	0xb597, 0xb597, 0xb597, 0xbdb7, 0xbdb7, 0xbdb7, 0xbdb7, 0xbdb7, 0xbdb7, 0xbdb7, 0xbdb7, 0xbdb7, 0xbdb7, 0xbdb8, 0xbdd8, 0xbdd8, 
	0xbdd8, 0xbdd8, 0xbdd8, 0xbdd8, 0xbdd8, 0xbdd8, 0xbdd8, 0xc5f8, 0xc5f8, 0xc5f8, 0xc5f8, 0xc5f8, 0xc5f8, 0xc618, 0xc618, 0xc619, 
	0xc619, 0xc619, 0xc619, 0xc619, 0xce39, 0xce39, 0xce39, 0xce39, 0xce39, 0xce59, 0xce59, 0xce59, 0xce59, 0xce59, 0xce79, 0xd67a, 
	0xd67a, 0xd67a, 0xd67a, 0xd67a, 0xd69a, 0xd69a, 0xd69a, 0xd69a, 0xde9a, 0xdeba, 0xdeba, 0xdeba, 0xdeba, 0xdeba, 0xdeba, 0xdedb, 
	0xdedb, 0xe6db, 0xe6db, 0xe6db, 0xe6db, 0xe6fb, 0xe6fb, 0xe6fb, 0xe6fb, 0xe6fb, 0xe6fb, 0xe71b, 0xef1b, 0xef1b, 0xef1b, 0xef1b, 
	0xef1b, 0xef1b, 0xef1b, 0xef3b, 0xef3b, 0xef3b, 0xef3b, 0xef3b, 0xef3c, 0xef3c, 0xf73c, 0xf73c, 0xf73c, 0xf73c, 0xf75c, 0xf75c, 
	0xf75c, 0xf75c, 0xf75c, 0xf75c, 0xf75c, 0xf75c, 0xf75c, 0xf75c, 0xf75c, 0xf75c, 0xf75c, 0xf75c, 0xf75c, 0xf75c, 0xf75c, 0xf75c, 
	0xf75c, 0xf75c, 0xf75c, 0xf75c, 0xf75c, 0xf75c, 0xf75c, 0xf75c, 0xf75c, 0xf75c, 0xf75c, 0xf75c, 0xf75c, 0xf75c, 0xf75c, 0xf75c, 
	0xf75c, 0xf75c, 0xf75c, 0xf75c, 0xf75c, 0xf75c, 0xf75c, 0xf75c, 0xf77c, 0xf77c, 0xf77c, 0xf77c, 0xf77c, 0xf77c, 0xf77c, 0xf77c, 
	0xff7c, 0xff7c, 0xff7c, 0xff7c, 0xff7c, 0xff7c, 0xff7c, 0xff7c, 0xff7c, 0xff7c, 0xff7c, 0xff7c, 0xff7c, 0xff7c, 0xff7c, 0xff7c, 
	0xff7c, 0xff7c, 0xff7c, 0xff7c, 0xff7c, 0xff7c, 0xff7c, 0xff7c, 0xff7c, 0xff7c, 0xff7c, 0xff7c, 0xff7c, 0xff7c, 0xff7c, 0xff7c, 
	0xff7c, 0xff7c, 0xff7c, 0xff7c, 0xff7c, 0xff7c, 0xff7c, 0xff7c, 0xff9c, 0xff9c, 0xff9c, 0xff9c, 0xff9c, 0xff9c, 0xff9c, 0xff9c, 
	0xff9c, 0xff9c, 0xff9c, 0xff9c, 0xff9c, 0xff9c, 0xff9c, 0xff9c, 0xff9c, 0xff9c, 0xff9c, 0xff9c, 0xff9c, 0xff9c, 0xff9c, 0xff9c, 
	0xff9c, 0xff9c, 0xff9c, 0xff9c, 0xff9c, 0xff9c, 0xff9c, 0xff9c, 0xff9c, 0xff9c, 0xff9c, 0xff9c, 0xff9c, 0xff9c, 0xff9c, 0xff9c, 
	0xff9c, 0xff9c, 0xff9c, 0xff9c, 0xff9c, 0xff9c, 0xff9c, 0xff9b, 0xff9c, 0xff9b, 0xff9b, 0xff9b, 0xff9b, 0xff9b, 0xff9b, 0xff9b, 
	0x9d79, 0x9d79, 0x9d79, 0x9d79, 0x9d59, 0x9d79, 0x9d79, 0x9d79, 0x9d79, 0x9d79, 0x9d79, 0x9d79, 0x9d79, 0x9d79, 0x9d79, 0x9d79, 
	0x9d79, 0x9d79, 0x9d79, 0xa579, 0xa579, 0xa579, 0xa579, 0x9d78, 0xa579, 0xa578, 0xa578, 0xa578, 0xa578, 0xa578, 0xa578, 0xa578, 
	0xa578, 0xa578, 0xa578, 0xa578, 0xa578, 0xa578, 0xa578, 0xa578, 0xa578, 0xa578, 0xad78, 0xad78, 0xad78, 0xad78, 0xad78, 0xad78, 
	0xad77, 0xad77, 0xad77, 0xad77, 0xad77, 0xad77, 0xad77, 0xad77, 0xad77, 0xad77, 0xad77, 0xad77, 0xb577, 0xb577, 0xb577, 0xb597, 
	0xb597, 0xb597, 0xb597, 0xb597, 0xb597, 0xb597, 0xb597, 0xb597, 0xb597, 0xb597, 0xb597, 0xb597, 0xb597, 0xb597, 0xb597, 0xb597, 
	0xb597, 0xbd97, 0xbd97, 0xbdb7, 0xbdb7, 0xbdb7, 0xbdb7, 0xbdb7, 0xbdb7, 0xbdb7, 0xbdb7, 0xbdb7, 0xbdb7, 0xbdb8, 0xbdd8, 0xbdd8, 
	0xbdd8, 0xbdd8, 0xbdd8, 0xbdd8, 0xbdd8, 0xbdd8, 0xc5d8, 0xc5f8, 0xc5f8, 0xc5f8, 0xc5f8, 0xc5f8, 0xc5f8, 0xc618, 0xc618, 0xc619, 
	0xc619, 0xc619, 0xc619, 0xc639, 0xce39, 0xce39, 0xce39, 0xce39, 0xce39, 0xce59, 0xce59, 0xce59, 0xce59, 0xce59, 0xd679, 0xd67a, 
	0xd67a, 0xd67a, 0xd67a, 0xd69a, 0xd69a, 0xd69a, 0xd69a, 0xde9a, 0xde9a, 0xdeba, 0xdeba, 0xdeba, 0xdeba, 0xdeba, 0xdeba, 0xdedb, 
	0xdedb, 0xe6db, 0xe6db, 0xe6db, 0xe6db, 0xe6fb, 0xe6fb, 0xe6fb, 0xe6fb, 0xe6fb, 0xe6fb, 0xef1b, 0xef1b, 0xef1b, 0xef1b, 0xef1b, 
	0xef1b, 0xef1b, 0xef1b, 0xef3b, 0xef3b, 0xef3b, 0xef3b, 0xef3b, 0xef3c, 0xf73c, 0xf73c, 0xf73c, 0xf73c, 0xf73c, 0xf75c, 0xf75c, 
	0xf75c, 0xf75c, 0xf75c, 0xf75c, 0xf75c, 0xf75c, 0xf75c, 0xf75c, 0xf75c, 0xf75c, 0xf75c, 0xf75c, 0xf75c, 0xf75c, 0xf75c, 0xf75c, 
	0xf75c, 0xf75c, 0xf75c, 0xf75c, 0xf75c, 0xf75c, 0xf75c, 0xf75c, 0xf75c, 0xf75c, 0xf75c, 0xf75c, 0xf75c, 0xf75c, 0xf75c, 0xf75c, 
	0xf75c, 0xf75c, 0xf75c, 0xf75c, 0xf75c, 0xf75c, 0xf75c, 0xf75c, 0xf77c, 0xf77c, 0xf77c, 0xf77c, 0xf77c, 0xf77c, 0xf77c, 0xf77c, 
	0xff7c, 0xff7c, 0xff7c, 0xff7c, 0xff7c, 0xff7c, 0xff7c, 0xff7c, 0xff7c, 0xff7c, 0xff7c, 0xff7c, 0xff7c, 0xff7c, 0xff7c, 0xff7c, 
	0xff7c, 0xff7c, 0xff7c, 0xff7c, 0xff7c, 0xff7c, 0xff7c, 0xff7c, 0xff7c, 0xff7c, 0xff7c, 0xff7c, 0xff7c, 0xff7c, 0xff7c, 0xff7c, 
	0xff7c, 0xff7c, 0xff7c, 0xff7c, 0xff7c, 0xff7c, 0xff7c, 0xff7c, 0xff9c, 0xff9c, 0xff9c, 0xff9c, 0xff9c, 0xff9c, 0xff9c, 0xff9c, 
	0xff9c, 0xff9c, 0xff9c, 0xff9c, 0xff9c, 0xff9c, 0xff9c, 0xff9c, 0xff9c, 0xff9c, 0xff9c, 0xff9c, 0xff9c, 0xff9c, 0xff9c, 0xff9c, 
	0xff9c, 0xff9c, 0xff9c, 0xff9c, 0xff9c, 0xff9c, 0xff9c, 0xff9c, 0xff9c, 0xff9c, 0xff9c, 0xff9c, 0xff9c, 0xff9c, 0xff9c, 0xff9c, 
	0xff9c, 0xff9c, 0xff9c, 0xff9c, 0xff9c, 0xff9c, 0xff9c, 0xff9b, 0xff9c, 0xff9b, 0xff9b, 0xff9b, 0xff9b, 0xff9b, 0xff9b, 0xff9b, 
	0x9d79, 0x9d79, 0x9d79, 0x9d79, 0x9d79, 0x9d79, 0x9d79, 0x9d79, 0x9d79, 0x9d79, 0x9d79, 0x9d79, 0x9d79, 0x9d79, 0x9d79, 0x9d79, 
	0xa579, 0xa579, 0xa579, 0xa579, 0xa579, 0xa579, 0xa579, 0xa578, 0xa579, 0xa578, 0xa578, 0xa578, 0xa578, 0xa578, 0xa578, 0xa578, 
	0xa578, 0xa578, 0xa578, 0xa578, 0xa578, 0xa578, 0xa578, 0xa578, 0xa578, 0xad78, 0xad78, 0xad78, 0xad78, 0xad78, 0xad78, 0xad97, 
	0xad77, 0xad77, 0xad77, 0xad77, 0xad77, 0xad77, 0xad77, 0xad97, 0xad77, 0xad77, 0xb577, 0xb577, 0xb577, 0xb577, 0xb597, 0xb597, 
	0xb597, 0xb597, 0xb597, 0xb597, 0xb597, 0xb597, 0xb597, 0xb597, 0xb597, 0xb597, 0xb597, 0xb597, 0xb597, 0xb597, 0xb597, 0xbd97, 
	0xbd97, 0xbd97, 0xbdb7, 0xbdb7, 0xbdb7, 0xbdb7, 0xbdb7, 0xbdb7, 0xbdb7, 0xbdb7, 0xbdb7, 0xbdb7, 0xbdb7, 0xbdd7, 0xbdd8, 0xbdd8, 
	0xbdd8, 0xbdd8, 0xbdd8, 0xbdd8, 0xc5d8, 0xc5d8, 0xc5f8, 0xc5f8, 0xc5f8, 0xc5f8, 0xc5f8, 0xc5f8, 0xc5f8, 0xc618, 0xc618, 0xc619, 
	0xc619, 0xc619, 0xc619, 0xce39, 0xce39, 0xce39, 0xce39, 0xce39, 0xce39, 0xce59, 0xce59, 0xce59, 0xce59, 0xd659, 0xd679, 0xd67a, 
	0xd67a, 0xd67a, 0xd67a, 0xd69a, 0xd69a, 0xd69a, 0xd69a, 0xde9a, 0xde9a, 0xdeba, 0xdeba, 0xdeba, 0xdeba, 0xdeba, 0xdeda, 0xdedb, 
	0xdedb, 0xe6db, 0xe6db, 0xe6db, 0xe6db, 0xe6fb, 0xe6fb, 0xe6fb, 0xe6fb, 0xe6fb, 0xe6fb, 0xef1b, 0xef1b, 0xef1b, 0xef1b, 0xef1b, 
	0xef1b, 0xef1b, 0xef1b, 0xef3b, 0xef3b, 0xef3b, 0xef3b, 0xef3b, 0xef3b, 0xf73c, 0xf73c, 0xf73c, 0xf73c, 0xf73c, 0xf75c, 0xf75c, 
	0xf75c, 0xf75c, 0xf75c, 0xf75c, 0xf75c, 0xf75c, 0xf75c, 0xf75c, 0xf75c, 0xf75c, 0xf75c, 0xf75c, 0xf75c, 0xf75c, 0xf75c, 0xf75c, 
	0xf75c, 0xf75c, 0xf75c, 0xf75c, 0xf75c, 0xf75c, 0xf75c, 0xf75c, 0xf75c, 0xf75c, 0xf75c, 0xf75c, 0xf75c, 0xf75c, 0xf75c, 0xf75c, 
	0xf75c, 0xf75c, 0xf75c, 0xf75c, 0xf75c, 0xf75c, 0xf75c, 0xf75c, 0xf77c, 0xf77c, 0xf77c, 0xf77c, 0xf77c, 0xf77c, 0xf77c, 0xf77c, 
	0xff7c, 0xff7c, 0xff7c, 0xff7c, 0xff7c, 0xff7c, 0xff7c, 0xff7c, 0xff7c, 0xff7c, 0xff7c, 0xff7c, 0xff7c, 0xff7c, 0xff7c, 0xff7c, 
	0xff7c, 0xff7c, 0xff7c, 0xff7c, 0xff7c, 0xff7c, 0xff7c, 0xff7c, 0xff7c, 0xff7c, 0xff7c, 0xff7c, 0xff7c, 0xff7c, 0xff7c, 0xff7c, 
	0xff7c, 0xff7c, 0xff7c, 0xff7c, 0xff7c, 0xff7c, 0xff7c, 0xff7c, 0xff9c, 0xff9c, 0xff9c, 0xff9c, 0xff9c, 0xff9c, 0xff9c, 0xff9c, 
	0xff9c, 0xff9c, 0xff9c, 0xff9c, 0xff9c, 0xff9c, 0xff9c, 0xff9c, 0xff9c, 0xff9c, 0xff9c, 0xff9c, 0xff9c, 0xff9c, 0xff9c, 0xff9c, 
	0xff9c, 0xff9c, 0xff9c, 0xff9c, 0xff9c, 0xff9c, 0xff9c, 0xff9c, 0xff9c, 0xff9c, 0xff9c, 0xff9c, 0xff9c, 0xff9c, 0xff9c, 0xff9c, 
	0xff9c, 0xff9c, 0xff9c, 0xff9c, 0xff9c, 0xff9c, 0xff9c, 0xff9b, 0xff9c, 0xff9b, 0xff9b, 0xff9b, 0xff9b, 0xff9b, 0xff9b, 0xff9b, 
	0x9d79, 0x9d79, 0x9d79, 0x9d79, 0x9d79, 0x9d79, 0x9d79, 0x9d79, 0x9d79, 0x9d79, 0x9d79, 0x9d79, 0x9d79, 0x9d79, 0x9d79, 0x9d79, 
	0xa579, 0xa579, 0xa579, 0xa579, 0xa579, 0xa579, 0xa579, 0xa578, 0xa578, 0xa578, 0xa578, 0xa578, 0xa578, 0xa578, 0xa578, 0xa578, 
	0xa578, 0xa578, 0xa578, 0xa578, 0xa578, 0xa578, 0xa578, 0xa578, 0xad78, 0xad78, 0xad78, 0xad78, 0xad78, 0xad78, 0xad97, 0xad97, 
	0xad77, 0xad77, 0xad77, 0xad77, 0xad77, 0xad77, 0xad97, 0xb597, 0xad77, 0xb577, 0xb577, 0xb577, 0xb577, 0xb597, 0xb597, 0xb597, 
	0xb597, 0xb597, 0xb597, 0xb597, 0xb597, 0xb597, 0xb597, 0xb597, 0xb597, 0xb597, 0xb597, 0xb597, 0xb597, 0xbd97, 0xbd97, 0xbd97, 
	0xbd97, 0xbdb7, 0xbdb7, 0xbdb7, 0xbdb7, 0xbdb7, 0xbdb7, 0xbdb7, 0xbdb7, 0xbdb7, 0xbdb7, 0xbdb7, 0xbdb7, 0xbdd7, 0xbdd8, 0xbdd8, 
	0xbdd8, 0xbdd8, 0xbdd8, 0xc5d8, 0xc5d8, 0xc5d8, 0xc5f8, 0xc5f8, 0xc5f8, 0xc5f8, 0xc5f8, 0xc5f8, 0xc5f8, 0xc618, 0xc618, 0xc618, 
	0xc619, 0xc619, 0xce19, 0xce39, 0xce39, 0xce39, 0xce39, 0xce39, 0xce59, 0xce59, 0xce59, 0xce59, 0xce59, 0xd659, 0xd679, 0xd67a, 
	0xd67a, 0xd67a, 0xd67a, 0xd69a, 0xd69a, 0xd69a, 0xde9a, 0xde9a, 0xde9a, 0xdeba, 0xdeba, 0xdeba, 0xdeba, 0xdeba, 0xdeda, 0xdedb, 
	0xe6db, 0xe6db, 0xe6db, 0xe6db, 0xe6fb, 0xe6fb, 0xe6fb, 0xe6fb, 0xe6fb, 0xe6fb, 0xe6fb, 0xef1b, 0xef1b, 0xef1b, 0xef1b, 0xef1b, 
	0xef1b, 0xef1b, 0xef1b, 0xef3b, 0xef3b, 0xef3b, 0xef3b, 0xef3b, 0xef3b, 0xf73c, 0xf73c, 0xf73c, 0xf73c, 0xf73c, 0xf75c, 0xf75c, 
	0xf75c, 0xf75c, 0xf75c, 0xf75c, 0xf75c, 0xf75c, 0xf75c, 0xf75c, 0xf75c, 0xf75c, 0xf75c, 0xf75c, 0xf75c, 0xf75c, 0xf75c, 0xf75c, 
	0xf75c, 0xf75c, 0xf75c, 0xf75c, 0xf75c, 0xf75c, 0xf75c, 0xf75c, 0xf75c, 0xf75c, 0xf75c, 0xf75c, 0xf75c, 0xf75c, 0xf75c, 0xf75c, 
	0xf75c, 0xf75c, 0xf75c, 0xf75c, 0xf75c, 0xf75c, 0xf75c, 0xf75c, 0xf77c, 0xf77c, 0xf77c, 0xf77c, 0xf77c, 0xf77c, 0xf77c, 0xf77c, 
	0xff7c, 0xff7c, 0xff7c, 0xff7c, 0xff7c, 0xff7c, 0xff7c, 0xff7c, 0xff7c, 0xff7c, 0xff7c, 0xff7c, 0xff7c, 0xff7c, 0xff7c, 0xff7c, 
	0xff7c, 0xff7c, 0xff7c, 0xff7c, 0xff7c, 0xff7c, 0xff7c, 0xff7c, 0xff7c, 0xff7c, 0xff7c, 0xff7c, 0xff7c, 0xff7c, 0xff7c, 0xff7c, 
	0xff7c, 0xff7c, 0xff7c, 0xff7c, 0xff7c, 0xff7c, 0xff7c, 0xff7c, 0xff9c, 0xff9c, 0xff9c, 0xff9c, 0xff9c, 0xff9c, 0xff9c, 0xff9c, 
	0xff9c, 0xff9c, 0xff9c, 0xff9c, 0xff9c, 0xff9c, 0xff9c, 0xff9c, 0xff9c, 0xff9c, 0xff9c, 0xff9c, 0xff9c, 0xff9c, 0xff9c, 0xff9c, 
	0xff9c, 0xff9c, 0xff9c, 0xff9c, 0xff9c, 0xff9c, 0xff9c, 0xff9c, 0xff9c, 0xff9c, 0xff9c, 0xff9c, 0xff9c, 0xff9c, 0xff9c, 0xff9c, 
	0xff9c, 0xff9c, 0xff9c, 0xff9c, 0xff9c, 0xff9c, 0xff9c, 0xff9b, 0xff9c, 0xff9b, 0xff9b, 0xff9b, 0xff9b, 0xff9b, 0xff9b, 0xff9b, 
	0x9d79, 0x9d79, 0x9d79, 0x9d79, 0x9d79, 0x9d79, 0x9d79, 0x9d79, 0x9d79, 0x9d79, 0x9d79, 0x9d79, 0x9d79, 0x9d79, 0x9d79, 0x9d79, 
	0xa579, 0xa579, 0xa579, 0xa579, 0xa579, 0xa579, 0xa578, 0xa578, 0xa578, 0xa578, 0xa578, 0xa578, 0xa578, 0xa578, 0xa578, 0xa578, 
	0xa578, 0xa578, 0xa578, 0xa578, 0xa578, 0xa578, 0xa578, 0xa578, 0xad78, 0xad78, 0xad78, 0xad78, 0xad78, 0xad97, 0xad97, 0xad97, 
	0xad77, 0xad77, 0xad77, 0xad77, 0xad77, 0xad97, 0xb597, 0xb597, 0xb577, 0xb577, 0xb577, 0xb577, 0xb597, 0xb597, 0xb597, 0xb597, 
	0xb597, 0xb597, 0xb597, 0xb597, 0xb597, 0xb597, 0xb597, 0xb597, 0xb597, 0xb597, 0xb597, 0xbd97, 0xbd97, 0xbd97, 0xbd97, 0xbd97, 
	0xbdb7, 0xbdb7, 0xbdb7, 0xbdb7, 0xbdb7, 0xbdb7, 0xbdb7, 0xbdb7, 0xbdb7, 0xbdb7, 0xbdb7, 0xbdb7, 0xbdd7, 0xbdd7, 0xbdd7, 0xbdd8, 
	0xbdd8, 0xbdd8, 0xc5d8, 0xc5d8, 0xc5d8, 0xc5f8, 0xc5f8, 0xc5f8, 0xc5f8, 0xc5f8, 0xc5f8, 0xc5f8, 0xc618, 0xc618, 0xc618, 0xc618, 
	0xc619, 0xce19, 0xce19, 0xce39, 0xce39, 0xce39, 0xce39, 0xce39, 0xce59, 0xce59, 0xce59, 0xce59, 0xd659, 0xd679, 0xd679, 0xd67a, 
	0xd67a, 0xd67a, 0xd67a, 0xd69a, 0xd69a, 0xd69a, 0xde9a, 0xde9a, 0xdeba, 0xdeba, 0xdeba, 0xdeba, 0xdeba, 0xdeba, 0xdeda, 0xdedb, 
	0xe6db, 0xe6db, 0xe6db, 0xe6db, 0xe6fb, 0xe6fb, 0xe6fb, 0xe6fb, 0xe6fb, 0xe6fb, 0xeefb, 0xef1b, 0xef1b, 0xef1b, 0xef1b, 0xef1b, 
	0xef1b, 0xef1b, 0xef1b, 0xef3b, 0xef3b, 0xef3b, 0xef3b, 0xef3b, 0xf73b, 0xf73b, 0xf73c, 0xf73c, 0xf73c, 0xf73c, 0xf75c, 0xf75c, 
	0xf75c, 0xf75c, 0xf75c, 0xf75c, 0xf75c, 0xf75c, 0xf75c, 0xf75c, 0xf75c, 0xf75c, 0xf75c, 0xf75c, 0xf75c, 0xf75c, 0xf75c, 0xf75c, 
	0xf75c, 0xf75c, 0xf75c, 0xf75c, 0xf75c, 0xf75c, 0xf75c, 0xf75c, 0xf75c, 0xf75c, 0xf75c, 0xf75c, 0xf75c, 0xf75c, 0xf75c, 0xf75c, 
	0xf75c, 0xf75c, 0xf75c, 0xf75c, 0xf75c, 0xf75c, 0xf75c, 0xf75c, 0xf77c, 0xf77c, 0xf77c, 0xf77c, 0xf77c, 0xf77c, 0xf77c, 0xff7c, 
	0xff7c, 0xff7c, 0xff7c, 0xff7c, 0xff7c, 0xff7c, 0xff7c, 0xff7c, 0xff7c, 0xff7c, 0xff7c, 0xff7c, 0xff7c, 0xff7c, 0xff7c, 0xff7c, 
	0xff7c, 0xff7c, 0xff7c, 0xff7c, 0xff7c, 0xff7c, 0xff7c, 0xff7c, 0xff7c, 0xff7c, 0xff7c, 0xff7c, 0xff7c, 0xff7c, 0xff7c, 0xff7c, 
	0xff7c, 0xff7c, 0xff7c, 0xff7c, 0xff7c, 0xff7c, 0xff7c, 0xff7c, 0xff9c, 0xff9c, 0xff9c, 0xff9c, 0xff9c, 0xff9c, 0xff9c, 0xff9c, 
	0xff9c, 0xff9c, 0xff9c, 0xff9c, 0xff9c, 0xff9c, 0xff9c, 0xff9c, 0xff9c, 0xff9c, 0xff9c, 0xff9c, 0xff9c, 0xff9c, 0xff9c, 0xff9c, 
	0xff9c, 0xff9c, 0xff9c, 0xff9c, 0xff9c, 0xff9c, 0xff9c, 0xff9c, 0xff9c, 0xff9c, 0xff9c, 0xff9c, 0xff9c, 0xff9c, 0xff9c, 0xff9c, 
	0xff9c, 0xff9c, 0xff9c, 0xff9c, 0xff9c, 0xff9c, 0xff9c, 0xff9b, 0xff9c, 0xff9b, 0xff9b, 0xff9b, 0xff9b, 0xff9b, 0xff9b, 0xff9b, 
	0x9d79, 0x9d79, 0x9d79, 0x9d79, 0x9d79, 0x9d79, 0x9d79, 0x9d79, 0x9d79, 0x9d79, 0x9d79, 0x9d79, 0x9d79, 0x9d79, 0x9d79, 0xa579, 
	0xa579, 0xa579, 0xa579, 0xa579, 0xa579, 0xa579, 0xa578, 0xa578, 0xa578, 0xa578, 0xa578, 0xa578, 0xa578, 0xa578, 0xa578, 0xa578, 
	0xa578, 0xa578, 0xa578, 0xa578, 0xa578, 0xad78, 0xa578, 0xad78, 0xad78, 0xad78, 0xad77, 0xad77, 0xad97, 0xad97, 0xad97, 0xad97, 
	0xad77, 0xad77, 0xad77, 0xad97, 0xad97, 0xb597, 0xb597, 0xb597, 0xb577, 0xb577, 0xb597, 0xb597, 0xb597, 0xb597, 0xb597, 0xb597, 
	0xb597, 0xb597, 0xb597, 0xb597, 0xb597, 0xb597, 0xb597, 0xb597, 0xb597, 0xbd97, 0xbd97, 0xbd97, 0xbd97, 0xbd97, 0xbd97, 0xbdb7, 
	0xbdb7, 0xbdb7, 0xbdb7, 0xbdb7, 0xbdb7, 0xbdb7, 0xbdb7, 0xbdb7, 0xbdb7, 0xbdb7, 0xbdb7, 0xbdb7, 0xbdd7, 0xbdd7, 0xbdd7, 0xbdd8, 
	0xc5d8, 0xc5d8, 0xc5d8, 0xc5d8, 0xc5d8, 0xc5f8, 0xc5f8, 0xc5f8, 0xc5f8, 0xc5f8, 0xc5f8, 0xc5f8, 0xc618, 0xc618, 0xc618, 0xc618, 
	0xce19, 0xce19, 0xce39, 0xce39, 0xce39, 0xce39, 0xce39, 0xce39, 0xce59, 0xce59, 0xce59, 0xce59, 0xd659, 0xd679, 0xd679, 0xd679, 
	0xd67a, 0xd67a, 0xd67a, 0xd69a, 0xd69a, 0xde9a, 0xde9a, 0xde9a, 0xdeba, 0xdeba, 0xdeba, 0xdeba, 0xdeba, 0xdeba, 0xdeda, 0xe6da, 
	0xe6db, 0xe6db, 0xe6db, 0xe6db, 0xe6fb, 0xe6fb, 0xe6fb, 0xe6fb, 0xe6fb, 0xe6fb, 0xeefb, 0xef1b, 0xef1b, 0xef1b, 0xef1b, 0xef1b, 
	0xef1b, 0xef1b, 0xef1b, 0xef3b, 0xef3b, 0xef3b, 0xef3b, 0xef3b, 0xf73b, 0xf73b, 0xf73b, 0xf73c, 0xf73c, 0xf73c, 0xf75c, 0xf75c, 
	0xf75c, 0xf75c, 0xf75c, 0xf75c, 0xf75c, 0xf75c, 0xf75c, 0xf75c, 0xf75c, 0xf75c, 0xf75c, 0xf75c, 0xf75c, 0xf75c, 0xf75c, 0xf75c, 
	0xf75c, 0xf75c, 0xf75c, 0xf75c, 0xf75c, 0xf75c, 0xf75c, 0xf75c, 0xf75c, 0xf75c, 0xf75c, 0xf75c, 0xf75c, 0xf75c, 0xf75c, 0xf75c, 
	0xf75c, 0xf75c, 0xf75c, 0xf75c, 0xf75c, 0xf75c, 0xf75c, 0xf75c, 0xf77c, 0xf77c, 0xf77c, 0xf77c, 0xf77c, 0xf77c, 0xf77c, 0xff7c, 
	0xff7c, 0xff7c, 0xff7c, 0xff7c, 0xff7c, 0xff7c, 0xff7c, 0xff7c, 0xff7c, 0xff7c, 0xff7c, 0xff7c, 0xff7c, 0xff7c, 0xff7c, 0xff7c, 
	0xff7c, 0xff7c, 0xff7c, 0xff7c, 0xff7c, 0xff7c, 0xff7c, 0xff7c, 0xff7c, 0xff7c, 0xff7c, 0xff7c, 0xff7c, 0xff7c, 0xff7c, 0xff7c, 
	0xff7c, 0xff7c, 0xff7c, 0xff7c, 0xff7c, 0xff7c, 0xff7c, 0xff7c, 0xff9c, 0xff9c, 0xff9c, 0xff9c, 0xff9c, 0xff9c, 0xff9c, 0xff9c, 
	0xff9c, 0xff9c, 0xff9c, 0xff9c, 0xff9c, 0xff9c, 0xff9c, 0xff9c, 0xff9c, 0xff9c, 0xff9c, 0xff9c, 0xff9c, 0xff9c, 0xff9c, 0xff9c, 
	0xff9c, 0xff9c, 0xff9c, 0xff9c, 0xff9c, 0xff9c, 0xff9c, 0xff9c, 0xff9c, 0xff9c, 0xff9c, 0xff9c, 0xff9c, 0xff9c, 0xff9c, 0xff9c, 
	0xff9c, 0xff9c, 0xff9c, 0xff9c, 0xff9c, 0xff9c, 0xff9c, 0xff9b, 0xff9c, 0xff9b, 0xff9b, 0xff9b, 0xff9b, 0xff9b, 0xff9b, 0xff9b, 
	0x9d79, 0x9d79, 0x9d79, 0x9d79, 0x9d79, 0x9d79, 0x9d79, 0x9d79, 0x9d79, 0x9d79, 0x9d79, 0xa579, 0xa579, 0xa579, 0xa579, 0xa579, 
	0xa579, 0xa579, 0xa579, 0xa579, 0xa579, 0xa579, 0xa578, 0xa578, 0xa578, 0xa578, 0xa578, 0xa578, 0xa578, 0xa578, 0xa578, 0xa578, 
	0xa578, 0xa578, 0xa578, 0xa578, 0xad78, 0xad78, 0xad78, 0xad78, 0xad78, 0xad78, 0xad77, 0xad97, 0xad97, 0xad97, 0xad97, 0xad97, 
	0xad77, 0xad77, 0xad97, 0xad97, 0xb597, 0xb597, 0xb597, 0xb597, 0xb577, 0xb597, 0xb597, 0xb597, 0xb597, 0xb597, 0xb597, 0xb597, 
	0xb597, 0xb597, 0xb597, 0xb597, 0xb597, 0xb597, 0xb597, 0xbd97, 0xbd97, 0xbd97, 0xbd97, 0xbd97, 0xbd97, 0xbd97, 0xbdb7, 0xbdb7, 
	0xbdb7, 0xbdb7, 0xbdb7, 0xbdb7, 0xbdb7, 0xbdb7, 0xbdb7, 0xbdb7, 0xbdb7, 0xbdb7, 0xbdb7, 0xbdd7, 0xbdd7, 0xbdd7, 0xc5d7, 0xc5d8, 
	0xc5d8, 0xc5d8, 0xc5d8, 0xc5d8, 0xc5d8, 0xc5f8, 0xc5f8, 0xc5f8, 0xc5f8, 0xc5f8, 0xc5f8, 0xc5f8, 0xc618, 0xc618, 0xce18, 0xce18, 
	0xce18, 0xce19, 0xce39, 0xce39, 0xce39, 0xce39, 0xce39, 0xce39, 0xce59, 0xce59, 0xce59, 0xd659, 0xd659, 0xd679, 0xd679, 0xd679, 
	0xd67a, 0xd67a, 0xd69a, 0xd69a, 0xd69a, 0xde9a, 0xde9a, 0xde9a, 0xdeba, 0xdeba, 0xdeba, 0xdeba, 0xdeba, 0xdeba, 0xdeda, 0xe6da, 
	0xe6db, 0xe6db, 0xe6db, 0xe6db, 0xe6fb, 0xe6fb, 0xe6fb, 0xe6fb, 0xe6fb, 0xe6fb, 0xeefb, 0xef1b, 0xef1b, 0xef1b, 0xef1b, 0xef1b, 
	0xef1b, 0xef1b, 0xef1b, 0xef3b, 0xef3b, 0xef3b, 0xef3b, 0xef3b, 0xf73b, 0xf73b, 0xf73b, 0xf73b, 0xf73c, 0xf73c, 0xf75c, 0xf75c, 
	0xf75c, 0xf75c, 0xf75c, 0xf75c, 0xf75c, 0xf75c, 0xf75c, 0xf75c, 0xf75c, 0xf75c, 0xf75c, 0xf75c, 0xf75c, 0xf75c, 0xf75c, 0xf75c, 
	0xf75c, 0xf75c, 0xf75c, 0xf75c, 0xf75c, 0xf75c, 0xf75c, 0xf75c, 0xf75c, 0xf75c, 0xf75c, 0xf75c, 0xf75c, 0xf75c, 0xf75c, 0xf75c, 
	0xf75c, 0xf75c, 0xf75c, 0xf75c, 0xf75c, 0xf75c, 0xf75c, 0xf75c, 0xf77c, 0xf77c, 0xf77c, 0xf77c, 0xf77c, 0xf77c, 0xff7c, 0xff7c, 
	0xff7c, 0xff7c, 0xff7c, 0xff7c, 0xff7c, 0xff7c, 0xff7c, 0xff7c, 0xff7c, 0xff7c, 0xff7c, 0xff7c, 0xff7c, 0xff7c, 0xff7c, 0xff7c, 
	0xff7c, 0xff7c, 0xff7c, 0xff7c, 0xff7c, 0xff7c, 0xff7c, 0xff7c, 0xff7c, 0xff7c, 0xff7c, 0xff7c, 0xff7c, 0xff7c, 0xff7c, 0xff7c, 
	0xff7c, 0xff7c, 0xff7c, 0xff7c, 0xff7c, 0xff7c, 0xff7c, 0xff7c, 0xff9c, 0xff9c, 0xff9c, 0xff9c, 0xff9c, 0xff9c, 0xff9c, 0xff9c, 
	0xff9c, 0xff9c, 0xff9c, 0xff9c, 0xff9c, 0xff9c, 0xff9c, 0xff9c, 0xff9c, 0xff9c, 0xff9c, 0xff9c, 0xff9c, 0xff9c, 0xff9c, 0xff9c, 
	0xff9c, 0xff9c, 0xff9c, 0xff9c, 0xff9c, 0xff9c, 0xff9c, 0xff9c, 0xff9c, 0xff9c, 0xff9c, 0xff9c, 0xff9c, 0xff9c, 0xff9c, 0xff9c, 
	0xff9c, 0xff9c, 0xff9c, 0xff9c, 0xff9c, 0xff9c, 0xff9c, 0xff9b, 0xff9c, 0xff9b, 0xff9b, 0xff9b, 0xff9b, 0xff9b, 0xff9b, 0xff9b, 
	0x9d79, 0x9d79, 0x9d79, 0x9d79, 0x9d79, 0x9d79, 0x9d79, 0x9d79, 0x9d79, 0x9d79, 0x9d79, 0xa579, 0xa579, 0xa579, 0xa579, 0xa579, 
	0xa579, 0xa579, 0xa579, 0xa579, 0xa578, 0xa579, 0xa578, 0xa578, 0xa578, 0xa578, 0xa578, 0xa578, 0xa578, 0xa578, 0xa578, 0xa578, 
	0xa578, 0xa578, 0xa578, 0xa578, 0xad78, 0xad78, 0xad78, 0xad78, 0xad78, 0xad78, 0xad77, 0xad97, 0xad97, 0xad97, 0xad97, 0xad97, 
	0xad77, 0xad97, 0xad97, 0xb597, 0xb597, 0xb597, 0xb597, 0xb597, 0xb597, 0xb597, 0xb597, 0xb597, 0xb597, 0xb597, 0xb597, 0xb597, 
	0xb597, 0xb597, 0xb597, 0xb597, 0xb597, 0xbd97, 0xbd97, 0xbd97, 0xbd97, 0xbd97, 0xbd97, 0xbd97, 0xbd97, 0xbdb7, 0xbdb7, 0xbdb7, 
	0xbdb7, 0xbdb7, 0xbdb7, 0xbdb7, 0xbdb7, 0xbdb7, 0xbdb7, 0xbdb7, 0xbdb7, 0xbdb7, 0xbdb7, 0xbdd7, 0xbdd7, 0xc5d7, 0xc5d7, 0xc5d7, 
	0xc5d8, 0xc5d8, 0xc5d8, 0xc5d8, 0xc5f8, 0xc5f8, 0xc5f8, 0xc5f8, 0xc5f8, 0xc5f8, 0xc5f8, 0xc618, 0xc618, 0xc618, 0xce18, 0xce18, 
	0xce18, 0xce19, 0xce39, 0xce39, 0xce39, 0xce39, 0xce39, 0xce59, 0xce59, 0xce59, 0xd659, 0xd659, 0xd659, 0xd679, 0xd679, 0xd679, 
	0xd67a, 0xd67a, 0xd69a, 0xd69a, 0xde9a, 0xde9a, 0xde9a, 0xde9a, 0xdeba, 0xdeba, 0xdeba, 0xdeba, 0xdeba, 0xdeba, 0xe6da, 0xe6da, 
	0xe6db, 0xe6db, 0xe6db, 0xe6fb, 0xe6fb, 0xe6fb, 0xe6fb, 0xe6fb, 0xe6fb, 0xeefb, 0xef1b, 0xef1b, 0xef1b, 0xef1b, 0xef1b, 0xef1b, 
	0xef1b, 0xef1b, 0xef1b, 0xef3b, 0xef3b, 0xef3b, 0xef3b, 0xf73b, 0xf73b, 0xf73b, 0xf73b, 0xf73b, 0xf73c, 0xf73c, 0xf75c, 0xf75c, 
	0xf75c, 0xf75c, 0xf75c, 0xf75c, 0xf75c, 0xf75c, 0xf75c, 0xf75c, 0xf75c, 0xf75c, 0xf75c, 0xf75c, 0xf75c, 0xf75c, 0xf75c, 0xf75c, 
	0xf75c, 0xf75c, 0xf75c, 0xf75c, 0xf75c, 0xf75c, 0xf75c, 0xf75c, 0xf75c, 0xf75c, 0xf75c, 0xf75c, 0xf75c, 0xf75c, 0xf75c, 0xf75c, 
	0xf75c, 0xf75c, 0xf75c, 0xf75c, 0xf75c, 0xf75c, 0xf75c, 0xf75c, 0xf77c, 0xf77c, 0xf77c, 0xf77c, 0xf77c, 0xff7c, 0xff7c, 0xff7c, 
	0xff7c, 0xff7c, 0xff7c, 0xff7c, 0xff7c, 0xff7c, 0xff7c, 0xff7c, 0xff7c, 0xff7c, 0xff7c, 0xff7c, 0xff7c, 0xff7c, 0xff7c, 0xff7c, 
	0xff7c, 0xff7c, 0xff7c, 0xff7c, 0xff7c, 0xff7c, 0xff7c, 0xff7c, 0xff7c, 0xff7c, 0xff7c, 0xff7c, 0xff7c, 0xff7c, 0xff7c, 0xff7c, 
	0xff7c, 0xff7c, 0xff7c, 0xff7c, 0xff7c, 0xff7c, 0xff7c, 0xff7c, 0xff9c, 0xff9c, 0xff9c, 0xff9c, 0xff9c, 0xff9c, 0xff9c, 0xff9c, 
	0xff9c, 0xff9c, 0xff9c, 0xff9c, 0xff9c, 0xff9c, 0xff9c, 0xff9c, 0xff9c, 0xff9c, 0xff9c, 0xff9c, 0xff9c, 0xff9c, 0xff9c, 0xff9c, 
	0xff9c, 0xff9c, 0xff9c, 0xff9c, 0xff9c, 0xff9c, 0xff9c, 0xff9c, 0xff9c, 0xff9c, 0xff9c, 0xff9c, 0xff9c, 0xff9c, 0xff9c, 0xff9c, 
	0xff9c, 0xff9c, 0xff9c, 0xff9c, 0xff9c, 0xff9c, 0xff9c, 0xff9b, 0xff9c, 0xff9b, 0xff9b, 0xff9b, 0xff9b, 0xff9b, 0xff9b, 0xff9b, 
	0x9d79, 0x9d79, 0x9d79, 0x9d79, 0x9d79, 0x9d79, 0x9d79, 0x9d79, 0x9d79, 0x9d79, 0xa579, 0xa579, 0xa579, 0xa579, 0xa579, 0xa579, 
	0xa579, 0xa579, 0xa579, 0xa579, 0xa578, 0xa578, 0xa578, 0xa578, 0xa578, 0xa578, 0xa578, 0xa578, 0xa578, 0xa578, 0xa578, 0xa578, 
	0xa578, 0xa578, 0xad78, 0xad78, 0xad78, 0xad78, 0xad78, 0xad78, 0xad78, 0xad78, 0xad97, 0xad97, 0xad97, 0xad97, 0xad97, 0xad97, 
	0xad97, 0xad97, 0xb597, 0xb597, 0xb597, 0xb597, 0xb597, 0xb597, 0xb597, 0xb597, 0xb597, 0xb597, 0xb597, 0xb597, 0xb597, 0xb597, 
	0xb597, 0xb597, 0xb597, 0xbd97, 0xbd97, 0xbd97, 0xbd97, 0xbd97, 0xbd97, 0xbd97, 0xbd97, 0xbd97, 0xbdb7, 0xbdb7, 0xbdb7, 0xbdb7, 
	0xbdb7, 0xbdb7, 0xbdb7, 0xbdb7, 0xbdb7, 0xbdb7, 0xbdb7, 0xbdb7, 0xbdb7, 0xbdb7, 0xc5d7, 0xc5d7, 0xc5d7, 0xc5d7, 0xc5d7, 0xc5d7, 
	0xc5d7, 0xc5d8, 0xc5d8, 0xc5d8, 0xc5f8, 0xc5f8, 0xc5f8, 0xc5f8, 0xc5f8, 0xc5f8, 0xc5f8, 0xc618, 0xce18, 0xce18, 0xce18, 0xce18, 
	0xce18, 0xce39, 0xce39, 0xce39, 0xce39, 0xce39, 0xce39, 0xce59, 0xce59, 0xd659, 0xd659, 0xd659, 0xd659, 0xd679, 0xd679, 0xd679, 
	0xd67a, 0xd67a, 0xd69a, 0xd69a, 0xde9a, 0xde9a, 0xde9a, 0xde9a, 0xdeba, 0xdeba, 0xdeba, 0xdeba, 0xdeba, 0xdeda, 0xe6da, 0xe6da, 
	0xe6db, 0xe6db, 0xe6db, 0xe6fb, 0xe6fb, 0xe6fb, 0xe6fb, 0xe6fb, 0xe6fb, 0xeefb, 0xef1b, 0xef1b, 0xef1b, 0xef1b, 0xef1b, 0xef1b, 
	0xef1b, 0xef1b, 0xef1b, 0xef3b, 0xef3b, 0xef3b, 0xef3b, 0xf73b, 0xf73b, 0xf73b, 0xf73b, 0xf73b, 0xf73b, 0xf73c, 0xf75c, 0xf75c, 
	0xf75c, 0xf75c, 0xf75c, 0xf75c, 0xf75c, 0xf75c, 0xf75c, 0xf75c, 0xf75c, 0xf75c, 0xf75c, 0xf75c, 0xf75c, 0xf75c, 0xf75c, 0xf75c, 
	0xf75c, 0xf75c, 0xf75c, 0xf75c, 0xf75c, 0xf75c, 0xf75c, 0xf75c, 0xf75c, 0xf75c, 0xf75c, 0xf75c, 0xf75c, 0xf75c, 0xf75c, 0xf75c, 
	0xf75c, 0xf75c, 0xf75c, 0xf75c, 0xf75c, 0xf75c, 0xf75c, 0xf75c, 0xf77c, 0xf77c, 0xf77c, 0xf77c, 0xff7c, 0xff7c, 0xff7c, 0xff7c, 
	0xff7c, 0xff7c, 0xff7c, 0xff7c, 0xff7c, 0xff7c, 0xff7c, 0xff7c, 0xff7c, 0xff7c, 0xff7c, 0xff7c, 0xff7c, 0xff7c, 0xff7c, 0xff7c, 
	0xff7c, 0xff7c, 0xff7c, 0xff7c, 0xff7c, 0xff7c, 0xff7c, 0xff7c, 0xff7c, 0xff7c, 0xff7c, 0xff7c, 0xff7c, 0xff7c, 0xff7c, 0xff7c, 
	0xff7c, 0xff7c, 0xff7c, 0xff7c, 0xff7c, 0xff7c, 0xff7c, 0xff7c, 0xff9c, 0xff9c, 0xff9c, 0xff9c, 0xff9c, 0xff9c, 0xff9c, 0xff9c, 
	0xff9c, 0xff9c, 0xff9c, 0xff9c, 0xff9c, 0xff9c, 0xff9c, 0xff9c, 0xff9c, 0xff9c, 0xff9c, 0xff9c, 0xff9c, 0xff9c, 0xff9c, 0xff9c, 
	0xff9c, 0xff9c, 0xff9c, 0xff9c, 0xff9c, 0xff9c, 0xff9c, 0xff9c, 0xff9c, 0xff9c, 0xff9c, 0xff9c, 0xff9c, 0xff9c, 0xff9c, 0xff9c, 
	0xff9c, 0xff9c, 0xff9c, 0xff9c, 0xff9c, 0xff9c, 0xff9c, 0xff9b, 0xff9c, 0xff9b, 0xff9b, 0xff9b, 0xff9b, 0xff9b, 0xff9b, 0xff9b, 
	0x9d79, 0x9d79, 0x9d79, 0x9d79, 0x9d79, 0x9d79, 0x9d79, 0x9d79, 0x9d79, 0xa579, 0xa579, 0xa579, 0xa579, 0xa579, 0xa579, 0xa579, 
	0xa579, 0xa579, 0xa579, 0xa578, 0xa578, 0xa578, 0xa578, 0xa578, 0xa578, 0xa578, 0xa578, 0xa578, 0xa578, 0xa578, 0xa578, 0xa578, 
	0xa578, 0xa578, 0xad78, 0xad78, 0xad78, 0xad78, 0xad78, 0xad78, 0xad78, 0xad78, 0xad97, 0xad97, 0xad97, 0xad97, 0xad97, 0xb597, 
	0xad97, 0xb597, 0xb597, 0xb597, 0xb597, 0xb597, 0xb597, 0xb597, 0xb597, 0xb597, 0xb597, 0xb597, 0xb597, 0xb597, 0xb597, 0xb597, 
	0xb597, 0xb597, 0xbd97, 0xbd97, 0xbd97, 0xbd97, 0xbd97, 0xbd97, 0xbd97, 0xbd97, 0xbdb7, 0xbdb7, 0xbdb7, 0xbdb7, 0xbdb7, 0xbdb7, 
	0xbdb7, 0xbdb7, 0xbdb7, 0xbdb7, 0xbdb7, 0xbdb7, 0xbdb7, 0xbdb7, 0xc5b7, 0xc5b7, 0xc5d7, 0xc5d7, 0xc5d7, 0xc5d7, 0xc5d7, 0xc5d7, 
	0xc5d7, 0xc5d8, 0xc5d8, 0xc5f8, 0xc5f8, 0xc5f8, 0xc5f8, 0xc5f8, 0xc5f8, 0xc5f8, 0xc5f8, 0xce18, 0xce18, 0xce18, 0xce18, 0xce18, 
	0xce18, 0xce38, 0xce39, 0xce39, 0xce39, 0xce39, 0xce39, 0xce59, 0xce59, 0xd659, 0xd659, 0xd659, 0xd679, 0xd679, 0xd679, 0xd679, 
	0xd67a, 0xd67a, 0xd69a, 0xde9a, 0xde9a, 0xde9a, 0xde9a, 0xdeba, 0xdeba, 0xdeba, 0xdeba, 0xdeba, 0xdeba, 0xe6da, 0xe6da, 0xe6da, 
	0xe6db, 0xe6db, 0xe6db, 0xe6fb, 0xe6fb, 0xe6fb, 0xe6fb, 0xe6fb, 0xeefb, 0xeefb, 0xef1b, 0xef1b, 0xef1b, 0xef1b, 0xef1b, 0xef1b, 
	0xef1b, 0xef1b, 0xef1b, 0xef3b, 0xef3b, 0xef3b, 0xef3b, 0xf73b, 0xf73b, 0xf73b, 0xf73b, 0xf73b, 0xf73b, 0xf73c, 0xf75c, 0xf75c, 
	0xf75c, 0xf75c, 0xf75c, 0xf75c, 0xf75c, 0xf75c, 0xf75c, 0xf75c, 0xf75c, 0xf75c, 0xf75c, 0xf75c, 0xf75c, 0xf75c, 0xf75c, 0xf75c, 
	0xf75c, 0xf75c, 0xf75c, 0xf75c, 0xf75c, 0xf75c, 0xf75c, 0xf75c, 0xf75c, 0xf75c, 0xf75c, 0xf75c, 0xf75c, 0xf75c, 0xf75c, 0xf75c, 
	0xf75c, 0xf75c, 0xf75c, 0xf75c, 0xf75c, 0xf75c, 0xf75c, 0xf75c, 0xf77c, 0xf77c, 0xf77c, 0xff7c, 0xff7c, 0xff7c, 0xff7c, 0xff7c, 
	0xff7c, 0xff7c, 0xff7c, 0xff7c, 0xff7c, 0xff7c, 0xff7c, 0xff7c, 0xff7c, 0xff7c, 0xff7c, 0xff7c, 0xff7c, 0xff7c, 0xff7c, 0xff7c, 
	0xff7c, 0xff7c, 0xff7c, 0xff7c, 0xff7c, 0xff7c, 0xff7c, 0xff7c, 0xff7c, 0xff7c, 0xff7c, 0xff7c, 0xff7c, 0xff7c, 0xff7c, 0xff7c, 
	0xff7c, 0xff7c, 0xff7c, 0xff7c, 0xff7c, 0xff7c, 0xff7c, 0xff7c, 0xff9c, 0xff9c, 0xff9c, 0xff9c, 0xff9c, 0xff9c, 0xff9c, 0xff9c, 
	0xff9c, 0xff9c, 0xff9c, 0xff9c, 0xff9c, 0xff9c, 0xff9c, 0xff9c, 0xff9c, 0xff9c, 0xff9c, 0xff9c, 0xff9c, 0xff9c, 0xff9c, 0xff9c, 
	0xff9c, 0xff9c, 0xff9c, 0xff9c, 0xff9c, 0xff9c, 0xff9c, 0xff9c, 0xff9c, 0xff9c, 0xff9c, 0xff9c, 0xff9c, 0xff9c, 0xff9c, 0xff9c, 
	0xff9c, 0xff9c, 0xff9c, 0xff9c, 0xff9c, 0xff9c, 0xff9c, 0xff9b, 0xff9c, 0xff9b, 0xff9b, 0xff9b, 0xff9b, 0xff9b, 0xff9b, 0xff9b, 
	0x9d79, 0x9d79, 0x9d79, 0x9d79, 0x9d79, 0x9d79, 0x9d79, 0x9d79, 0x9d79, 0xa579, 0xa579, 0xa579, 0xa579, 0xa579, 0xa579, 0xa579, 
	0xa579, 0xa579, 0xa579, 0xa578, 0xa578, 0xa578, 0xa578, 0xa578, 0xa578, 0xa578, 0xa578, 0xa578, 0xa578, 0xa578, 0xa578, 0xa578, 
	0xad78, 0xad78, 0xad78, 0xad78, 0xad78, 0xad78, 0xad78, 0xad78, 0xad78, 0xad78, 0xad97, 0xad97, 0xad97, 0xad97, 0xb597, 0xb597, 
	0xb597, 0xb597, 0xb597, 0xb597, 0xb597, 0xb597, 0xb597, 0xb597, 0xb597, 0xb597, 0xb597, 0xb597, 0xb597, 0xb597, 0xb597, 0xb597, 
	0xbd97, 0xbd97, 0xbd97, 0xbd97, 0xbd97, 0xbd97, 0xbd97, 0xbd97, 0xbd97, 0xbdb7, 0xbdb7, 0xbdb7, 0xbdb7, 0xbdb7, 0xbdb7, 0xbdb7, 
	0xbdb7, 0xbdb7, 0xbdb7, 0xbdb7, 0xbdb7, 0xc5b7, 0xc5b7, 0xc5b7, 0xc5b7, 0xc5d7, 0xc5d7, 0xc5d7, 0xc5d7, 0xc5d7, 0xc5d7, 0xc5d7, 
	0xc5d7, 0xc5d8, 0xc5d8, 0xc5f8, 0xc5f8, 0xc5f8, 0xc5f8, 0xc5f8, 0xc5f8, 0xc5f8, 0xce18, 0xce18, 0xce18, 0xce18, 0xce18, 0xce18, 
	0xce18, 0xce38, 0xce39, 0xce39, 0xce39, 0xce39, 0xce39, 0xce59, 0xd659, 0xd659, 0xd659, 0xd659, 0xd679, 0xd679, 0xd679, 0xd679, 
	0xd679, 0xd69a, 0xd69a, 0xde9a, 0xde9a, 0xde9a, 0xde9a, 0xdeba, 0xdeba, 0xdeba, 0xdeba, 0xdeba, 0xdeba, 0xe6da, 0xe6da, 0xe6da, 
	0xe6da, 0xe6db, 0xe6db, 0xe6fb, 0xe6fb, 0xe6fb, 0xe6fb, 0xe6fb, 0xeefb, 0xeefb, 0xef1b, 0xef1b, 0xef1b, 0xef1b, 0xef1b, 0xef1b, 
	0xef1b, 0xef1b, 0xef1b, 0xef3b, 0xef3b, 0xef3b, 0xf73b, 0xf73b, 0xf73b, 0xf73b, 0xf73b, 0xf73b, 0xf73b, 0xf73b, 0xf75c, 0xf75c, 
	0xf75c, 0xf75c, 0xf75c, 0xf75c, 0xf75c, 0xf75c, 0xf75c, 0xf75c, 0xf75c, 0xf75c, 0xf75c, 0xf75c, 0xf75c, 0xf75c, 0xf75c, 0xf75c, 
	0xf75c, 0xf75c, 0xf75c, 0xf75c, 0xf75c, 0xf75c, 0xf75c, 0xf75c, 0xf75c, 0xf75c, 0xf75c, 0xf75c, 0xf75c, 0xf75c, 0xf75c, 0xf75c, 
	0xf75c, 0xf75c, 0xf75c, 0xf75c, 0xf75c, 0xf75c, 0xf75c, 0xf75c, 0xf77c, 0xf77c, 0xff7c, 0xff7c, 0xff7c, 0xff7c, 0xff7c, 0xff7c, 
	0xff7c, 0xff7c, 0xff7c, 0xff7c, 0xff7c, 0xff7c, 0xff7c, 0xff7c, 0xff7c, 0xff7c, 0xff7c, 0xff7c, 0xff7c, 0xff7c, 0xff7c, 0xff7c, 
	0xff7c, 0xff7c, 0xff7c, 0xff7c, 0xff7c, 0xff7c, 0xff7c, 0xff7c, 0xff7c, 0xff7c, 0xff7c, 0xff7c, 0xff7c, 0xff7c, 0xff7c, 0xff7c, 
	0xff7c, 0xff7c, 0xff7c, 0xff7c, 0xff7c, 0xff7c, 0xff7c, 0xff7c, 0xff9c, 0xff9c, 0xff9c, 0xff9c, 0xff9c, 0xff9c, 0xff9c, 0xff9c, 
	0xff9c, 0xff9c, 0xff9c, 0xff9c, 0xff9c, 0xff9c, 0xff9c, 0xff9c, 0xff9c, 0xff9c, 0xff9c, 0xff9c, 0xff9c, 0xff9c, 0xff9c, 0xff9c, 
	0xff9c, 0xff9c, 0xff9c, 0xff9c, 0xff9c, 0xff9c, 0xff9c, 0xff9c, 0xff9c, 0xff9c, 0xff9c, 0xff9c, 0xff9c, 0xff9c, 0xff9c, 0xff9c, 
	0xff9c, 0xff9c, 0xff9c, 0xff9c, 0xff9c, 0xff9c, 0xff9c, 0xff9b, 0xff9c, 0xff9b, 0xff9b, 0xff9b, 0xff9b, 0xff9b, 0xff9b, 0xff9b, 
	0x9d79, 0x9d79, 0x9d79, 0x9d79, 0x9d79, 0x9d79, 0x9d79, 0x9d79, 0xa579, 0xa579, 0xa579, 0xa579, 0xa579, 0xa579, 0xa579, 0xa579, 
	0xa579, 0xa579, 0xa578, 0xa578, 0xa578, 0xa578, 0xa578, 0xa578, 0xa578, 0xa578, 0xa578, 0xa578, 0xa578, 0xa578, 0xa578, 0xa578, 
	0xad78, 0xad78, 0xad78, 0xad78, 0xad78, 0xad78, 0xad78, 0xad78, 0xad78, 0xad98, 0xad97, 0xad97, 0xad97, 0xad97, 0xb597, 0xb597, 
	0xb597, 0xb597, 0xb597, 0xb597, 0xb597, 0xb597, 0xb597, 0xb597, 0xb597, 0xb597, 0xb597, 0xb597, 0xb597, 0xb597, 0xb597, 0xbd97, 
	0xbd97, 0xbd97, 0xbd97, 0xbd97, 0xbd97, 0xbd97, 0xbd97, 0xbd97, 0xbdb7, 0xbdb7, 0xbdb7, 0xbdb7, 0xbdb7, 0xbdb7, 0xbdb7, 0xbdb7, 
	0xbdb7, 0xbdb7, 0xbdb7, 0xc5b7, 0xc5b7, 0xc5b7, 0xc5b7, 0xc5b7, 0xc5d7, 0xc5d7, 0xc5d7, 0xc5d7, 0xc5d7, 0xc5d7, 0xc5d7, 0xc5d7, 
	0xc5d7, 0xc5d7, 0xc5f8, 0xc5f8, 0xc5f8, 0xc5f8, 0xc5f8, 0xc5f8, 0xcdf8, 0xcdf8, 0xce18, 0xce18, 0xce18, 0xce18, 0xce18, 0xce18, 
	0xce18, 0xce38, 0xce39, 0xce39, 0xce39, 0xce39, 0xce39, 0xd659, 0xd659, 0xd659, 0xd659, 0xd659, 0xd679, 0xd679, 0xd679, 0xd679, 
	0xd679, 0xd69a, 0xde9a, 0xde9a, 0xde9a, 0xde9a, 0xde9a, 0xdeba, 0xdeba, 0xdeba, 0xdeba, 0xdeba, 0xdeba, 0xe6da, 0xe6da, 0xe6da, 
	0xe6da, 0xe6db, 0xe6db, 0xe6fb, 0xe6fb, 0xe6fb, 0xe6fb, 0xe6fb, 0xeefb, 0xeefb, 0xef1b, 0xef1b, 0xef1b, 0xef1b, 0xef1b, 0xef1b, 
	0xef1b, 0xef1b, 0xef1b, 0xef3b, 0xef3b, 0xef3b, 0xf73b, 0xf73b, 0xf73b, 0xf73b, 0xf73b, 0xf73b, 0xf73b, 0xf73b, 0xf75b, 0xf75c, 
	0xf75c, 0xf75c, 0xf75c, 0xf75c, 0xf75c, 0xf75c, 0xf75c, 0xf75c, 0xf75c, 0xf75c, 0xf75c, 0xf75c, 0xf75c, 0xf75c, 0xf75c, 0xf75c, 
	0xf75c, 0xf75c, 0xf75c, 0xf75c, 0xf75c, 0xf75c, 0xf75c, 0xf75c, 0xf75c, 0xf75c, 0xf75c, 0xf75c, 0xf75c, 0xf75c, 0xf75c, 0xf75c, 
	0xf75c, 0xf75c, 0xf75c, 0xf75c, 0xf75c, 0xf75c, 0xf75c, 0xf75c, 0xf77c, 0xff7c, 0xff7c, 0xff7c, 0xff7c, 0xff7c, 0xff7c, 0xff7c, 
	0xff7c, 0xff7c, 0xff7c, 0xff7c, 0xff7c, 0xff7c, 0xff7c, 0xff7c, 0xff7c, 0xff7c, 0xff7c, 0xff7c, 0xff7c, 0xff7c, 0xff7c, 0xff7c, 
	0xff7c, 0xff7c, 0xff7c, 0xff7c, 0xff7c, 0xff7c, 0xff7c, 0xff7c, 0xff7c, 0xff7c, 0xff7c, 0xff7c, 0xff7c, 0xff7c, 0xff7c, 0xff7c, 
	0xff7c, 0xff7c, 0xff7c, 0xff7c, 0xff7c, 0xff7c, 0xff7c, 0xff7c, 0xff9c, 0xff9c, 0xff9c, 0xff9c, 0xff9c, 0xff9c, 0xff9c, 0xff9c, 
	0xff9c, 0xff9c, 0xff9c, 0xff9c, 0xff9c, 0xff9c, 0xff9c, 0xff9c, 0xff9c, 0xff9c, 0xff9c, 0xff9c, 0xff9c, 0xff9c, 0xff9c, 0xff9c, 
	0xff9c, 0xff9c, 0xff9c, 0xff9c, 0xff9c, 0xff9c, 0xff9c, 0xff9c, 0xff9c, 0xff9c, 0xff9c, 0xff9c, 0xff9c, 0xff9c, 0xff9c, 0xff9c, 
	0xff9c, 0xff9c, 0xff9c, 0xff9c, 0xff9c, 0xff9c, 0xff9c, 0xff9b, 0xff9c, 0xff9b, 0xff9b, 0xff9b, 0xff9b, 0xff9b, 0xff9b, 0xff9b, 
	0x9d79, 0x9d79, 0x9d79, 0x9d79, 0x9d79, 0x9d79, 0x9d79, 0xa579, 0xa579, 0xa579, 0xa579, 0xa579, 0xa579, 0xa579, 0xa579, 0xa579, 
	0xa579, 0xa579, 0xa578, 0xa578, 0xa578, 0xa578, 0xa578, 0xa578, 0xa578, 0xa578, 0xa578, 0xa578, 0xa578, 0xa578, 0xa578, 0xad78, 
	0xad78, 0xad78, 0xad78, 0xad78, 0xad78, 0xad78, 0xad78, 0xad78, 0xad78, 0xad97, 0xad97, 0xad97, 0xad97, 0xb597, 0xb597, 0xb597, 
	0xb597, 0xb597, 0xb597, 0xb597, 0xb597, 0xb597, 0xb597, 0xb597, 0xb597, 0xb597, 0xb597, 0xb597, 0xb597, 0xbd97, 0xbd97, 0xbd97, 
	0xbd97, 0xbd97, 0xbd97, 0xbd97, 0xbd97, 0xbd97, 0xbd97, 0xbdb7, 0xbdb7, 0xbdb7, 0xbdb7, 0xbdb7, 0xbdb7, 0xbdb7, 0xbdb7, 0xbdb7, 
	0xc5b7, 0xc5b7, 0xc5b7, 0xc5b7, 0xc5b7, 0xc5b7, 0xc5b7, 0xc5d7, 0xc5d7, 0xc5d7, 0xc5d7, 0xc5d7, 0xc5d7, 0xc5d7, 0xc5d7, 0xc5d7, 
	0xc5d7, 0xc5d7, 0xc5f8, 0xc5f8, 0xc5f8, 0xc5f8, 0xc5f8, 0xcdf8, 0xcdf8, 0xcdf8, 0xce18, 0xce18, 0xce18, 0xce18, 0xce18, 0xce18, 
	0xce18, 0xce38, 0xce38, 0xce39, 0xce39, 0xce39, 0xd659, 0xd659, 0xd659, 0xd659, 0xd659, 0xd659, 0xd679, 0xd679, 0xd679, 0xd679, 
	0xd679, 0xd69a, 0xde9a, 0xde9a, 0xde9a, 0xde9a, 0xde9a, 0xdeba, 0xdeba, 0xdeba, 0xdeba, 0xdeba, 0xe6ba, 0xe6da, 0xe6da, 0xe6da, 
	0xe6da, 0xe6db, 0xe6fb, 0xe6fb, 0xe6fb, 0xe6fb, 0xe6fb, 0xeefb, 0xeefb, 0xef1b, 0xef1b, 0xef1b, 0xef1b, 0xef1b, 0xef1b, 0xef1b, 
	0xef1b, 0xef1b, 0xef1b, 0xef3b, 0xef3b, 0xef3b, 0xf73b, 0xf73b, 0xf73b, 0xf73b, 0xf73b, 0xf73b, 0xf73b, 0xf73b, 0xf75b, 0xf75b, 
	0xf75c, 0xf75c, 0xf75c, 0xf75c, 0xf75c, 0xf75c, 0xf75c, 0xf75c, 0xf75c, 0xf75c, 0xf75c, 0xf75c, 0xf75c, 0xf75c, 0xf75c, 0xf75c, 
	0xf75c, 0xf75c, 0xf75c, 0xf75c, 0xf75c, 0xf75c, 0xf75c, 0xf75c, 0xf75c, 0xf75c, 0xf75c, 0xf75c, 0xf75c, 0xf75c, 0xf75c, 0xf75c, 
	0xf75c, 0xf75c, 0xf75c, 0xf75c, 0xf75c, 0xf75c, 0xf75c, 0xf75c, 0xf77c, 0xff7c, 0xff7c, 0xff7c, 0xff7c, 0xff7c, 0xff7c, 0xff7c, 
	0xff7c, 0xff7c, 0xff7c, 0xff7c, 0xff7c, 0xff7c, 0xff7c, 0xff7c, 0xff7c, 0xff7c, 0xff7c, 0xff7c, 0xff7c, 0xff7c, 0xff7c, 0xff7c, 
	0xff7c, 0xff7c, 0xff7c, 0xff7c, 0xff7c, 0xff7c, 0xff7c, 0xff7c, 0xff7c, 0xff7c, 0xff7c, 0xff7c, 0xff7c, 0xff7c, 0xff7c, 0xff7c, 
	0xff7c, 0xff7c, 0xff7c, 0xff7c, 0xff7c, 0xff7c, 0xff7c, 0xff7c, 0xff9c, 0xff9c, 0xff9c, 0xff9c, 0xff9c, 0xff9c, 0xff9c, 0xff9c, 
	0xff9c, 0xff9c, 0xff9c, 0xff9c, 0xff9c, 0xff9c, 0xff9c, 0xff9c, 0xff9c, 0xff9c, 0xff9c, 0xff9c, 0xff9c, 0xff9c, 0xff9c, 0xff9c, 
	0xff9c, 0xff9c, 0xff9c, 0xff9c, 0xff9c, 0xff9c, 0xff9c, 0xff9c, 0xff9c, 0xff9c, 0xff9c, 0xff9c, 0xff9c, 0xff9c, 0xff9c, 0xff9c, 
	0xff9c, 0xff9c, 0xff9c, 0xff9c, 0xff9c, 0xff9c, 0xff9c, 0xff9b, 0xff9c, 0xff9b, 0xff9b, 0xff9b, 0xff9b, 0xff9b, 0xff9b, 0xff9b, 
	0x9d79, 0x9d79, 0x9d79, 0x9d79, 0x9d79, 0x9d79, 0x9d79, 0xa579, 0xa579, 0xa579, 0xa579, 0xa579, 0xa579, 0xa579, 0xa579, 0xa579, 
	0xa579, 0xa579, 0xa578, 0xa578, 0xa578, 0xa578, 0xa578, 0xa578, 0xa578, 0xa578, 0xa578, 0xa578, 0xa578, 0xa578, 0xa578, 0xad78, 
	0xad98, 0xad78, 0xad78, 0xad78, 0xad78, 0xad78, 0xad78, 0xad78, 0xad97, 0xad97, 0xad97, 0xad97, 0xb597, 0xb597, 0xb597, 0xb597, 
	0xb597, 0xb597, 0xb597, 0xb597, 0xb597, 0xb597, 0xb597, 0xb597, 0xb597, 0xb597, 0xb597, 0xb597, 0xbd97, 0xbd97, 0xbd97, 0xbd97, 
	0xbd97, 0xbd97, 0xbd97, 0xbd97, 0xbd97, 0xbd97, 0xbd97, 0xbdb7, 0xbdb7, 0xbdb7, 0xbdb7, 0xbdb7, 0xbdb7, 0xbdb7, 0xbdb7, 0xc5b7, 
	0xc5b7, 0xc5b7, 0xc5b7, 0xc5b7, 0xc5b7, 0xc5b7, 0xc5b7, 0xc5d7, 0xc5d7, 0xc5d7, 0xc5d7, 0xc5d7, 0xc5d7, 0xc5d7, 0xc5d7, 0xc5d7, 
	0xc5d7, 0xc5f7, 0xc5f7, 0xc5f8, 0xc5f8, 0xc5f8, 0xcdf8, 0xcdf8, 0xcdf8, 0xce18, 0xce18, 0xce18, 0xce18, 0xce18, 0xce18, 0xce18, 
	0xce38, 0xce38, 0xce38, 0xce39, 0xce39, 0xd639, 0xd659, 0xd659, 0xd659, 0xd659, 0xd659, 0xd679, 0xd679, 0xd679, 0xd679, 0xd679, 
	0xd679, 0xde9a, 0xde9a, 0xde9a, 0xde9a, 0xde9a, 0xde9a, 0xdeba, 0xdeba, 0xdeba, 0xdeba, 0xdeba, 0xe6ba, 0xe6da, 0xe6da, 0xe6da, 
	0xe6da, 0xe6db, 0xe6fb, 0xe6fb, 0xe6fb, 0xe6fb, 0xe6fb, 0xeefb, 0xeefb, 0xef1b, 0xef1b, 0xef1b, 0xef1b, 0xef1b, 0xef1b, 0xef1b, 
	0xef1b, 0xef1b, 0xef1b, 0xef3b, 0xef3b, 0xf73b, 0xf73b, 0xf73b, 0xf73b, 0xf73b, 0xf73b, 0xf73b, 0xf73b, 0xf73b, 0xf75b, 0xf75b, 
	0xf75c, 0xf75c, 0xf75c, 0xf75c, 0xf75c, 0xf75c, 0xf75c, 0xf75c, 0xf75c, 0xf75c, 0xf75c, 0xf75c, 0xf75c, 0xf75c, 0xf75c, 0xf75c, 
	0xf75c, 0xf75c, 0xf75c, 0xf75c, 0xf75c, 0xf75c, 0xf75c, 0xf75c, 0xf75c, 0xf75c, 0xf75c, 0xf75c, 0xf75c, 0xf75c, 0xf75c, 0xf75c, 
	0xf75c, 0xf75c, 0xf75c, 0xf75c, 0xf75c, 0xf75c, 0xf75c, 0xf75c, 0xff7c, 0xff7c, 0xff7c, 0xff7c, 0xff7c, 0xff7c, 0xff7c, 0xff7c, 
	0xff7c, 0xff7c, 0xff7c, 0xff7c, 0xff7c, 0xff7c, 0xff7c, 0xff7c, 0xff7c, 0xff7c, 0xff7c, 0xff7c, 0xff7c, 0xff7c, 0xff7c, 0xff7c, 
	0xff7c, 0xff7c, 0xff7c, 0xff7c, 0xff7c, 0xff7c, 0xff7c, 0xff7c, 0xff7c, 0xff7c, 0xff7c, 0xff7c, 0xff7c, 0xff7c, 0xff7c, 0xff7c, 
	0xff7c, 0xff7c, 0xff7c, 0xff7c, 0xff7c, 0xff7c, 0xff7c, 0xff7c, 0xff9c, 0xff9c, 0xff9c, 0xff9c, 0xff9c, 0xff9c, 0xff9c, 0xff9c, 
	0xff9c, 0xff9c, 0xff9c, 0xff9c, 0xff9c, 0xff9c, 0xff9c, 0xff9c, 0xff9c, 0xff9c, 0xff9c, 0xff9c, 0xff9c, 0xff9c, 0xff9c, 0xff9c, 
	0xff9c, 0xff9c, 0xff9c, 0xff9c, 0xff9c, 0xff9c, 0xff9c, 0xff9c, 0xff9c, 0xff9c, 0xff9c, 0xff9c, 0xff9c, 0xff9c, 0xff9c, 0xff9c, 
	0xff9c, 0xff9c, 0xff9c, 0xff9c, 0xff9c, 0xff9c, 0xff9c, 0xff9b, 0xff9c, 0xff9b, 0xff9b, 0xff9b, 0xff9b, 0xff9b, 0xff9b, 0xff9b, 
	0x9d79, 0x9d79, 0x9d79, 0x9d79, 0x9d79, 0x9d79, 0xa579, 0xa579, 0xa579, 0xa579, 0xa579, 0xa579, 0xa579, 0xa579, 0xa579, 0xa579, 
	0xa579, 0xa578, 0xa578, 0xa578, 0xa578, 0xa578, 0xa578, 0xa578, 0xa578, 0xa578, 0xa578, 0xa578, 0xa578, 0xa578, 0xad78, 0xad78, 
	0xad98, 0xad78, 0xad98, 0xad78, 0xad78, 0xad98, 0xad78, 0xad77, 0xad97, 0xad97, 0xad97, 0xb597, 0xb597, 0xb597, 0xb597, 0xb597, 
	0xb597, 0xb597, 0xb597, 0xb597, 0xb597, 0xb597, 0xb597, 0xb597, 0xb597, 0xb597, 0xb597, 0xbd97, 0xbd97, 0xbd97, 0xbd97, 0xbd97, 
	0xbd97, 0xbd97, 0xbd97, 0xbd97, 0xbd97, 0xbd97, 0xbdb7, 0xbdb7, 0xbdb7, 0xbdb7, 0xbdb7, 0xbdb7, 0xc5b7, 0xc5b7, 0xc5b7, 0xc5b7, 
	0xc5b7, 0xc5b7, 0xc5b7, 0xc5b7, 0xc5b7, 0xc5d7, 0xc5d7, 0xc5d7, 0xc5d7, 0xc5d7, 0xc5d7, 0xc5d7, 0xc5d7, 0xc5d7, 0xc5d7, 0xc5d7, 
	0xc5d7, 0xc5f7, 0xc5f7, 0xc5f8, 0xcdf8, 0xcdf8, 0xcdf8, 0xcdf8, 0xcdf8, 0xce18, 0xce18, 0xce18, 0xce18, 0xce18, 0xce18, 0xce18, 
	0xce38, 0xce38, 0xce38, 0xce39, 0xd639, 0xd639, 0xd659, 0xd659, 0xd659, 0xd659, 0xd659, 0xd679, 0xd679, 0xd679, 0xd679, 0xd679, 
	0xde79, 0xde9a, 0xde9a, 0xde9a, 0xde9a, 0xde9a, 0xdeba, 0xdeba, 0xdeba, 0xdeba, 0xdeba, 0xe6ba, 0xe6ba, 0xe6da, 0xe6da, 0xe6da, 
	0xe6da, 0xe6db, 0xe6fb, 0xe6fb, 0xe6fb, 0xe6fb, 0xeefb, 0xeefb, 0xeefb, 0xef1b, 0xef1b, 0xef1b, 0xef1b, 0xef1b, 0xef1b, 0xef1b, 
	0xef1b, 0xef1b, 0xef1b, 0xef3b, 0xef3b, 0xf73b, 0xf73b, 0xf73b, 0xf73b, 0xf73b, 0xf73b, 0xf73b, 0xf73b, 0xf73b, 0xf75b, 0xf75b, 
	0xf75b, 0xf75c, 0xf75c, 0xf75c, 0xf75c, 0xf75c, 0xf75c, 0xf75c, 0xf75c, 0xf75c, 0xf75c, 0xf75c, 0xf75c, 0xf75c, 0xf75c, 0xf75c, 
	0xf75c, 0xf75c, 0xf75c, 0xf75c, 0xf75c, 0xf75c, 0xf75c, 0xf75c, 0xf75c, 0xf75c, 0xf75c, 0xf75c, 0xf75c, 0xf75c, 0xf75c, 0xf75c, 
	0xf75c, 0xf75c, 0xf75c, 0xf75c, 0xf75c, 0xf75c, 0xf75c, 0xf75c, 0xff7c, 0xff7c, 0xff7c, 0xff7c, 0xff7c, 0xff7c, 0xff7c, 0xff7c, 
	0xff7c, 0xff7c, 0xff7c, 0xff7c, 0xff7c, 0xff7c, 0xff7c, 0xff7c, 0xff7c, 0xff7c, 0xff7c, 0xff7c, 0xff7c, 0xff7c, 0xff7c, 0xff7c, 
	0xff7c, 0xff7c, 0xff7c, 0xff7c, 0xff7c, 0xff7c, 0xff7c, 0xff7c, 0xff7c, 0xff7c, 0xff7c, 0xff7c, 0xff7c, 0xff7c, 0xff7c, 0xff7c, 
	0xff7c, 0xff7c, 0xff7c, 0xff7c, 0xff7c, 0xff7c, 0xff7c, 0xff7c, 0xff9c, 0xff9c, 0xff9c, 0xff9c, 0xff9c, 0xff9c, 0xff9c, 0xff9c, 
	0xff9c, 0xff9c, 0xff9c, 0xff9c, 0xff9c, 0xff9c, 0xff9c, 0xff9c, 0xff9c, 0xff9c, 0xff9c, 0xff9c, 0xff9c, 0xff9c, 0xff9c, 0xff9c, 
	0xff9c, 0xff9c, 0xff9c, 0xff9c, 0xff9c, 0xff9c, 0xff9c, 0xff9c, 0xff9c, 0xff9c, 0xff9c, 0xff9c, 0xff9c, 0xff9c, 0xff9c, 0xff9c, 
	0xff9c, 0xff9c, 0xff9c, 0xff9c, 0xff9c, 0xff9c, 0xff9c, 0xff9b, 0xff9c, 0xff9b, 0xff9b, 0xff9b, 0xff9b, 0xff9b, 0xff9b, 0xff9b, 
	0x9d79, 0x9d79, 0x9d79, 0x9d79, 0x9d79, 0xa579, 0xa579, 0xa579, 0xa579, 0xa579, 0xa579, 0xa579, 0xa579, 0xa579, 0xa579, 0xa579, 
	0xa579, 0xa578, 0xa578, 0xa578, 0xa578, 0xa578, 0xa578, 0xa578, 0xa578, 0xa578, 0xa578, 0xa578, 0xa578, 0xa578, 0xad78, 0xad98, 
	0xad98, 0xad78, 0xad98, 0xad78, 0xad78, 0xad98, 0xad77, 0xad97, 0xad97, 0xad97, 0xb597, 0xb597, 0xb597, 0xb597, 0xb597, 0xb597, 
	0xb597, 0xb597, 0xb597, 0xb597, 0xb597, 0xb597, 0xb597, 0xb597, 0xb597, 0xb597, 0xbd97, 0xbd97, 0xbd97, 0xbd97, 0xbd97, 0xbd97, 
	0xbd97, 0xbd97, 0xbd97, 0xbd97, 0xbd97, 0xbdb7, 0xbdb7, 0xbdb7, 0xbdb7, 0xbdb7, 0xbdb7, 0xc5b7, 0xc5b7, 0xc5b7, 0xc5b7, 0xc5b7, 
	0xc5b7, 0xc5b7, 0xc5b7, 0xc5b7, 0xc5b7, 0xc5d7, 0xc5d7, 0xc5d7, 0xc5d7, 0xc5d7, 0xc5d7, 0xc5d7, 0xc5d7, 0xc5d7, 0xc5d7, 0xc5d7, 
	0xc5f7, 0xc5f7, 0xc5f7, 0xcdf7, 0xcdf8, 0xcdf8, 0xcdf8, 0xcdf8, 0xcdf8, 0xce18, 0xce18, 0xce18, 0xce18, 0xce18, 0xce18, 0xce38, 
	0xce38, 0xce38, 0xce38, 0xd639, 0xd639, 0xd639, 0xd659, 0xd659, 0xd659, 0xd659, 0xd659, 0xd679, 0xd679, 0xd679, 0xd679, 0xd679, 
	0xde79, 0xde9a, 0xde9a, 0xde9a, 0xde9a, 0xde9a, 0xdeba, 0xdeba, 0xdeba, 0xdeba, 0xdeba, 0xe6ba, 0xe6da, 0xe6da, 0xe6da, 0xe6da, 
	0xe6da, 0xe6db, 0xe6fb, 0xe6fb, 0xe6fb, 0xe6fb, 0xeefb, 0xeefb, 0xeefb, 0xef1b, 0xef1b, 0xef1b, 0xef1b, 0xef1b, 0xef1b, 0xef1b, 
	0xef1b, 0xef1b, 0xef1b, 0xef3b, 0xef3b, 0xf73b, 0xf73b, 0xf73b, 0xf73b, 0xf73b, 0xf73b, 0xf73b, 0xf73b, 0xf73b, 0xf75b, 0xf75b, 
	0xf75b, 0xf75c, 0xf75c, 0xf75c, 0xf75c, 0xf75c, 0xf75c, 0xf75c, 0xf75c, 0xf75c, 0xf75c, 0xf75c, 0xf75c, 0xf75c, 0xf75c, 0xf75c, 
	0xf75c, 0xf75c, 0xf75c, 0xf75c, 0xf75c, 0xf75c, 0xf75c, 0xf75c, 0xf75c, 0xf75c, 0xf75c, 0xf75c, 0xf75c, 0xf75c, 0xf75c, 0xf75c, 
	0xf75c, 0xf75c, 0xf75c, 0xf75c, 0xf75c, 0xf75c, 0xf75c, 0xff5c, 0xff5c, 0xff7c, 0xff7c, 0xff7c, 0xff7c, 0xff7c, 0xff7c, 0xff7c, 
	0xff7c, 0xff7c, 0xff7c, 0xff7c, 0xff7c, 0xff7c, 0xff7c, 0xff7c, 0xff7c, 0xff7c, 0xff7c, 0xff7c, 0xff7c, 0xff7c, 0xff7c, 0xff7c, 
	0xff7c, 0xff7c, 0xff7c, 0xff7c, 0xff7c, 0xff7c, 0xff7c, 0xff7c, 0xff7c, 0xff7c, 0xff7c, 0xff7c, 0xff7c, 0xff7c, 0xff7c, 0xff7c, 
	0xff7c, 0xff7c, 0xff7c, 0xff7c, 0xff7c, 0xff7c, 0xff7c, 0xff7c, 0xff9c, 0xff9c, 0xff9c, 0xff9c, 0xff9c, 0xff9c, 0xff9c, 0xff7c, 
	0xff9c, 0xff9c, 0xff9c, 0xff9c, 0xff9c, 0xff9c, 0xff9c, 0xff9c, 0xff9c, 0xff9c, 0xff9c, 0xff9c, 0xff9c, 0xff9c, 0xff9c, 0xff9c, 
	0xff9c, 0xff9c, 0xff9c, 0xff9c, 0xff9c, 0xff9c, 0xff9c, 0xff9c, 0xff9c, 0xff9c, 0xff9c, 0xff9c, 0xff9c, 0xff9c, 0xff9c, 0xff9c, 
	0xff9c, 0xff9c, 0xff9c, 0xff9c, 0xff9c, 0xff9c, 0xff9c, 0xff9b, 0xff9c, 0xff9b, 0xff9b, 0xff9b, 0xff9b, 0xff9b, 0xff9b, 0xff9b, 
	0x9d79, 0x9d79, 0xa579, 0x9d79, 0x9d79, 0xa579, 0xa579, 0xa579, 0xa579, 0xa579, 0xa579, 0xa579, 0xa599, 0xa579, 0xa579, 0xa579, 
	0xa579, 0xa578, 0xa578, 0xa578, 0xa578, 0xa578, 0xa578, 0xa578, 0xa578, 0xa578, 0xa578, 0xa578, 0xad98, 0xad78, 0xad78, 0xad98, 
	0xad98, 0xad78, 0xad98, 0xad78, 0xad98, 0xad98, 0xad77, 0xad97, 0xad97, 0xb597, 0xb597, 0xb597, 0xb597, 0xb597, 0xb597, 0xb597, 
	0xb597, 0xb597, 0xb597, 0xb597, 0xb597, 0xb597, 0xbd97, 0xbd97, 0xbd97, 0xbd97, 0xbd97, 0xbd97, 0xbd97, 0xbd97, 0xbd97, 0xbd97, 
	0xbd97, 0xbd97, 0xbd97, 0xbdb7, 0xbdb7, 0xbdb7, 0xbdb7, 0xbdb7, 0xbdb7, 0xc5b7, 0xc5b7, 0xc5b7, 0xc5b7, 0xc5b7, 0xc5b7, 0xc5b7, 
	0xc5b7, 0xc5b7, 0xc5b7, 0xc5b7, 0xc5d7, 0xc5d7, 0xc5d7, 0xc5d7, 0xc5d7, 0xc5d7, 0xc5d7, 0xc5d7, 0xc5d7, 0xc5d7, 0xc5d7, 0xc5d7, 
	0xcdf7, 0xcdf7, 0xcdf7, 0xcdf7, 0xcdf8, 0xcdf8, 0xcdf8, 0xcdf8, 0xce18, 0xce18, 0xce18, 0xce18, 0xce18, 0xce18, 0xce18, 0xce38, 
	0xce38, 0xce38, 0xd638, 0xd639, 0xd639, 0xd659, 0xd659, 0xd659, 0xd659, 0xd659, 0xd659, 0xd679, 0xd679, 0xd679, 0xd679, 0xde79, 
	0xde99, 0xde99, 0xde9a, 0xde9a, 0xde9a, 0xde9a, 0xdeba, 0xdeba, 0xdeba, 0xdeba, 0xe6ba, 0xe6ba, 0xe6da, 0xe6da, 0xe6da, 0xe6da, 
	0xe6da, 0xe6db, 0xe6fb, 0xe6fb, 0xe6fb, 0xeefb, 0xeefb, 0xeefb, 0xeefb, 0xef1b, 0xef1b, 0xef1b, 0xef1b, 0xef1b, 0xef1b, 0xef1b, 
	0xef1b, 0xef1b, 0xef3b, 0xef3b, 0xf73b, 0xf73b, 0xf73b, 0xf73b, 0xf73b, 0xf73b, 0xf73b, 0xf73b, 0xf73b, 0xf73b, 0xf75b, 0xf75b, 
	0xf75b, 0xf75b, 0xf75c, 0xf75c, 0xf75c, 0xf75c, 0xf75c, 0xf75c, 0xf75c, 0xf75c, 0xf75c, 0xf75c, 0xf75c, 0xf75c, 0xf75c, 0xf75c, 
	0xf75c, 0xf75c, 0xf75c, 0xf75c, 0xf75c, 0xf75c, 0xf75c, 0xf75c, 0xf75c, 0xf75c, 0xf75c, 0xf75c, 0xf75c, 0xf75c, 0xf75c, 0xf75c, 
	0xf75c, 0xf75c, 0xf75c, 0xf75c, 0xf75c, 0xf75c, 0xff5c, 0xff5c, 0xff5c, 0xff5c, 0xff7c, 0xff7c, 0xff7c, 0xff7c, 0xff7c, 0xff7c, 
	0xff7c, 0xff7c, 0xff7c, 0xff7c, 0xff7c, 0xff7c, 0xff7c, 0xff7c, 0xff7c, 0xff7c, 0xff7c, 0xff7c, 0xff7c, 0xff7c, 0xff7c, 0xff7c, 
	0xff7c, 0xff7c, 0xff7c, 0xff7c, 0xff7c, 0xff7c, 0xff7c, 0xff7c, 0xff7c, 0xff7c, 0xff7c, 0xff7c, 0xff7c, 0xff7c, 0xff7c, 0xff7c, 
	0xff7c, 0xff7c, 0xff7c, 0xff7c, 0xff7c, 0xff7c, 0xff7c, 0xff7c, 0xff9c, 0xff9c, 0xff9c, 0xff9c, 0xff9c, 0xff9c, 0xff9c, 0xff7c, 
	0xff9c, 0xff9c, 0xff9c, 0xff9c, 0xff9c, 0xff9c, 0xff9c, 0xff9c, 0xff9c, 0xff9c, 0xff9c, 0xff9c, 0xff9c, 0xff9c, 0xff9c, 0xff9c, 
	0xff9c, 0xff9c, 0xff9c, 0xff9c, 0xff9c, 0xff9c, 0xff9c, 0xff9c, 0xff9c, 0xff9c, 0xff9c, 0xff9c, 0xff9c, 0xff9c, 0xff9c, 0xff9c, 
	0xff9c, 0xff9c, 0xff9c, 0xff9c, 0xff9c, 0xff9c, 0xff9c, 0xff9b, 0xff9c, 0xff9b, 0xff9b, 0xff9b, 0xff9b, 0xff9b, 0xff9b, 0xff9b, 
	0x9d79, 0x9d79, 0xa579, 0xa579, 0xa579, 0xa579, 0xa579, 0xa579, 0xa579, 0xa579, 0xa579, 0xa579, 0xa599, 0xa579, 0xa579, 0xa579, 
	0xa578, 0xa578, 0xa578, 0xa578, 0xa578, 0xa578, 0xa578, 0xa578, 0xa578, 0xa578, 0xa598, 0xa578, 0xad98, 0xad78, 0xad78, 0xad98, 
	0xad98, 0xad98, 0xad98, 0xad78, 0xad98, 0xad98, 0xad77, 0xad97, 0xad97, 0xb597, 0xb597, 0xb597, 0xb597, 0xb597, 0xb597, 0xb597, 
	0xb597, 0xb597, 0xb597, 0xb597, 0xb597, 0xb597, 0xbd97, 0xbd97, 0xbd97, 0xbd97, 0xbd97, 0xbd97, 0xbd97, 0xbd97, 0xbd97, 0xbd97, 
	0xbd97, 0xbd97, 0xbdb7, 0xbdb7, 0xbdb7, 0xbdb7, 0xbdb7, 0xc5b7, 0xc5b7, 0xc5b7, 0xc5b7, 0xc5b7, 0xc5b7, 0xc5b7, 0xc5b7, 0xc5b7, 
	0xc5b7, 0xc5b7, 0xc5b7, 0xc5d7, 0xc5d7, 0xc5d7, 0xc5d7, 0xc5d7, 0xc5d7, 0xc5d7, 0xc5d7, 0xc5d7, 0xc5d7, 0xc5d7, 0xcdd7, 0xcdf7, 
	0xcdf7, 0xcdf7, 0xcdf7, 0xcdf7, 0xcdf8, 0xcdf8, 0xcdf8, 0xce18, 0xce18, 0xce18, 0xce18, 0xce18, 0xce18, 0xce18, 0xce18, 0xce38, 
	0xce38, 0xd638, 0xd638, 0xd638, 0xd639, 0xd659, 0xd659, 0xd659, 0xd659, 0xd659, 0xd659, 0xd679, 0xd679, 0xd679, 0xde79, 0xde79, 
	0xde99, 0xde99, 0xde9a, 0xde9a, 0xde9a, 0xde9a, 0xdeba, 0xdeba, 0xdeba, 0xe6ba, 0xe6ba, 0xe6ba, 0xe6da, 0xe6da, 0xe6da, 0xe6da, 
	0xe6da, 0xe6da, 0xe6fb, 0xe6fb, 0xe6fb, 0xeefb, 0xeefb, 0xeefb, 0xeefb, 0xef1b, 0xef1b, 0xef1b, 0xef1b, 0xef1b, 0xef1b, 0xef1b, 
	0xef1b, 0xef1b, 0xef3b, 0xf73b, 0xf73b, 0xf73b, 0xf73b, 0xf73b, 0xf73b, 0xf73b, 0xf73b, 0xf73b, 0xf73b, 0xf73b, 0xf75b, 0xf75b, 
	0xf75b, 0xf75b, 0xf75b, 0xf75c, 0xf75c, 0xf75c, 0xf75c, 0xf75c, 0xf75c, 0xf75c, 0xf75c, 0xf75c, 0xf75c, 0xf75c, 0xf75c, 0xf75c, 
	0xf75c, 0xf75c, 0xf75c, 0xf75c, 0xf75c, 0xf75c, 0xf75c, 0xf75c, 0xf75c, 0xf75c, 0xf75c, 0xf75c, 0xf75c, 0xf75c, 0xf75c, 0xf75c, 
	0xf75c, 0xf75c, 0xf75c, 0xf75c, 0xf75c, 0xf75c, 0xff5c, 0xff5c, 0xff5c, 0xff5c, 0xff7c, 0xff7c, 0xff7c, 0xff7c, 0xff7c, 0xff7c, 
	0xff7c, 0xff7c, 0xff7c, 0xff7c, 0xff7c, 0xff7c, 0xff7c, 0xff7c, 0xff7c, 0xff7c, 0xff7c, 0xff7c, 0xff7c, 0xff7c, 0xff7c, 0xff7c, 
	0xff7c, 0xff7c, 0xff7c, 0xff7c, 0xff7c, 0xff7c, 0xff7c, 0xff7c, 0xff7c, 0xff7c, 0xff7c, 0xff7c, 0xff7c, 0xff7c, 0xff7c, 0xff7c, 
	0xff7c, 0xff7c, 0xff7c, 0xff7c, 0xff7c, 0xff7c, 0xff7c, 0xff7c, 0xff9c, 0xff9c, 0xff9c, 0xff9c, 0xff9c, 0xff9c, 0xff7c, 0xff7c, 
	0xff9c, 0xff9c, 0xff9c, 0xff9c, 0xff9c, 0xff9c, 0xff9c, 0xff9c, 0xff9c, 0xff9c, 0xff9c, 0xff9c, 0xff9c, 0xff9c, 0xff9c, 0xff9c, 
	0xff9c, 0xff9c, 0xff9c, 0xff9c, 0xff9c, 0xff9c, 0xff9c, 0xff9c, 0xff9c, 0xff9c, 0xff9c, 0xff9c, 0xff9c, 0xff9c, 0xff9c, 0xff9c, 
	0xff9c, 0xff9c, 0xff9c, 0xff9c, 0xff9c, 0xff9c, 0xff9c, 0xff9b, 0xff9c, 0xff9b, 0xff9b, 0xff9b, 0xff9b, 0xff9b, 0xff9b, 0xff9b, 
	0x9d79, 0xa579, 0xa579, 0xa579, 0xa579, 0xa579, 0xa579, 0xa579, 0xa579, 0xa579, 0xa579, 0xa579, 0xa599, 0xa579, 0xa579, 0xa579, 
	0xa578, 0xa578, 0xa598, 0xa578, 0xa578, 0xa598, 0xa578, 0xa578, 0xa598, 0xad78, 0xad98, 0xad98, 0xad98, 0xad78, 0xad98, 0xad98, 
	0xad98, 0xad98, 0xad98, 0xad98, 0xad98, 0xad98, 0xad97, 0xad97, 0xb597, 0xb597, 0xb597, 0xb597, 0xb597, 0xb597, 0xb597, 0xb597, 
	0xb597, 0xb597, 0xb597, 0xb597, 0xbd97, 0xbd97, 0xbd97, 0xbd97, 0xbd97, 0xbd97, 0xbd97, 0xbd97, 0xbd97, 0xbd97, 0xbd97, 0xbdb7, 
	0xbdb7, 0xbdb7, 0xbdb7, 0xbdb7, 0xc5b7, 0xc5b7, 0xc5b7, 0xc5b7, 0xc5b7, 0xc5b7, 0xc5b7, 0xc5b7, 0xc5b7, 0xc5b7, 0xc5b7, 0xc5b7, 
	0xc5b7, 0xc5b7, 0xc5d7, 0xc5d7, 0xc5d7, 0xc5d7, 0xc5d7, 0xc5d7, 0xc5d7, 0xc5d7, 0xc5d7, 0xcdd7, 0xcdd7, 0xcdd7, 0xcdf7, 0xcdf7, 
	0xcdf7, 0xcdf7, 0xcdf7, 0xcdf7, 0xcdf7, 0xcdf8, 0xcdf8, 0xce18, 0xce18, 0xce18, 0xce18, 0xce18, 0xce18, 0xce18, 0xce38, 0xd638, 
	0xd638, 0xd638, 0xd638, 0xd638, 0xd639, 0xd659, 0xd659, 0xd659, 0xd659, 0xd659, 0xd679, 0xd679, 0xd679, 0xde79, 0xde79, 0xde79, 
	0xde99, 0xde99, 0xde9a, 0xde9a, 0xde9a, 0xdeba, 0xdeba, 0xdeba, 0xdeba, 0xe6ba, 0xe6ba, 0xe6ba, 0xe6da, 0xe6da, 0xe6da, 0xe6da, 
	0xe6da, 0xe6fa, 0xe6fb, 0xe6fb, 0xeefb, 0xeefb, 0xeefb, 0xeefb, 0xeefb, 0xef1b, 0xef1b, 0xef1b, 0xef1b, 0xef1b, 0xef1b, 0xef1b, 
	0xef1b, 0xef1b, 0xef3b, 0xf73b, 0xf73b, 0xf73b, 0xf73b, 0xf73b, 0xf73b, 0xf73b, 0xf73b, 0xf73b, 0xf73b, 0xf73b, 0xf73b, 0xf75b, 
	0xf75b, 0xf75b, 0xf75b, 0xf75b, 0xf75c, 0xf75c, 0xf75c, 0xf75c, 0xf75c, 0xf75c, 0xf75c, 0xf75c, 0xf75c, 0xf75c, 0xf75c, 0xf75c, 
	0xf75c, 0xf75c, 0xf75c, 0xf75c, 0xf75c, 0xf75c, 0xf75c, 0xf75c, 0xf75c, 0xf75c, 0xf75c, 0xf75c, 0xf75c, 0xf75c, 0xf75c, 0xf75c, 
	0xf75c, 0xf75c, 0xf75c, 0xf75c, 0xf75c, 0xff5c, 0xff5c, 0xff5c, 0xff5c, 0xff5c, 0xff5c, 0xff7c, 0xff7c, 0xff7c, 0xff7c, 0xff7c, 
	0xff7c, 0xff7c, 0xff7c, 0xff7c, 0xff7c, 0xff7c, 0xff7c, 0xff7c, 0xff7c, 0xff7c, 0xff7c, 0xff7c, 0xff7c, 0xff7c, 0xff7c, 0xff7c, 
	0xff7c, 0xff7c, 0xff7c, 0xff7c, 0xff7c, 0xff7c, 0xff7c, 0xff7c, 0xff7c, 0xff7c, 0xff7c, 0xff7c, 0xff7c, 0xff7c, 0xff7c, 0xff7c, 
	0xff7c, 0xff7c, 0xff7c, 0xff7c, 0xff7c, 0xff7c, 0xff7c, 0xff7c, 0xff9c, 0xff9c, 0xff9c, 0xff9c, 0xff9c, 0xff7c, 0xff7c, 0xff7c, 
	0xff9c, 0xff9c, 0xff9c, 0xff9c, 0xff9c, 0xff9c, 0xff9c, 0xff9c, 0xff9c, 0xff9c, 0xff9c, 0xff9c, 0xff9c, 0xff9c, 0xff9c, 0xff9c, 
	0xff9c, 0xff9c, 0xff9c, 0xff9c, 0xff9c, 0xff9c, 0xff9c, 0xff9c, 0xff9c, 0xff9c, 0xff9c, 0xff9c, 0xff9c, 0xff9c, 0xff9c, 0xff9c, 
	0xff9c, 0xff9c, 0xff9c, 0xff9c, 0xff9c, 0xff9c, 0xff9c, 0xff9b, 0xff9c, 0xff9b, 0xff9b, 0xff9b, 0xff9b, 0xff9b, 0xff9b, 0xff9b, 
	0x9d79, 0xa579, 0xa579, 0xa579, 0xa579, 0xa579, 0xa579, 0xa579, 0xa579, 0xa579, 0xa579, 0xa579, 0xa599, 0xa579, 0xa579, 0xa579, 
	0xa578, 0xa598, 0xa598, 0xa598, 0xa578, 0xa598, 0xa578, 0xa578, 0xad98, 0xad78, 0xad98, 0xad98, 0xad98, 0xad78, 0xad98, 0xad98, 
	0xad98, 0xad98, 0xad98, 0xad98, 0xad98, 0xad98, 0xad97, 0xb597, 0xb597, 0xb597, 0xb597, 0xb597, 0xb597, 0xb597, 0xb597, 0xb597, 
	0xb597, 0xb597, 0xb597, 0xbd97, 0xbd97, 0xbd97, 0xbd97, 0xbd97, 0xbd97, 0xbd97, 0xbd97, 0xbd97, 0xbd97, 0xbd97, 0xbdb7, 0xbdb7, 
	0xbdb7, 0xbdb7, 0xbdb7, 0xc5b7, 0xc5b7, 0xc5b7, 0xc5b7, 0xc5b7, 0xc5b7, 0xc5b7, 0xc5b7, 0xc5b7, 0xc5b7, 0xc5b7, 0xc5b7, 0xc5b7, 
	0xc5b7, 0xc5d7, 0xc5d7, 0xc5d7, 0xc5d7, 0xc5d7, 0xc5d7, 0xc5d7, 0xc5d7, 0xcdd7, 0xcdd7, 0xcdd7, 0xcdd7, 0xcdd7, 0xcdf7, 0xcdf7, 
	0xcdf7, 0xcdf7, 0xcdf7, 0xcdf7, 0xcdf7, 0xcdf8, 0xce18, 0xce18, 0xce18, 0xce18, 0xce18, 0xce18, 0xce18, 0xce18, 0xd638, 0xd638, 
	0xd638, 0xd638, 0xd638, 0xd638, 0xd659, 0xd659, 0xd659, 0xd659, 0xd659, 0xd659, 0xd679, 0xd679, 0xde79, 0xde79, 0xde79, 0xde99, 
	0xde99, 0xde99, 0xde9a, 0xde9a, 0xde9a, 0xdeba, 0xdeba, 0xdeba, 0xe6ba, 0xe6ba, 0xe6ba, 0xe6da, 0xe6da, 0xe6da, 0xe6da, 0xe6da, 
	0xe6da, 0xe6fa, 0xe6fb, 0xe6fb, 0xeefb, 0xeefb, 0xeefb, 0xeefb, 0xeefb, 0xef1b, 0xef1b, 0xef1b, 0xef1b, 0xef1b, 0xef1b, 0xef1b, 
	0xef1b, 0xef1b, 0xf73b, 0xf73b, 0xf73b, 0xf73b, 0xf73b, 0xf73b, 0xf73b, 0xf73b, 0xf73b, 0xf73b, 0xf73b, 0xf73b, 0xf73b, 0xf75b, 
	0xf75b, 0xf75b, 0xf75b, 0xf75b, 0xf75c, 0xf75c, 0xf75c, 0xf75c, 0xf75c, 0xf75c, 0xf75c, 0xf75c, 0xf75c, 0xf75c, 0xf75c, 0xf75c, 
	0xf75c, 0xf75c, 0xf75c, 0xf75c, 0xf75c, 0xf75c, 0xf75c, 0xf75c, 0xf75c, 0xf75c, 0xf75c, 0xf75c, 0xf75c, 0xf75c, 0xf75c, 0xf75c, 
	0xf75c, 0xf75c, 0xf75c, 0xf75c, 0xff5c, 0xff5c, 0xff5c, 0xff5c, 0xff5c, 0xff5c, 0xff5c, 0xff5c, 0xff7c, 0xff7c, 0xff7c, 0xff7c, 
	0xff7c, 0xff7c, 0xff7c, 0xff7c, 0xff7c, 0xff7c, 0xff7c, 0xff7c, 0xff7c, 0xff7c, 0xff7c, 0xff7c, 0xff7c, 0xff7c, 0xff7c, 0xff7c, 
	0xff7c, 0xff7c, 0xff7c, 0xff7c, 0xff7c, 0xff7c, 0xff7c, 0xff7c, 0xff7c, 0xff7c, 0xff7c, 0xff7c, 0xff7c, 0xff7c, 0xff7c, 0xff7c, 
	0xff7c, 0xff7c, 0xff7c, 0xff7c, 0xff7c, 0xff7c, 0xff7c, 0xff7c, 0xff9c, 0xff9c, 0xff9c, 0xff9c, 0xff7c, 0xff7c, 0xff7c, 0xff7c, 
	0xff9c, 0xff9c, 0xff9c, 0xff9c, 0xff9c, 0xff9c, 0xff9c, 0xff9c, 0xff9c, 0xff9c, 0xff9c, 0xff9c, 0xff9c, 0xff9c, 0xff9c, 0xff9c, 
	0xff9c, 0xff9c, 0xff9c, 0xff9c, 0xff9c, 0xff9c, 0xff9c, 0xff9c, 0xff9c, 0xff9c, 0xff9c, 0xff9c, 0xff9c, 0xff9c, 0xff9c, 0xff9c, 
	0xff9c, 0xff9c, 0xff9c, 0xff9c, 0xff9c, 0xff9c, 0xff9c, 0xff9b, 0xff9c, 0xff9b, 0xff9b, 0xff9b, 0xff9b, 0xff9b, 0xff9b, 0xff9b, 
	0xa579, 0xa579, 0xa579, 0xa579, 0xa579, 0xa579, 0xa579, 0xa579, 0xa579, 0xa579, 0xa579, 0xa579, 0xa599, 0xa579, 0xa599, 0xa579, 
	0xa578, 0xa598, 0xa598, 0xa598, 0xa578, 0xa598, 0xa598, 0xa578, 0xad98, 0xad98, 0xad98, 0xad98, 0xad98, 0xad98, 0xad98, 0xad98, 
	0xad98, 0xad98, 0xad98, 0xad98, 0xad98, 0xb598, 0xb597, 0xb597, 0xb597, 0xb597, 0xb597, 0xb597, 0xb597, 0xb597, 0xb597, 0xb597, 
	0xb597, 0xb597, 0xbd97, 0xbd97, 0xbd97, 0xbd97, 0xbd97, 0xbd97, 0xbd97, 0xbd97, 0xbd97, 0xbd97, 0xbdb7, 0xbdb7, 0xbdb7, 0xbdb7, 
	0xbdb7, 0xc5b7, 0xc5b7, 0xc5b7, 0xc5b7, 0xc5b7, 0xc5b7, 0xc5b7, 0xc5b7, 0xc5b7, 0xc5b7, 0xc5b7, 0xc5b7, 0xc5b7, 0xc5b7, 0xc5b7, 
	0xc5d7, 0xc5d7, 0xc5d7, 0xc5d7, 0xc5d7, 0xc5d7, 0xcdd7, 0xcdd7, 0xcdd7, 0xcdd7, 0xcdd7, 0xcdd7, 0xcdd7, 0xcdf7, 0xcdf7, 0xcdf7, 
	0xcdf7, 0xcdf7, 0xcdf7, 0xcdf7, 0xcdf7, 0xcdf8, 0xce18, 0xce18, 0xce18, 0xce18, 0xce18, 0xce18, 0xd618, 0xd638, 0xd638, 0xd638, 
	0xd638, 0xd638, 0xd638, 0xd638, 0xd659, 0xd659, 0xd659, 0xd659, 0xd659, 0xd659, 0xd679, 0xd679, 0xde79, 0xde79, 0xde79, 0xde99, 
	0xde99, 0xde99, 0xde9a, 0xde9a, 0xde9a, 0xdeba, 0xdeba, 0xdeba, 0xe6ba, 0xe6ba, 0xe6ba, 0xe6da, 0xe6da, 0xe6da, 0xe6da, 0xe6da, 
	0xe6da, 0xe6fa, 0xe6fb, 0xeefb, 0xeefb, 0xeefb, 0xeefb, 0xeefb, 0xeefb, 0xef1b, 0xef1b, 0xef1b, 0xef1b, 0xef1b, 0xef1b, 0xef1b, 
	0xef1b, 0xef1b, 0xf73b, 0xf73b, 0xf73b, 0xf73b, 0xf73b, 0xf73b, 0xf73b, 0xf73b, 0xf73b, 0xf73b, 0xf73b, 0xf73b, 0xf73b, 0xf75b, 
	0xf75b, 0xf75b, 0xf75b, 0xf75b, 0xf75b, 0xf75b, 0xf75c, 0xf75c, 0xf75c, 0xf75c, 0xf75c, 0xf75c, 0xf75c, 0xf75c, 0xf75c, 0xf75c, 
	0xf75c, 0xf75c, 0xf75c, 0xf75c, 0xff5c, 0xff5c, 0xff5c, 0xff5c, 0xff5c, 0xff5c, 0xff5c, 0xff5c, 0xff5c, 0xff5c, 0xff5c, 0xff5c, 
	0xff5c, 0xff5c, 0xff5c, 0xff5c, 0xff5c, 0xff5c, 0xff5c, 0xff5c, 0xff5c, 0xff5c, 0xff5c, 0xff5c, 0xff5c, 0xff7c, 0xff7c, 0xff7c, 
	0xff7c, 0xff7c, 0xff7c, 0xff7c, 0xff7c, 0xff7c, 0xff7c, 0xff7c, 0xff7c, 0xff7c, 0xff7c, 0xff7c, 0xff7c, 0xff7c, 0xff7c, 0xff7c, 
	0xff7c, 0xff7c, 0xff7c, 0xff7c, 0xff7c, 0xff7c, 0xff7c, 0xff7c, 0xff7c, 0xff7c, 0xff7c, 0xff7c, 0xff7c, 0xff7c, 0xff7c, 0xff7c, 
	0xff7c, 0xff7c, 0xff7c, 0xff7c, 0xff7c, 0xff7c, 0xff7c, 0xff7c, 0xff7c, 0xff7c, 0xff7c, 0xff7c, 0xff7c, 0xff7c, 0xff7c, 0xff7c, 
	0xff9c, 0xff9c, 0xff9c, 0xff9c, 0xff9c, 0xff9c, 0xff9c, 0xff9c, 0xff9c, 0xff9c, 0xff9c, 0xff9c, 0xff9c, 0xff9c, 0xff9c, 0xff9c, 
	0xff9c, 0xff9c, 0xff9c, 0xff9c, 0xff9c, 0xff9c, 0xff9c, 0xff9c, 0xff9c, 0xff9c, 0xff9c, 0xff9c, 0xff9c, 0xff9c, 0xff9c, 0xff9c, 
	0xff9c, 0xff9c, 0xff9c, 0xff9c, 0xff9c, 0xff9c, 0xff9c, 0xff9b, 0xff9c, 0xff9b, 0xff9b, 0xff9b, 0xff9b, 0xff9b, 0xff9b, 0xff9b, 
	0xa579, 0xa579, 0xa579, 0xa579, 0xa579, 0xa579, 0xa579, 0xa579, 0xa579, 0xa579, 0xa579, 0xa579, 0xa599, 0xa579, 0xa599, 0xa599, 
	0xa578, 0xa598, 0xa598, 0xa598, 0xad78, 0xa598, 0xa598, 0xad78, 0xad98, 0xad98, 0xad98, 0xad98, 0xad98, 0xad98, 0xad98, 0xad98, 
	0xad98, 0xad98, 0xad98, 0xad98, 0xb598, 0xb598, 0xb597, 0xb597, 0xb597, 0xb597, 0xb597, 0xb597, 0xb597, 0xb597, 0xb597, 0xb597, 
	0xb597, 0xbd97, 0xbd97, 0xbd97, 0xbd97, 0xbd97, 0xbd97, 0xbdb7, 0xbd97, 0xbd97, 0xbd97, 0xbdb7, 0xbdb7, 0xbdb7, 0xbdb7, 0xbdb7, 
	0xc5b7, 0xc5b7, 0xc5b7, 0xc5b7, 0xc5b7, 0xc5b7, 0xc5b7, 0xc5b7, 0xc5b7, 0xc5b7, 0xc5b7, 0xc5b7, 0xc5b7, 0xc5b7, 0xc5b7, 0xc5d7, 
	0xc5d7, 0xc5d7, 0xc5d7, 0xc5d7, 0xcdd7, 0xcdd7, 0xcdd7, 0xcdd7, 0xcdd7, 0xcdd7, 0xcdd7, 0xcdd7, 0xcdf7, 0xcdf7, 0xcdf7, 0xcdf7, 
	0xcdf7, 0xcdf7, 0xcdf7, 0xcdf7, 0xcdf7, 0xce17, 0xce18, 0xce18, 0xce18, 0xce18, 0xce18, 0xd618, 0xd618, 0xd638, 0xd638, 0xd638, 
	0xd638, 0xd638, 0xd638, 0xd658, 0xd659, 0xd659, 0xd659, 0xd659, 0xd659, 0xd679, 0xd679, 0xde79, 0xde79, 0xde79, 0xde79, 0xde99, 
	0xde99, 0xde99, 0xde99, 0xde9a, 0xde9a, 0xdeba, 0xdeba, 0xe6ba, 0xe6ba, 0xe6ba, 0xe6ba, 0xe6da, 0xe6da, 0xe6da, 0xe6da, 0xe6da, 
	0xe6da, 0xe6fa, 0xe6fb, 0xeefb, 0xeefb, 0xeefb, 0xeefb, 0xeefb, 0xeefb, 0xef1b, 0xef1b, 0xef1b, 0xef1b, 0xef1b, 0xef1b, 0xef1b, 
	0xef1b, 0xf71b, 0xf73b, 0xf73b, 0xf73b, 0xf73b, 0xf73b, 0xf73b, 0xf73b, 0xf73b, 0xf73b, 0xf73b, 0xf73b, 0xf73b, 0xf73b, 0xf75b, 
	0xf75b, 0xf75b, 0xf75b, 0xf75b, 0xf75b, 0xf75b, 0xf75b, 0xf75b, 0xf75c, 0xf75c, 0xf75c, 0xf75c, 0xf75c, 0xf75c, 0xf75c, 0xf75c, 
	0xf75c, 0xf75c, 0xf75c, 0xff5c, 0xff5c, 0xff5c, 0xff5c, 0xff5c, 0xff5c, 0xff5c, 0xff5c, 0xff5c, 0xff5c, 0xff5c, 0xff5c, 0xff5c, 
	0xff5c, 0xff5c, 0xff5c, 0xff5c, 0xff5c, 0xff5c, 0xff5c, 0xff5c, 0xff5c, 0xff5c, 0xff5c, 0xff5c, 0xff5c, 0xff5c, 0xff7c, 0xff7c, 
	0xff7c, 0xff7c, 0xff7c, 0xff7c, 0xff7c, 0xff7c, 0xff7c, 0xff7c, 0xff7c, 0xff7c, 0xff7c, 0xff7c, 0xff7c, 0xff7c, 0xff7c, 0xff7c, 
	0xff7c, 0xff7c, 0xff7c, 0xff7c, 0xff7c, 0xff7c, 0xff7c, 0xff7c, 0xff7c, 0xff7c, 0xff7c, 0xff7c, 0xff7c, 0xff7c, 0xff7c, 0xff7c, 
	0xff7c, 0xff7c, 0xff7c, 0xff7c, 0xff7c, 0xff7c, 0xff7c, 0xff7c, 0xff7c, 0xff7c, 0xff7c, 0xff7c, 0xff7c, 0xff7c, 0xff7c, 0xff7c, 
	0xff9c, 0xff9c, 0xff9c, 0xff9c, 0xff9c, 0xff9c, 0xff9c, 0xff9c, 0xff9c, 0xff9c, 0xff9c, 0xff9c, 0xff9c, 0xff9c, 0xff9c, 0xff9c, 
	0xff9c, 0xff9c, 0xff9c, 0xff9c, 0xff9c, 0xff9c, 0xff9c, 0xff9c, 0xff9c, 0xff9c, 0xff9c, 0xff9c, 0xff9c, 0xff9c, 0xff9c, 0xff9c, 
	0xff9c, 0xff9c, 0xff9c, 0xff9c, 0xff9c, 0xff9c, 0xff9c, 0xff9b, 0xff9c, 0xff9b, 0xff9b, 0xff9b, 0xff9b, 0xff9b, 0xff9b, 0xff9b, 
	0xa579, 0xa579, 0xa579, 0xa579, 0xa579, 0xa579, 0xa579, 0xa579, 0xa579, 0xa579, 0xa579, 0xa579, 0xa599, 0xa579, 0xa599, 0xa598, 
	0xa578, 0xa598, 0xa598, 0xad98, 0xad98, 0xad98, 0xad98, 0xad98, 0xad98, 0xad98, 0xad98, 0xad98, 0xad98, 0xad98, 0xad98, 0xad98, 
	0xad98, 0xad98, 0xad98, 0xad98, 0xb598, 0xb597, 0xb597, 0xb597, 0xb597, 0xb597, 0xb597, 0xb597, 0xb597, 0xb597, 0xbd97, 0xbd97, 
	0xbd97, 0xbd97, 0xbd97, 0xbd97, 0xbd97, 0xbd97, 0xbdb7, 0xbdb7, 0xbd97, 0xbd97, 0xbdb7, 0xbdb7, 0xbdb7, 0xbdb7, 0xc5b7, 0xc5b7, 
	0xc5b7, 0xc5b7, 0xc5b7, 0xc5b7, 0xc5b7, 0xc5b7, 0xc5b7, 0xc5b7, 0xc5b7, 0xc5b7, 0xc5b7, 0xc5b7, 0xc5b7, 0xc5b7, 0xc5d7, 0xc5d7, 
	0xc5d7, 0xc5d7, 0xcdd7, 0xcdd7, 0xcdd7, 0xcdd7, 0xcdd7, 0xcdd7, 0xcdd7, 0xcdd7, 0xcdd7, 0xcdf7, 0xcdf7, 0xcdf7, 0xcdf7, 0xcdf7, 
	0xcdf7, 0xcdf7, 0xcdf7, 0xcdf7, 0xcdf7, 0xce17, 0xce18, 0xce18, 0xce18, 0xd618, 0xd618, 0xd618, 0xd618, 0xd638, 0xd638, 0xd638, 
	0xd638, 0xd638, 0xd638, 0xd658, 0xd658, 0xd659, 0xd659, 0xd659, 0xd659, 0xde79, 0xde79, 0xde79, 0xde79, 0xde79, 0xde79, 0xde99, 
	0xde99, 0xde99, 0xde99, 0xde9a, 0xdeba, 0xdeba, 0xe6ba, 0xe6ba, 0xe6ba, 0xe6ba, 0xe6ba, 0xe6da, 0xe6da, 0xe6da, 0xe6da, 0xe6da, 
	0xe6da, 0xe6fa, 0xeefa, 0xeefb, 0xeefb, 0xeefb, 0xeefb, 0xeefb, 0xeefb, 0xef1b, 0xef1b, 0xef1b, 0xef1b, 0xef1b, 0xef1b, 0xef1b, 
	0xef1b, 0xf73b, 0xf73b, 0xf73b, 0xf73b, 0xf73b, 0xf73b, 0xf73b, 0xf73b, 0xf73b, 0xf73b, 0xf73b, 0xf73b, 0xf73b, 0xf73b, 0xf75b, 
	0xf75b, 0xf75b, 0xf75b, 0xf75b, 0xf75b, 0xf75b, 0xf75b, 0xf75b, 0xf75b, 0xf75b, 0xf75b, 0xf75c, 0xf75c, 0xf75c, 0xf75c, 0xf75c, 
	0xf75c, 0xf75c, 0xff5c, 0xff5c, 0xff5c, 0xff5c, 0xff5c, 0xff5c, 0xff5c, 0xff5c, 0xff5c, 0xff5c, 0xff5c, 0xff5c, 0xff5c, 0xff5c, 
	0xff5c, 0xff5c, 0xff5c, 0xff5c, 0xff5c, 0xff5c, 0xff5c, 0xff5c, 0xff5c, 0xff5c, 0xff5c, 0xff5c, 0xff5c, 0xff5c, 0xff5c, 0xff7c, 
	0xff7c, 0xff7c, 0xff7c, 0xff7c, 0xff7c, 0xff7c, 0xff7c, 0xff7c, 0xff7c, 0xff7c, 0xff7c, 0xff7c, 0xff7c, 0xff7c, 0xff7c, 0xff7c, 
	0xff7c, 0xff7c, 0xff7c, 0xff7c, 0xff7c, 0xff7c, 0xff7c, 0xff7c, 0xff7c, 0xff7c, 0xff7c, 0xff7c, 0xff7c, 0xff7c, 0xff7c, 0xff7c, 
	0xff7c, 0xff7c, 0xff7c, 0xff7c, 0xff7c, 0xff7c, 0xff7c, 0xff7c, 0xff7c, 0xff7c, 0xff7c, 0xff7c, 0xff7c, 0xff7c, 0xff7c, 0xff7c, 
	0xff9c, 0xff9c, 0xff9c, 0xff9c, 0xff9c, 0xff9c, 0xff9c, 0xff9c, 0xff9c, 0xff9c, 0xff9c, 0xff9c, 0xff9c, 0xff9c, 0xff9c, 0xff9c, 
	0xff9c, 0xff9c, 0xff9c, 0xff9c, 0xff9c, 0xff9c, 0xff9c, 0xff9c, 0xff9c, 0xff9c, 0xff9c, 0xff9c, 0xff9c, 0xff9c, 0xff9c, 0xff9c, 
	0xff9c, 0xff9c, 0xff9c, 0xff9c, 0xff9c, 0xff9c, 0xff9c, 0xff9b, 0xff9c, 0xff9b, 0xff9b, 0xff9b, 0xff9b, 0xff9b, 0xff9b, 0xff9b, 
	0xa579, 0xa579, 0xa579, 0xa579, 0xa579, 0xa579, 0xa579, 0xa579, 0xa579, 0xa579, 0xa579, 0xa579, 0xa599, 0xa579, 0xa599, 0xa598, 
	0xa578, 0xa598, 0xa598, 0xad98, 0xad98, 0xad98, 0xad98, 0xad98, 0xad98, 0xad98, 0xad98, 0xad98, 0xad98, 0xad98, 0xad98, 0xad98, 
	0xad98, 0xad98, 0xb598, 0xb597, 0xb597, 0xb597, 0xb597, 0xb597, 0xb597, 0xb597, 0xb597, 0xb597, 0xb597, 0xb597, 0xbd97, 0xbd97, 
	0xbd97, 0xbd97, 0xbd97, 0xbd97, 0xbd97, 0xbdb7, 0xbdb7, 0xbdb7, 0xbd97, 0xbdb7, 0xbdb7, 0xbdb7, 0xbdb7, 0xc5b7, 0xc5b7, 0xc5b7, 
	0xc5b7, 0xc5b7, 0xc5b7, 0xc5b6, 0xc5b6, 0xc5b6, 0xc5b6, 0xc5b6, 0xc5b6, 0xc5b6, 0xc5b6, 0xc5b6, 0xc5b6, 0xc5d7, 0xc5d7, 0xc5d7, 
	0xcdd7, 0xcdd7, 0xcdd7, 0xcdd7, 0xcdd7, 0xcdd7, 0xcdd7, 0xcdd7, 0xcdd7, 0xcdd7, 0xcdf7, 0xcdf7, 0xcdf7, 0xcdf7, 0xcdf7, 0xcdf7, 
	0xcdf7, 0xcdf7, 0xcdf7, 0xcdf7, 0xce17, 0xce17, 0xce18, 0xce18, 0xd618, 0xd618, 0xd618, 0xd618, 0xd638, 0xd638, 0xd638, 0xd638, 
	0xd638, 0xd638, 0xd638, 0xd658, 0xd658, 0xd659, 0xd659, 0xd659, 0xde59, 0xde79, 0xde79, 0xde79, 0xde79, 0xde79, 0xde79, 0xde99, 
	0xde99, 0xde99, 0xde99, 0xde9a, 0xdeba, 0xe6ba, 0xe6ba, 0xe6ba, 0xe6ba, 0xe6ba, 0xe6da, 0xe6da, 0xe6da, 0xe6da, 0xe6da, 0xe6da, 
	0xe6da, 0xe6fa, 0xeefa, 0xeefb, 0xeefb, 0xeefb, 0xeefb, 0xeefb, 0xeefb, 0xef1b, 0xef1b, 0xef1b, 0xef1b, 0xef1b, 0xef1b, 0xef1b, 
	0xf71b, 0xf73b, 0xf73b, 0xf73b, 0xf73b, 0xf73b, 0xf73b, 0xf73b, 0xf73b, 0xf73b, 0xf73b, 0xf73b, 0xf73b, 0xf73b, 0xf73b, 0xf75b, 
	0xf75b, 0xf75b, 0xf75b, 0xf75b, 0xf75b, 0xf75b, 0xf75b, 0xf75b, 0xf75b, 0xf75b, 0xf75b, 0xf75b, 0xf75b, 0xf75c, 0xf75c, 0xf75c, 
	0xf75c, 0xf75c, 0xff5c, 0xff5c, 0xff5c, 0xff5c, 0xff5c, 0xff5c, 0xff5c, 0xff5c, 0xff5c, 0xff5c, 0xff5c, 0xff5c, 0xff5c, 0xff5c, 
	0xff5c, 0xff5c, 0xff5c, 0xff5c, 0xff5c, 0xff5c, 0xff5c, 0xff5c, 0xff5c, 0xff5c, 0xff5c, 0xff5c, 0xff5c, 0xff5c, 0xff5c, 0xff7c, 
	0xff7c, 0xff7c, 0xff7c, 0xff7c, 0xff7c, 0xff7c, 0xff7c, 0xff7c, 0xff7c, 0xff7c, 0xff7c, 0xff7c, 0xff7c, 0xff7c, 0xff7c, 0xff7c, 
	0xff7c, 0xff7c, 0xff7c, 0xff7c, 0xff7c, 0xff7c, 0xff7c, 0xff7c, 0xff7c, 0xff7c, 0xff7c, 0xff7c, 0xff7c, 0xff7c, 0xff7c, 0xff7c, 
	0xff7c, 0xff7c, 0xff7c, 0xff7c, 0xff7c, 0xff7c, 0xff7c, 0xff7c, 0xff7c, 0xff7c, 0xff7c, 0xff7c, 0xff7c, 0xff7c, 0xff7c, 0xff7c, 
	0xff9c, 0xff9c, 0xff9c, 0xff9c, 0xff9c, 0xff9c, 0xff9c, 0xff9c, 0xff9c, 0xff9c, 0xff9c, 0xff9c, 0xff9c, 0xff9c, 0xff9c, 0xff9c, 
	0xff9c, 0xff9c, 0xff9c, 0xff9c, 0xff9c, 0xff9c, 0xff9c, 0xff9c, 0xff9c, 0xff9c, 0xff9c, 0xff9c, 0xff9c, 0xff9c, 0xff9c, 0xff9c, 
	0xff9c, 0xff9c, 0xff9c, 0xff9c, 0xff9c, 0xff9c, 0xff9c, 0xff9b, 0xff9c, 0xff9b, 0xff9b, 0xff9b, 0xff9b, 0xff9b, 0xff9b, 0xff9b, 
	0xa579, 0xa579, 0xa579, 0xa579, 0xa579, 0xa579, 0xa579, 0xa579, 0xa579, 0xa579, 0xa579, 0xa579, 0xa599, 0xa579, 0xa599, 0xa598, 
	0xa598, 0xa598, 0xad98, 0xad98, 0xad98, 0xad98, 0xad98, 0xad98, 0xad98, 0xad98, 0xad98, 0xad98, 0xad98, 0xad98, 0xad98, 0xad98, 
	0xad98, 0xad98, 0xb598, 0xb597, 0xb597, 0xb597, 0xb597, 0xb597, 0xb597, 0xb597, 0xb597, 0xb597, 0xb597, 0xbd97, 0xbd97, 0xbdb7, 
	0xbd97, 0xbd97, 0xbd97, 0xbd97, 0xbdb7, 0xbdb7, 0xbdb7, 0xbdb7, 0xbdb7, 0xbdb7, 0xbdb7, 0xc5b7, 0xc5b7, 0xc5b7, 0xc5b7, 0xc5b7, 
	0xc5b7, 0xc5b7, 0xc5b6, 0xc5b6, 0xc5b6, 0xc5b6, 0xc5b6, 0xc5b6, 0xc5b6, 0xc5b6, 0xc5b6, 0xc5b6, 0xc5d6, 0xcdd7, 0xcdd7, 0xcdd7, 
	0xcdd7, 0xcdd7, 0xcdd7, 0xcdd7, 0xcdd7, 0xcdd7, 0xcdd7, 0xcdd7, 0xcdd7, 0xcdf7, 0xcdf7, 0xcdf7, 0xcdf7, 0xcdf7, 0xcdf7, 0xcdf7, 
	0xcdf7, 0xcdf7, 0xcdf7, 0xcdf7, 0xce17, 0xce17, 0xd617, 0xd618, 0xd618, 0xd618, 0xd618, 0xd618, 0xd638, 0xd638, 0xd638, 0xd638, 
	0xd638, 0xd638, 0xd658, 0xd658, 0xd658, 0xd659, 0xd659, 0xde59, 0xde59, 0xde79, 0xde79, 0xde79, 0xde79, 0xde79, 0xde99, 0xde99, 
	0xde99, 0xde99, 0xde99, 0xde9a, 0xe6ba, 0xe6ba, 0xe6ba, 0xe6ba, 0xe6ba, 0xe6ba, 0xe6da, 0xe6da, 0xe6da, 0xe6da, 0xe6da, 0xe6da, 
	0xe6fa, 0xeefa, 0xeefa, 0xeefb, 0xeefb, 0xeefb, 0xeefb, 0xeefb, 0xef1b, 0xef1b, 0xef1b, 0xef1b, 0xef1b, 0xef1b, 0xef1b, 0xef1b, 
	0xf71b, 0xf73b, 0xf73b, 0xf73b, 0xf73b, 0xf73b, 0xf73b, 0xf73b, 0xf73b, 0xf73b, 0xf73b, 0xf73b, 0xf73b, 0xf73b, 0xf73b, 0xf73b, 
	0xf75b, 0xf75b, 0xf75b, 0xf75b, 0xf75b, 0xf75b, 0xf75b, 0xf75b, 0xf75b, 0xf75b, 0xf75b, 0xf75b, 0xf75b, 0xf75b, 0xf75b, 0xf75c, 
	0xf75c, 0xff5c, 0xff5c, 0xff5c, 0xff5c, 0xff5c, 0xff5c, 0xff5c, 0xff5c, 0xff5c, 0xff5c, 0xff5c, 0xff5c, 0xff5c, 0xff5c, 0xff5c, 
	0xff5c, 0xff5c, 0xff5c, 0xff5c, 0xff5c, 0xff5c, 0xff5c, 0xff5c, 0xff5c, 0xff5c, 0xff5c, 0xff5c, 0xff5c, 0xff5c, 0xff5c, 0xff5c, 
	0xff7c, 0xff7c, 0xff7c, 0xff7c, 0xff7c, 0xff7c, 0xff7c, 0xff7c, 0xff7c, 0xff7c, 0xff7c, 0xff7c, 0xff7c, 0xff7c, 0xff7c, 0xff7c, 
	0xff7c, 0xff7c, 0xff7c, 0xff7c, 0xff7c, 0xff7c, 0xff7c, 0xff7c, 0xff7c, 0xff7c, 0xff7c, 0xff7c, 0xff7c, 0xff7c, 0xff7c, 0xff7c, 
	0xff7c, 0xff7c, 0xff7c, 0xff7c, 0xff7c, 0xff7c, 0xff7c, 0xff7c, 0xff7c, 0xff7c, 0xff7c, 0xff7c, 0xff7c, 0xff7c, 0xff7c, 0xff7c, 
	0xff9c, 0xff9c, 0xff9c, 0xff9c, 0xff9c, 0xff9c, 0xff9c, 0xff9c, 0xff9c, 0xff9c, 0xff9c, 0xff9c, 0xff9c, 0xff9c, 0xff9c, 0xff9c, 
	0xff9c, 0xff9c, 0xff9c, 0xff9c, 0xff9c, 0xff9c, 0xff9c, 0xff9c, 0xff9c, 0xff9c, 0xff9c, 0xff9c, 0xff9c, 0xff9c, 0xff9c, 0xff9c, 
	0xff9c, 0xff9c, 0xff9c, 0xff9c, 0xff9c, 0xff9c, 0xff9c, 0xff9b, 0xff9c, 0xff9b, 0xff9b, 0xff9b, 0xff9b, 0xff9b, 0xff9b, 0xff9b, 
	0xa579, 0xa579, 0xa579, 0xa579, 0xa579, 0xa579, 0xa579, 0xa579, 0xa579, 0xa579, 0xa579, 0xa579, 0xa599, 0xa579, 0xa599, 0xa598, 
	0xa598, 0xad98, 0xad98, 0xad98, 0xad98, 0xad98, 0xad98, 0xad98, 0xad98, 0xad98, 0xad98, 0xad98, 0xad98, 0xad98, 0xad98, 0xad98, 
	0xb598, 0xb598, 0xb598, 0xb597, 0xb597, 0xb597, 0xb597, 0xb597, 0xb597, 0xb597, 0xb597, 0xb597, 0xbd97, 0xbd97, 0xbd97, 0xbdb7, 
	0xbd97, 0xbd97, 0xbd97, 0xbdb7, 0xbdb7, 0xbdb7, 0xbdb7, 0xbdb7, 0xbdb7, 0xbdb7, 0xc5b7, 0xc5b7, 0xc5b7, 0xc5b7, 0xc5b7, 0xc5b7, 
	0xc5b6, 0xc5b6, 0xc5b6, 0xc5b6, 0xc5b6, 0xc5b6, 0xc5b6, 0xc5b6, 0xc5b6, 0xc5b6, 0xc5b6, 0xc5d6, 0xcdd6, 0xcdd6, 0xcdd7, 0xcdd7, 
	0xcdd7, 0xcdd7, 0xcdd7, 0xcdd7, 0xcdd7, 0xcdd7, 0xcdd7, 0xcdd7, 0xcdf7, 0xcdf7, 0xcdf7, 0xcdf7, 0xcdf7, 0xcdf7, 0xcdf7, 0xcdf7, 
	0xcdf7, 0xcdf7, 0xcdf7, 0xce17, 0xd617, 0xd617, 0xd617, 0xd618, 0xd618, 0xd618, 0xd618, 0xd638, 0xd638, 0xd638, 0xd638, 0xd638, 
	0xd638, 0xd638, 0xd658, 0xd658, 0xd658, 0xd659, 0xde59, 0xde59, 0xde79, 0xde79, 0xde79, 0xde79, 0xde79, 0xde79, 0xde99, 0xde99, 
	0xde99, 0xde99, 0xde99, 0xdeba, 0xe6ba, 0xe6ba, 0xe6ba, 0xe6ba, 0xe6ba, 0xe6ba, 0xe6da, 0xe6da, 0xe6da, 0xe6da, 0xe6da, 0xe6da, 
	0xeefa, 0xeefa, 0xeefa, 0xeefb, 0xeefb, 0xeefb, 0xeefb, 0xeefb, 0xef1b, 0xef1b, 0xef1b, 0xef1b, 0xef1b, 0xef1b, 0xef1b, 0xf71b, 
	0xf71b, 0xf73b, 0xf73b, 0xf73b, 0xf73b, 0xf73b, 0xf73b, 0xf73b, 0xf73b, 0xf73b, 0xf73b, 0xf73b, 0xf73b, 0xf73b, 0xf73b, 0xf73b, 
	0xf75b, 0xf75b, 0xf75b, 0xf75b, 0xf75b, 0xf75b, 0xf75b, 0xf75b, 0xf75b, 0xf75b, 0xf75b, 0xf75b, 0xf75b, 0xf75b, 0xf75b, 0xf75b, 
	0xff5c, 0xff5c, 0xff5c, 0xff5c, 0xff5c, 0xff5c, 0xff5c, 0xff5c, 0xff5c, 0xff5c, 0xff5c, 0xff5c, 0xff5c, 0xff5c, 0xff5c, 0xff5c, 
	0xff5c, 0xff5c, 0xff5c, 0xff5c, 0xff5c, 0xff5c, 0xff5c, 0xff5c, 0xff5c, 0xff5c, 0xff5c, 0xff5c, 0xff5c, 0xff5c, 0xff5c, 0xff5c, 
	0xff7c, 0xff7c, 0xff7c, 0xff7c, 0xff7c, 0xff7c, 0xff7c, 0xff7c, 0xff7c, 0xff7c, 0xff7c, 0xff7c, 0xff7c, 0xff7c, 0xff7c, 0xff7c, 
	0xff7c, 0xff7c, 0xff7c, 0xff7c, 0xff7c, 0xff7c, 0xff7c, 0xff7c, 0xff7c, 0xff7c, 0xff7c, 0xff7c, 0xff7c, 0xff7c, 0xff7c, 0xff7c, 
	0xff7c, 0xff7c, 0xff7c, 0xff7c, 0xff7c, 0xff7c, 0xff7c, 0xff7c, 0xff7c, 0xff7c, 0xff7c, 0xff7c, 0xff7c, 0xff7c, 0xff7c, 0xff7c, 
	0xff9c, 0xff9c, 0xff9c, 0xff9c, 0xff9c, 0xff9c, 0xff9c, 0xff9c, 0xff9c, 0xff9c, 0xff9c, 0xff9c, 0xff9c, 0xff9c, 0xff9c, 0xff9c, 
	0xff9c, 0xff9c, 0xff9c, 0xff9c, 0xff9c, 0xff9c, 0xff9c, 0xff9c, 0xff9c, 0xff9c, 0xff9c, 0xff9c, 0xff9c, 0xff9c, 0xff9c, 0xff9c, 
	0xff9c, 0xff9c, 0xff9c, 0xff9c, 0xff9c, 0xff9c, 0xff9c, 0xff9b, 0xff9c, 0xff9b, 0xff9b, 0xff9b, 0xff9b, 0xff9b, 0xff9b, 0xff9b, 
	0xa579, 0xa579, 0xa579, 0xa579, 0xa579, 0xa579, 0xa579, 0xa579, 0xa579, 0xa579, 0xa579, 0xa599, 0xa599, 0xa579, 0xa598, 0xa598, 
	0xad98, 0xad98, 0xad98, 0xad98, 0xad98, 0xad98, 0xad98, 0xad98, 0xad98, 0xad98, 0xad98, 0xad98, 0xad98, 0xad98, 0xad98, 0xad98, 
	0xb598, 0xb598, 0xb598, 0xb597, 0xb597, 0xb597, 0xb597, 0xb597, 0xb597, 0xb597, 0xb597, 0xbd97, 0xbd97, 0xbd97, 0xbdb7, 0xbdb7, 
	0xbd97, 0xbd97, 0xbdb7, 0xbdb7, 0xbdb7, 0xbdb7, 0xbdb7, 0xbdb7, 0xbdb7, 0xc5b7, 0xc5b7, 0xc5b7, 0xc5b7, 0xc5b7, 0xc5b7, 0xc5b7, 
	0xc5b6, 0xc5b6, 0xc5b6, 0xc5b6, 0xc5b6, 0xc5b6, 0xc5b6, 0xc5b6, 0xc5b6, 0xcdd6, 0xcdd6, 0xcdd6, 0xcdd6, 0xcdd6, 0xcdd7, 0xcdd7, 
	0xcdd7, 0xcdd7, 0xcdd7, 0xcdd7, 0xcdd7, 0xcdd7, 0xcdd7, 0xcdd7, 0xcdf7, 0xcdf7, 0xcdf7, 0xcdf7, 0xcdf7, 0xcdf7, 0xcdf7, 0xcdf7, 
	0xcdf7, 0xd5f7, 0xd617, 0xd617, 0xd617, 0xd617, 0xd617, 0xd618, 0xd618, 0xd618, 0xd618, 0xd638, 0xd638, 0xd638, 0xd638, 0xd638, 
	0xd638, 0xd658, 0xd658, 0xd658, 0xde58, 0xde59, 0xde59, 0xde59, 0xde79, 0xde79, 0xde79, 0xde79, 0xde79, 0xde79, 0xde99, 0xde99, 
	0xde99, 0xde99, 0xde99, 0xe6ba, 0xe6ba, 0xe6ba, 0xe6ba, 0xe6ba, 0xe6ba, 0xe6ba, 0xe6da, 0xe6da, 0xe6da, 0xe6da, 0xe6da, 0xe6da, 
	0xeefa, 0xeefa, 0xeefa, 0xeefb, 0xeefb, 0xeefb, 0xeefb, 0xeefb, 0xef1b, 0xef1b, 0xef1b, 0xef1b, 0xef1b, 0xef1b, 0xef1b, 0xf71b, 
	0xf71b, 0xf73b, 0xf73b, 0xf73b, 0xf73b, 0xf73b, 0xf73b, 0xf73b, 0xf73b, 0xf73b, 0xf73b, 0xf73b, 0xf73b, 0xf73b, 0xf73b, 0xf73b, 
	0xf75b, 0xf75b, 0xf75b, 0xf75b, 0xf75b, 0xf75b, 0xf75b, 0xf75b, 0xf75b, 0xf75b, 0xf75b, 0xf75b, 0xf75b, 0xf75b, 0xf75b, 0xf75b, 
	0xff5b, 0xff5b, 0xff5c, 0xff5c, 0xff5c, 0xff5c, 0xff5c, 0xff5c, 0xff5c, 0xff5c, 0xff5c, 0xff5c, 0xff5c, 0xff5c, 0xff5c, 0xff5c, 
	0xff5c, 0xff5c, 0xff5c, 0xff5c, 0xff5c, 0xff5c, 0xff5c, 0xff5c, 0xff5c, 0xff5c, 0xff5c, 0xff5c, 0xff5c, 0xff5c, 0xff5c, 0xff5c, 
	0xff7c, 0xff7c, 0xff7c, 0xff7c, 0xff7c, 0xff7c, 0xff7c, 0xff7c, 0xff7c, 0xff7c, 0xff7c, 0xff7c, 0xff7c, 0xff7c, 0xff7c, 0xff7c, 
	0xff7c, 0xff7c, 0xff7c, 0xff7c, 0xff7c, 0xff7c, 0xff7c, 0xff7c, 0xff7c, 0xff7c, 0xff7c, 0xff7c, 0xff7c, 0xff7c, 0xff7c, 0xff7c, 
	0xff7c, 0xff7c, 0xff7c, 0xff7c, 0xff7c, 0xff7c, 0xff7c, 0xff7c, 0xff7c, 0xff7c, 0xff7c, 0xff7c, 0xff7c, 0xff7c, 0xff7c, 0xff7c, 
	0xff9c, 0xff9c, 0xff9c, 0xff9c, 0xff9c, 0xff9c, 0xff9c, 0xff9c, 0xff9c, 0xff9c, 0xff9c, 0xff9c, 0xff9c, 0xff9c, 0xff9c, 0xff9c, 
	0xff9c, 0xff9c, 0xff9c, 0xff9c, 0xff9c, 0xff9c, 0xff9c, 0xff9c, 0xff9c, 0xff9c, 0xff9c, 0xff9c, 0xff9c, 0xff9c, 0xff9c, 0xff9c, 
	0xff9c, 0xff9c, 0xff9c, 0xff9c, 0xff9c, 0xff9c, 0xff9c, 0xff9b, 0xff9c, 0xff9b, 0xff9b, 0xff9b, 0xff9b, 0xff9b, 0xff9b, 0xff9b, 
	0xa579, 0xa579, 0xa579, 0xa579, 0xa579, 0xa579, 0xa579, 0xa579, 0xa579, 0xa579, 0xa579, 0xa599, 0xa599, 0xa599, 0xa598, 0xad98, 
	0xad98, 0xad98, 0xad98, 0xad98, 0xad98, 0xad98, 0xad98, 0xad98, 0xad98, 0xad98, 0xad98, 0xad98, 0xad98, 0xad98, 0xad98, 0xb598, 
	0xb598, 0xb598, 0xb598, 0xb597, 0xb597, 0xb597, 0xb597, 0xb597, 0xb597, 0xb597, 0xbd97, 0xbd97, 0xbd97, 0xbdb7, 0xbdb7, 0xbdb7, 
	0xbd97, 0xbdb7, 0xbdb7, 0xbdb7, 0xbdb7, 0xbdb7, 0xbdb7, 0xc5b7, 0xc5b7, 0xc5b7, 0xc5b7, 0xc5b7, 0xc5b7, 0xc5b7, 0xc5b7, 0xc5b6, 
	0xc5b6, 0xc5b6, 0xc5b6, 0xc5b6, 0xc5b6, 0xc5b6, 0xc5b6, 0xc5b6, 0xcdd6, 0xcdd6, 0xcdd6, 0xcdd6, 0xcdd6, 0xcdd6, 0xcdd6, 0xcdd7, 
	0xcdd7, 0xcdd7, 0xcdd7, 0xcdd7, 0xcdd7, 0xcdd7, 0xcdd7, 0xcdf7, 0xcdf7, 0xcdf7, 0xcdf7, 0xcdf7, 0xcdf7, 0xcdf7, 0xcdf7, 0xd5f7, 
	0xd5f7, 0xd5f7, 0xd617, 0xd617, 0xd617, 0xd617, 0xd617, 0xd618, 0xd618, 0xd618, 0xd638, 0xd638, 0xd638, 0xd638, 0xd638, 0xd638, 
	0xd638, 0xd658, 0xd658, 0xde58, 0xde58, 0xde59, 0xde59, 0xde79, 0xde79, 0xde79, 0xde79, 0xde79, 0xde79, 0xde79, 0xde99, 0xde99, 
	0xde99, 0xde99, 0xe699, 0xe6ba, 0xe6ba, 0xe6ba, 0xe6ba, 0xe6ba, 0xe6ba, 0xe6da, 0xe6da, 0xe6da, 0xe6da, 0xe6da, 0xe6da, 0xeeda, 
	0xeefa, 0xeefa, 0xeefa, 0xeefa, 0xeefb, 0xeefb, 0xeefb, 0xeefb, 0xef1b, 0xef1b, 0xef1b, 0xef1b, 0xef1b, 0xef1b, 0xef1b, 0xf71b, 
	0xf71b, 0xf73b, 0xf73b, 0xf73b, 0xf73b, 0xf73b, 0xf73b, 0xf73b, 0xf73b, 0xf73b, 0xf73b, 0xf73b, 0xf73b, 0xf73b, 0xf73b, 0xf73b, 
	0xf73b, 0xf75b, 0xf75b, 0xf75b, 0xf75b, 0xf75b, 0xf75b, 0xf75b, 0xf75b, 0xf75b, 0xf75b, 0xf75b, 0xf75b, 0xf75b, 0xf75b, 0xf75b, 
	0xff5b, 0xff5b, 0xff5b, 0xff5c, 0xff5c, 0xff5c, 0xff5c, 0xff5c, 0xff5c, 0xff5c, 0xff5c, 0xff5c, 0xff5c, 0xff5c, 0xff5c, 0xff5c, 
	0xff5c, 0xff5c, 0xff5c, 0xff5c, 0xff5c, 0xff5c, 0xff5c, 0xff5c, 0xff5c, 0xff5c, 0xff5c, 0xff5c, 0xff5c, 0xff5c, 0xff5c, 0xff5c, 
	0xff5c, 0xff7c, 0xff7c, 0xff7c, 0xff7c, 0xff7c, 0xff7c, 0xff7c, 0xff7c, 0xff7c, 0xff7c, 0xff7c, 0xff7c, 0xff7c, 0xff7c, 0xff7c, 
	0xff7c, 0xff7c, 0xff7c, 0xff7c, 0xff7c, 0xff7c, 0xff7c, 0xff7c, 0xff7c, 0xff7c, 0xff7c, 0xff7c, 0xff7c, 0xff7c, 0xff7c, 0xff7c, 
	0xff7c, 0xff7c, 0xff7c, 0xff7c, 0xff7c, 0xff7c, 0xff7c, 0xff7c, 0xff7c, 0xff7c, 0xff7c, 0xff7c, 0xff7c, 0xff7c, 0xff7c, 0xff7c, 
	0xff9c, 0xff9c, 0xff9c, 0xff9c, 0xff9c, 0xff9c, 0xff9c, 0xff9c, 0xff9c, 0xff9c, 0xff9c, 0xff9c, 0xff9c, 0xff9c, 0xff9c, 0xff9c, 
	0xff9c, 0xff9c, 0xff9c, 0xff9c, 0xff9c, 0xff9c, 0xff9c, 0xff9c, 0xff9c, 0xff9c, 0xff9c, 0xff9c, 0xff9c, 0xff9c, 0xff9c, 0xff9c, 
	0xff9c, 0xff9c, 0xff9c, 0xff9c, 0xff9c, 0xff9c, 0xff9c, 0xff9b, 0xff9c, 0xff9b, 0xff9b, 0xff9b, 0xff9b, 0xff9b, 0xff9b, 0xff9b, 
	0xa579, 0xa579, 0xa579, 0xa579, 0xa579, 0xa579, 0xa579, 0xa579, 0xa579, 0xa599, 0xa599, 0xa599, 0xa599, 0xa599, 0xa598, 0xad98, 
	0xad98, 0xad98, 0xad98, 0xad98, 0xad98, 0xad98, 0xad98, 0xad98, 0xad98, 0xad98, 0xad98, 0xad98, 0xad98, 0xad98, 0xad98, 0xb598, 
	0xb598, 0xb598, 0xb598, 0xb597, 0xb597, 0xb597, 0xb597, 0xb597, 0xb597, 0xb597, 0xbd97, 0xbd97, 0xbdb7, 0xbdb7, 0xbdb7, 0xbdb7, 
	0xbdb7, 0xbdb7, 0xbdb7, 0xbdb7, 0xbdb7, 0xc5b7, 0xc5b7, 0xc5b7, 0xc5b7, 0xc5b7, 0xc5b7, 0xc5b7, 0xc5b7, 0xc5b7, 0xc5b7, 0xc5b6, 
	0xc5b6, 0xc5b6, 0xc5b6, 0xc5b6, 0xc5b6, 0xc5b6, 0xcdb6, 0xcdd6, 0xcdd6, 0xcdd6, 0xcdd6, 0xcdd6, 0xcdd6, 0xcdd6, 0xcdd6, 0xcdd7, 
	0xcdd7, 0xcdd7, 0xcdd7, 0xcdd7, 0xcdd7, 0xcdd7, 0xcdf7, 0xcdf7, 0xcdf7, 0xcdf7, 0xcdf7, 0xcdf7, 0xd5f7, 0xd5f7, 0xd5f7, 0xd5f7, 
	0xd5f7, 0xd617, 0xd617, 0xd617, 0xd617, 0xd617, 0xd617, 0xd618, 0xd618, 0xd638, 0xd638, 0xd638, 0xd638, 0xd638, 0xd638, 0xd638, 
	0xd638, 0xd658, 0xde58, 0xde58, 0xde58, 0xde59, 0xde59, 0xde79, 0xde79, 0xde79, 0xde79, 0xde79, 0xde79, 0xde99, 0xde99, 0xde99, 
	0xde99, 0xe699, 0xe699, 0xe6b9, 0xe6ba, 0xe6ba, 0xe6ba, 0xe6ba, 0xe6ba, 0xe6da, 0xe6da, 0xe6da, 0xe6da, 0xe6da, 0xe6da, 0xeeda, 
	0xeefa, 0xeefa, 0xeefa, 0xeefa, 0xeefb, 0xeefb, 0xeefb, 0xeefb, 0xef1b, 0xef1b, 0xef1b, 0xef1b, 0xef1b, 0xef1b, 0xf71b, 0xf71b, 
	0xf71b, 0xf73b, 0xf73b, 0xf73b, 0xf73b, 0xf73b, 0xf73b, 0xf73b, 0xf73b, 0xf73b, 0xf73b, 0xf73b, 0xf73b, 0xf73b, 0xf73b, 0xf73b, 
	0xf73b, 0xf73b, 0xf75b, 0xf75b, 0xf75b, 0xf75b, 0xf75b, 0xf75b, 0xf75b, 0xf75b, 0xf75b, 0xf75b, 0xf75b, 0xf75b, 0xf75b, 0xff5b, 
	0xff5b, 0xff5b, 0xff5b, 0xff5b, 0xff5b, 0xff5b, 0xff5b, 0xff5b, 0xff5b, 0xff5b, 0xff5b, 0xff5c, 0xff5c, 0xff5c, 0xff5c, 0xff5c, 
	0xff5c, 0xff5c, 0xff5c, 0xff5c, 0xff5c, 0xff5c, 0xff5c, 0xff5c, 0xff5c, 0xff5c, 0xff5c, 0xff5c, 0xff5c, 0xff5c, 0xff5c, 0xff5c, 
	0xff5c, 0xff5c, 0xff7c, 0xff7c, 0xff7c, 0xff7c, 0xff7c, 0xff7c, 0xff7c, 0xff7c, 0xff7c, 0xff7c, 0xff7c, 0xff7c, 0xff7c, 0xff7c, 
	0xff7c, 0xff7c, 0xff7c, 0xff7c, 0xff7c, 0xff7c, 0xff7c, 0xff7c, 0xff7c, 0xff7c, 0xff7c, 0xff7c, 0xff7c, 0xff7c, 0xff7c, 0xff7c, 
	0xff7c, 0xff7c, 0xff7c, 0xff7c, 0xff7c, 0xff7c, 0xff7c, 0xff7c, 0xff7c, 0xff7c, 0xff7c, 0xff7c, 0xff7c, 0xff7c, 0xff7c, 0xff7c, 
	0xff9c, 0xff9c, 0xff9c, 0xff9c, 0xff9c, 0xff7c, 0xff9c, 0xff9c, 0xff9c, 0xff9c, 0xff9c, 0xff9c, 0xff9c, 0xff9c, 0xff9c, 0xff9c, 
	0xff9c, 0xff9c, 0xff9c, 0xff9c, 0xff9c, 0xff9c, 0xff9c, 0xff9c, 0xff9c, 0xff9c, 0xff9c, 0xff9c, 0xff9c, 0xff9c, 0xff9c, 0xff9c, 
	0xff9c, 0xff9c, 0xff9c, 0xff9c, 0xff9c, 0xff9c, 0xff9c, 0xff9b, 0xff9c, 0xff9b, 0xff9b, 0xff9b, 0xff9b, 0xff9b, 0xff9b, 0xff9b, 
	0xa579, 0xa579, 0xa579, 0xa579, 0xa579, 0xa579, 0xa579, 0xa579, 0xa579, 0xa599, 0xa599, 0xa599, 0xa599, 0xa599, 0xa598, 0xad98, 
	0xad98, 0xad98, 0xad98, 0xad98, 0xad98, 0xad98, 0xad98, 0xad98, 0xad98, 0xad98, 0xad98, 0xad98, 0xad98, 0xad98, 0xad98, 0xb598, 
	0xb598, 0xb598, 0xb598, 0xb597, 0xb597, 0xb597, 0xb597, 0xb597, 0xb597, 0xbd97, 0xbd97, 0xbdb7, 0xbdb7, 0xbdb7, 0xbdb7, 0xbdb7, 
	0xbdb7, 0xbdb7, 0xbdb7, 0xbdb7, 0xc5b7, 0xc5b7, 0xc5b7, 0xc5b7, 0xc5b7, 0xc5b7, 0xc5b7, 0xc5b7, 0xc5b7, 0xc5b7, 0xc5b6, 0xc5b6, 
	0xc5b6, 0xc5b6, 0xc5b6, 0xc5b6, 0xcdb6, 0xcdb6, 0xcdd6, 0xcdd6, 0xcdd6, 0xcdd6, 0xcdd6, 0xcdd6, 0xcdd6, 0xcdd6, 0xcdd6, 0xcdd7, 
	0xcdd7, 0xcdd7, 0xcdd7, 0xcdd7, 0xcdd7, 0xcdf7, 0xcdf7, 0xcdf7, 0xcdf7, 0xcdf7, 0xd5f7, 0xd5f7, 0xd5f7, 0xd5f7, 0xd5f7, 0xd5f7, 
	0xd617, 0xd617, 0xd617, 0xd617, 0xd617, 0xd617, 0xd617, 0xd617, 0xd618, 0xd638, 0xd638, 0xd638, 0xd638, 0xd638, 0xd638, 0xd638, 
	0xd658, 0xde58, 0xde58, 0xde58, 0xde58, 0xde59, 0xde59, 0xde79, 0xde79, 0xde79, 0xde79, 0xde79, 0xde79, 0xde99, 0xde99, 0xde99, 
	0xde99, 0xe699, 0xe699, 0xe6b9, 0xe6ba, 0xe6ba, 0xe6ba, 0xe6ba, 0xe6ba, 0xe6da, 0xe6da, 0xe6da, 0xe6da, 0xe6da, 0xeeda, 0xeeda, 
	0xeefa, 0xeefa, 0xeefa, 0xeefa, 0xeefa, 0xeefb, 0xeefb, 0xeefb, 0xef1b, 0xef1b, 0xef1b, 0xef1b, 0xef1b, 0xef1b, 0xf71b, 0xf71b, 
	0xf71b, 0xf73b, 0xf73b, 0xf73b, 0xf73b, 0xf73b, 0xf73b, 0xf73b, 0xf73b, 0xf73b, 0xf73b, 0xf73b, 0xf73b, 0xf73b, 0xf73b, 0xf73b, 
	0xf73b, 0xf73b, 0xf75b, 0xf75b, 0xf75b, 0xf75b, 0xf75b, 0xf75b, 0xf75b, 0xf75b, 0xf75b, 0xf75b, 0xf75b, 0xf75b, 0xf75b, 0xff5b, 
	0xff5b, 0xff5b, 0xff5b, 0xff5b, 0xff5b, 0xff5b, 0xff5b, 0xff5b, 0xff5b, 0xff5b, 0xff5b, 0xff5b, 0xff5b, 0xff5b, 0xff5b, 0xff5b, 
	0xff5b, 0xff5b, 0xff5b, 0xff5b, 0xff5b, 0xff5c, 0xff5c, 0xff5c, 0xff5c, 0xff5c, 0xff5c, 0xff5c, 0xff5c, 0xff5c, 0xff5c, 0xff5c, 
	0xff5c, 0xff5c, 0xff7c, 0xff7c, 0xff7c, 0xff7c, 0xff7c, 0xff7c, 0xff7c, 0xff7c, 0xff7c, 0xff7c, 0xff7c, 0xff7c, 0xff7c, 0xff7c, 
	0xff7c, 0xff7c, 0xff7c, 0xff7c, 0xff7c, 0xff7c, 0xff7c, 0xff7c, 0xff7c, 0xff7c, 0xff7c, 0xff7c, 0xff7c, 0xff7c, 0xff7c, 0xff7c, 
	0xff7c, 0xff7c, 0xff7c, 0xff7c, 0xff7c, 0xff7c, 0xff7c, 0xff7c, 0xff7c, 0xff7c, 0xff7c, 0xff7c, 0xff7c, 0xff7c, 0xff7c, 0xff7c, 
	0xff9c, 0xff9c, 0xff9c, 0xff9c, 0xff9c, 0xff7c, 0xff9c, 0xff9c, 0xff9c, 0xff9c, 0xff9c, 0xff9c, 0xff9c, 0xff9c, 0xff9c, 0xff9c, 
	0xff9c, 0xff9c, 0xff9c, 0xff9c, 0xff9c, 0xff9c, 0xff9c, 0xff9c, 0xff9c, 0xff9c, 0xff9c, 0xff9c, 0xff9c, 0xff9c, 0xff9c, 0xff9c, 
	0xff9c, 0xff9c, 0xff9c, 0xff9c, 0xff9c, 0xff9c, 0xff9c, 0xff9b, 0xff9c, 0xff9b, 0xff9b, 0xff9b, 0xff9b, 0xff9b, 0xff9b, 0xff9b, 
	0xa579, 0xa579, 0xa579, 0xa579, 0xa579, 0xa579, 0xa579, 0xa599, 0xa599, 0xa599, 0xa599, 0xa599, 0xa599, 0xa599, 0xad98, 0xad98, 
	0xad98, 0xad98, 0xad98, 0xad98, 0xad98, 0xad98, 0xad98, 0xad98, 0xad98, 0xad98, 0xad98, 0xad98, 0xad98, 0xad98, 0xb598, 0xb598, 
	0xb598, 0xb598, 0xb598, 0xb597, 0xb597, 0xb597, 0xb597, 0xb597, 0xb597, 0xbd97, 0xbdb7, 0xbdb7, 0xbdb7, 0xbdb7, 0xbdb7, 0xbdb7, 
	0xbdb7, 0xbdb7, 0xbdb7, 0xc5b7, 0xc5b7, 0xc5b7, 0xc5b7, 0xc5b7, 0xc5b7, 0xc5b7, 0xc5b7, 0xc5b7, 0xc5b7, 0xc5b6, 0xc5b6, 0xc5b6, 
	0xc5b6, 0xc5b6, 0xcdb6, 0xcdb6, 0xcdd6, 0xcdd6, 0xcdd6, 0xcdd6, 0xcdd6, 0xcdd6, 0xcdd6, 0xcdd6, 0xcdd6, 0xcdd6, 0xcdd6, 0xcdd6, 
	0xcdd7, 0xcdd7, 0xcdd7, 0xcdd7, 0xcdf7, 0xcdf7, 0xcdf7, 0xd5f7, 0xd5f7, 0xd5f7, 0xd5f7, 0xd5f7, 0xd5f7, 0xd5f7, 0xd5f7, 0xd617, 
	0xd617, 0xd617, 0xd617, 0xd617, 0xd617, 0xd617, 0xd617, 0xd617, 0xd638, 0xd638, 0xd638, 0xd638, 0xd638, 0xd638, 0xd638, 0xde38, 
	0xde58, 0xde58, 0xde58, 0xde58, 0xde58, 0xde58, 0xde79, 0xde79, 0xde79, 0xde79, 0xde79, 0xde79, 0xde79, 0xde99, 0xde99, 0xde99, 
	0xe699, 0xe699, 0xe699, 0xe6b9, 0xe6ba, 0xe6ba, 0xe6ba, 0xe6ba, 0xe6ba, 0xe6da, 0xe6da, 0xe6da, 0xe6da, 0xe6da, 0xeeda, 0xeeda, 
	0xeefa, 0xeefa, 0xeefa, 0xeefa, 0xeefa, 0xeefb, 0xeefb, 0xeefb, 0xef1b, 0xef1b, 0xef1b, 0xef1b, 0xef1b, 0xf71b, 0xf71b, 0xf71b, 
	0xf71b, 0xf71b, 0xf73b, 0xf73b, 0xf73b, 0xf73b, 0xf73b, 0xf73b, 0xf73b, 0xf73b, 0xf73b, 0xf73b, 0xf73b, 0xf73b, 0xf73b, 0xf73b, 
	0xf73b, 0xf73b, 0xf73b, 0xf75b, 0xf75b, 0xf75b, 0xf75b, 0xf75b, 0xf75b, 0xf75b, 0xf75b, 0xf75b, 0xf75b, 0xf75b, 0xff5b, 0xff5b, 
	0xff5b, 0xff5b, 0xff5b, 0xff5b, 0xff5b, 0xff5b, 0xff5b, 0xff5b, 0xff5b, 0xff5b, 0xff5b, 0xff5b, 0xff5b, 0xff5b, 0xff5b, 0xff5b, 
	0xff5b, 0xff5b, 0xff5b, 0xff5b, 0xff5b, 0xff5b, 0xff5b, 0xff5c, 0xff5c, 0xff5c, 0xff5c, 0xff5c, 0xff5c, 0xff5c, 0xff5c, 0xff5c, 
	0xff5c, 0xff5c, 0xff5c, 0xff7c, 0xff7c, 0xff7c, 0xff7c, 0xff7c, 0xff7c, 0xff7c, 0xff7c, 0xff7c, 0xff7c, 0xff7c, 0xff7c, 0xff7c, 
	0xff7c, 0xff7c, 0xff7c, 0xff7c, 0xff7c, 0xff7c, 0xff7c, 0xff7c, 0xff7c, 0xff7c, 0xff7c, 0xff7c, 0xff7c, 0xff7c, 0xff7c, 0xff7c, 
	0xff7c, 0xff7c, 0xff7c, 0xff7c, 0xff7c, 0xff7c, 0xff7c, 0xff7c, 0xff7c, 0xff7c, 0xff7c, 0xff7c, 0xff7c, 0xff7c, 0xff7c, 0xff7c, 
	0xff9c, 0xff9c, 0xff9c, 0xff9c, 0xff9c, 0xff7c, 0xff9c, 0xff9c, 0xff9c, 0xff7c, 0xff9c, 0xff9c, 0xff9c, 0xff9c, 0xff9c, 0xff9c, 
	0xff9c, 0xff9c, 0xff9c, 0xff9c, 0xff9c, 0xff9c, 0xff9c, 0xff9c, 0xff9c, 0xff9c, 0xff9c, 0xff9c, 0xff9c, 0xff9c, 0xff9c, 0xff9c, 
	0xff9c, 0xff9c, 0xff9c, 0xff9c, 0xff9c, 0xff9b, 0xff9c, 0xff9b, 0xff9c, 0xff9b, 0xff9b, 0xff9b, 0xff9b, 0xff9b, 0xff9b, 0xff9b, 
	0xa579, 0xa579, 0xa579, 0xa579, 0xa579, 0xa579, 0xa579, 0xa599, 0xa599, 0xa599, 0xa599, 0xa599, 0xa599, 0xad99, 0xad98, 0xad98, 
	0xad98, 0xad98, 0xad98, 0xad98, 0xad98, 0xad98, 0xad98, 0xad98, 0xad98, 0xad98, 0xad98, 0xad98, 0xad98, 0xad98, 0xb598, 0xb598, 
	0xb598, 0xb598, 0xb598, 0xb597, 0xb597, 0xb597, 0xb597, 0xb597, 0xbd97, 0xbd97, 0xbdb7, 0xbdb7, 0xbdb7, 0xbdb7, 0xbdb7, 0xbdb7, 
	0xbdb7, 0xbdb7, 0xbdb7, 0xc5b7, 0xc5b7, 0xc5b7, 0xc5b7, 0xc5b7, 0xc5b7, 0xc5b7, 0xc5b7, 0xc5b7, 0xc5b6, 0xc5b6, 0xc5b6, 0xc5b6, 
	0xc5b6, 0xcdb6, 0xcdb6, 0xcdd6, 0xcdd6, 0xcdd6, 0xcdd6, 0xcdd6, 0xcdd6, 0xcdd6, 0xcdd6, 0xcdd6, 0xcdd6, 0xcdd6, 0xcdd6, 0xcdd6, 
	0xcdd7, 0xcdd7, 0xcdd7, 0xcdf7, 0xcdf7, 0xcdf7, 0xd5f7, 0xd5f7, 0xd5f7, 0xd5f7, 0xd5f7, 0xd5f7, 0xd5f7, 0xd5f7, 0xd5f7, 0xd617, 
	0xd617, 0xd617, 0xd617, 0xd617, 0xd617, 0xd617, 0xd617, 0xd637, 0xd638, 0xd638, 0xd638, 0xd638, 0xd638, 0xd638, 0xde38, 0xde58, 
	0xde58, 0xde58, 0xde58, 0xde58, 0xde58, 0xde58, 0xde79, 0xde79, 0xde79, 0xde79, 0xde79, 0xde79, 0xde99, 0xde99, 0xde99, 0xe699, 
	0xe699, 0xe699, 0xe699, 0xe6b9, 0xe6ba, 0xe6ba, 0xe6ba, 0xe6ba, 0xe6ba, 0xe6da, 0xe6da, 0xe6da, 0xe6da, 0xeeda, 0xeeda, 0xeeda, 
	0xeefa, 0xeefa, 0xeefa, 0xeefa, 0xeefa, 0xeefa, 0xeefb, 0xeefb, 0xef1b, 0xef1b, 0xef1b, 0xef1b, 0xef1b, 0xf71b, 0xf71b, 0xf71b, 
	0xf71b, 0xf71b, 0xf73b, 0xf73b, 0xf73b, 0xf73b, 0xf73b, 0xf73b, 0xf73b, 0xf73b, 0xf73b, 0xf73b, 0xf73b, 0xf73b, 0xf73b, 0xf73b, 
	0xf73b, 0xf73b, 0xf73b, 0xf73b, 0xf75b, 0xf75b, 0xf75b, 0xf75b, 0xf75b, 0xf75b, 0xf75b, 0xf75b, 0xf75b, 0xff5b, 0xff5b, 0xff5b, 
	0xff5b, 0xff5b, 0xff5b, 0xff5b, 0xff5b, 0xff5b, 0xff5b, 0xff5b, 0xff5b, 0xff5b, 0xff5b, 0xff5b, 0xff5b, 0xff5b, 0xff5b, 0xff5b, 
	0xff5b, 0xff5b, 0xff5b, 0xff5b, 0xff5b, 0xff5b, 0xff5b, 0xff5b, 0xff5c, 0xff5c, 0xff5c, 0xff5c, 0xff5c, 0xff5c, 0xff5c, 0xff5c, 
	0xff5c, 0xff5c, 0xff5c, 0xff5c, 0xff7c, 0xff7c, 0xff7c, 0xff7c, 0xff7c, 0xff7c, 0xff7c, 0xff7c, 0xff7c, 0xff7c, 0xff7c, 0xff7c, 
	0xff7c, 0xff7c, 0xff7c, 0xff7c, 0xff7c, 0xff7c, 0xff7c, 0xff7c, 0xff7c, 0xff7c, 0xff7c, 0xff7c, 0xff7c, 0xff7c, 0xff7c, 0xff7c, 
	0xff7c, 0xff7c, 0xff7c, 0xff7c, 0xff7c, 0xff7c, 0xff7c, 0xff7c, 0xff7c, 0xff7c, 0xff7c, 0xff7c, 0xff7c, 0xff7c, 0xff7c, 0xff7c, 
	0xff9c, 0xff9c, 0xff9c, 0xff9c, 0xff7c, 0xff7c, 0xff9c, 0xff9c, 0xff9c, 0xff7c, 0xff9c, 0xff9c, 0xff9c, 0xff9c, 0xff9c, 0xff9c, 
	0xff9c, 0xff9c, 0xff9c, 0xff9c, 0xff9c, 0xff9c, 0xff9c, 0xff9c, 0xff9c, 0xff9c, 0xff9c, 0xff9c, 0xff9c, 0xff9c, 0xff9c, 0xff9c, 
	0xff9c, 0xff9c, 0xff9c, 0xff9c, 0xff9c, 0xff9b, 0xff9c, 0xff9b, 0xff9b, 0xff9b, 0xff9b, 0xff9b, 0xff9b, 0xff9b, 0xff9b, 0xff9b, 
	0xa579, 0xa579, 0xa579, 0xa579, 0xa579, 0xa599, 0xa579, 0xa599, 0xa599, 0xa599, 0xa599, 0xa599, 0xad99, 0xad99, 0xad98, 0xad98, 
	0xad98, 0xad98, 0xad98, 0xad98, 0xad98, 0xad98, 0xad98, 0xad98, 0xad98, 0xad98, 0xad98, 0xad98, 0xb598, 0xb598, 0xb598, 0xb598, 
	0xb598, 0xb597, 0xb597, 0xb597, 0xb597, 0xb597, 0xb597, 0xb597, 0xbd97, 0xbdb7, 0xbdb7, 0xbdb7, 0xbdb7, 0xbdb7, 0xbdb7, 0xbdb7, 
	0xbdb7, 0xbdb7, 0xc5b7, 0xc5b7, 0xc5b7, 0xc5b7, 0xc5b7, 0xc5b7, 0xc5b7, 0xc5b7, 0xc5b7, 0xc5b7, 0xc5b6, 0xc5b6, 0xc5b6, 0xcdb6, 
	0xcdb6, 0xcdd6, 0xcdd6, 0xcdd6, 0xcdd6, 0xcdd6, 0xcdd6, 0xcdd6, 0xcdd6, 0xcdd6, 0xcdd6, 0xcdd6, 0xcdd6, 0xcdd6, 0xcdd6, 0xcdd6, 
	0xcdd7, 0xcdf7, 0xcdf7, 0xd5f7, 0xd5f7, 0xd5f7, 0xd5f7, 0xd5f7, 0xd5f7, 0xd5f7, 0xd5f7, 0xd5f7, 0xd5f7, 0xd5f7, 0xd617, 0xd617, 
	0xd617, 0xd617, 0xd617, 0xd617, 0xd617, 0xd617, 0xd617, 0xd637, 0xd638, 0xd638, 0xd638, 0xd638, 0xde38, 0xde38, 0xde58, 0xde58, 
	0xde58, 0xde58, 0xde58, 0xde58, 0xde58, 0xde78, 0xde79, 0xde79, 0xde79, 0xde79, 0xde79, 0xde79, 0xde99, 0xde99, 0xe699, 0xe699, 
	0xe699, 0xe699, 0xe6b9, 0xe6b9, 0xe6ba, 0xe6ba, 0xe6ba, 0xe6ba, 0xe6ba, 0xe6da, 0xe6da, 0xe6da, 0xe6da, 0xeeda, 0xeeda, 0xeefa, 
	0xeefa, 0xeefa, 0xeefa, 0xeefa, 0xeefa, 0xeefa, 0xeefa, 0xeefb, 0xef1b, 0xef1b, 0xef1b, 0xef1b, 0xf71b, 0xf71b, 0xf71b, 0xf71b, 
	0xf71b, 0xf71b, 0xf73b, 0xf73b, 0xf73b, 0xf73b, 0xf73b, 0xf73b, 0xf73b, 0xf73b, 0xf73b, 0xf73b, 0xf73b, 0xf73b, 0xf73b, 0xf73b, 
	0xf73b, 0xf73b, 0xf73b, 0xf73b, 0xf75b, 0xf75b, 0xf75b, 0xf75b, 0xf75b, 0xf75b, 0xf75b, 0xf75b, 0xff5b, 0xff5b, 0xff5b, 0xff5b, 
	0xff5b, 0xff5b, 0xff5b, 0xff5b, 0xff5b, 0xff5b, 0xff5b, 0xff5b, 0xff5b, 0xff5b, 0xff5b, 0xff5b, 0xff5b, 0xff5b, 0xff5b, 0xff5b, 
	0xff5b, 0xff5b, 0xff5b, 0xff5b, 0xff5b, 0xff5b, 0xff5b, 0xff5b, 0xff5b, 0xff5c, 0xff5c, 0xff5c, 0xff5c, 0xff5c, 0xff5c, 0xff5c, 
	0xff5c, 0xff5c, 0xff5c, 0xff5c, 0xff5c, 0xff5c, 0xff5c, 0xff5c, 0xff5c, 0xff5c, 0xff5c, 0xff5c, 0xff7c, 0xff7c, 0xff7c, 0xff7c, 
	0xff7c, 0xff7c, 0xff7c, 0xff7c, 0xff7c, 0xff7c, 0xff7c, 0xff7c, 0xff7c, 0xff7c, 0xff7c, 0xff7c, 0xff7c, 0xff7c, 0xff7c, 0xff7c, 
	0xff7c, 0xff7c, 0xff7c, 0xff7c, 0xff7c, 0xff7c, 0xff7c, 0xff7c, 0xff7c, 0xff7c, 0xff7c, 0xff7c, 0xff7c, 0xff7c, 0xff7c, 0xff7c, 
	0xff9c, 0xff9c, 0xff9c, 0xff7c, 0xff7c, 0xff7c, 0xff9c, 0xff9c, 0xff9c, 0xff7c, 0xff9c, 0xff9c, 0xff9c, 0xff9c, 0xff9c, 0xff9c, 
	0xff9c, 0xff9c, 0xff9c, 0xff9c, 0xff9c, 0xff9c, 0xff9c, 0xff9c, 0xff9c, 0xff9c, 0xff9c, 0xff9c, 0xff9c, 0xff9c, 0xff9c, 0xff9c, 
	0xff9c, 0xff9c, 0xff9c, 0xff9c, 0xff9c, 0xff9b, 0xff9c, 0xff9b, 0xff9b, 0xff9b, 0xff9b, 0xff9b, 0xff9b, 0xff9b, 0xff9b, 0xff9b, 
	0xa579, 0xa579, 0xa579, 0xa599, 0xa579, 0xa599, 0xa599, 0xa599, 0xa599, 0xa599, 0xa599, 0xad99, 0xad99, 0xad99, 0xad98, 0xad98, 
	0xad98, 0xad98, 0xad98, 0xad98, 0xad98, 0xad98, 0xad98, 0xad98, 0xad98, 0xad98, 0xad98, 0xad98, 0xb598, 0xb598, 0xb598, 0xb598, 
	0xb598, 0xb597, 0xb597, 0xb597, 0xb597, 0xb597, 0xb597, 0xbd97, 0xbd97, 0xbdb7, 0xbdb7, 0xbdb7, 0xbdb7, 0xbdb7, 0xbdb7, 0xbdb7, 
	0xbdb7, 0xc5b7, 0xc5b7, 0xc5b7, 0xc5b7, 0xc5b7, 0xc5b7, 0xc5b7, 0xc5b7, 0xc5b7, 0xc5b7, 0xc5b6, 0xc5b6, 0xc5b6, 0xcdb6, 0xcdd6, 
	0xcdd6, 0xcdd6, 0xcdd6, 0xcdd6, 0xcdd6, 0xcdd6, 0xcdd6, 0xcdd6, 0xcdd6, 0xcdd6, 0xcdd6, 0xcdd6, 0xcdd6, 0xcdd6, 0xcdd6, 0xcdd6, 
	0xcdf6, 0xd5f7, 0xd5f7, 0xd5f7, 0xd5f7, 0xd5f7, 0xd5f7, 0xd5f7, 0xd5f7, 0xd5f7, 0xd5f7, 0xd5f7, 0xd5f7, 0xd5f7, 0xd617, 0xd617, 
	0xd617, 0xd617, 0xd617, 0xd617, 0xd617, 0xd617, 0xd637, 0xd637, 0xd638, 0xd638, 0xd638, 0xde38, 0xde38, 0xde38, 0xde58, 0xde58, 
	0xde58, 0xde58, 0xde58, 0xde58, 0xde58, 0xde78, 0xde79, 0xde79, 0xde79, 0xde79, 0xde79, 0xde99, 0xde99, 0xde99, 0xe699, 0xe699, 
	0xe699, 0xe699, 0xe6b9, 0xe6b9, 0xe6ba, 0xe6ba, 0xe6ba, 0xe6ba, 0xe6ba, 0xe6da, 0xe6da, 0xe6da, 0xeeda, 0xeeda, 0xeeda, 0xeefa, 
	0xeefa, 0xeefa, 0xeefa, 0xeefa, 0xeefa, 0xeefa, 0xeefa, 0xeefb, 0xef1b, 0xef1b, 0xef1b, 0xf71b, 0xf71b, 0xf71b, 0xf71b, 0xf71b, 
	0xf71b, 0xf71b, 0xf73b, 0xf73b, 0xf73b, 0xf73b, 0xf73b, 0xf73b, 0xf73b, 0xf73b, 0xf73b, 0xf73b, 0xf73b, 0xf73b, 0xf73b, 0xf73b, 
	0xf73b, 0xf73b, 0xf73b, 0xf73b, 0xf73b, 0xf75b, 0xf75b, 0xf75b, 0xf75b, 0xf75b, 0xf75b, 0xff5b, 0xff5b, 0xff5b, 0xff5b, 0xff5b, 
	0xff5b, 0xff5b, 0xff5b, 0xff5b, 0xff5b, 0xff5b, 0xff5b, 0xff5b, 0xff5b, 0xff5b, 0xff5b, 0xff5b, 0xff5b, 0xff5b, 0xff5b, 0xff5b, 
	0xff5b, 0xff5b, 0xff5b, 0xff5b, 0xff5b, 0xff5b, 0xff5b, 0xff5b, 0xff5b, 0xff5b, 0xff5c, 0xff5c, 0xff5c, 0xff5c, 0xff5c, 0xff5c, 
	0xff5c, 0xff5c, 0xff5c, 0xff5c, 0xff5c, 0xff5c, 0xff5c, 0xff5c, 0xff5c, 0xff5c, 0xff5c, 0xff5c, 0xff5c, 0xff7c, 0xff7c, 0xff7c, 
	0xff7c, 0xff7c, 0xff7c, 0xff7c, 0xff7c, 0xff7c, 0xff7c, 0xff7c, 0xff7c, 0xff7c, 0xff7c, 0xff7c, 0xff7c, 0xff7c, 0xff7c, 0xff7c, 
	0xff7c, 0xff7c, 0xff7c, 0xff7c, 0xff7c, 0xff7c, 0xff7c, 0xff7c, 0xff7c, 0xff7c, 0xff7c, 0xff7c, 0xff7c, 0xff7c, 0xff7c, 0xff7c, 
	0xff9c, 0xff9c, 0xff7c, 0xff7c, 0xff7c, 0xff7c, 0xff9c, 0xff9c, 0xff9c, 0xff7c, 0xff9c, 0xff9c, 0xff9c, 0xff9c, 0xff9c, 0xff9c, 
	0xff9c, 0xff9c, 0xff9c, 0xff9c, 0xff9c, 0xff9c, 0xff9c, 0xff9c, 0xff9c, 0xff9c, 0xff9c, 0xff9c, 0xff9c, 0xff9c, 0xff9c, 0xff9c, 
	0xff9c, 0xff9c, 0xff9c, 0xff9c, 0xff9c, 0xff9b, 0xff9c, 0xff9b, 0xff9b, 0xff9b, 0xff9b, 0xff9b, 0xff9b, 0xff9b, 0xff9b, 0xff9b, 
	0xa579, 0xa579, 0xa579, 0xa599, 0xa579, 0xa599, 0xa599, 0xa599, 0xa599, 0xa599, 0xad99, 0xad99, 0xad99, 0xad99, 0xad98, 0xad98, 
	0xad98, 0xad98, 0xad98, 0xad98, 0xad98, 0xad98, 0xad98, 0xad98, 0xad98, 0xb598, 0xb598, 0xb598, 0xb598, 0xb598, 0xb598, 0xb598, 
	0xb598, 0xb597, 0xb597, 0xb597, 0xb597, 0xbdb7, 0xbd97, 0xbd97, 0xbdb7, 0xbdb7, 0xbdb7, 0xbdb7, 0xbdb7, 0xbdb7, 0xbdb7, 0xc5b7, 
	0xc5b7, 0xc5b7, 0xc5b7, 0xc5b7, 0xc5b7, 0xc5b7, 0xc5b7, 0xc5b7, 0xc5b7, 0xc5b7, 0xc5b6, 0xc5b6, 0xcdb6, 0xcdb6, 0xcdd6, 0xcdd6, 
	0xcdd6, 0xcdd6, 0xcdd6, 0xcdd6, 0xcdd6, 0xcdd6, 0xcdd6, 0xcdd6, 0xcdd6, 0xcdd6, 0xcdd6, 0xcdd6, 0xcdd6, 0xcdd6, 0xd5d6, 0xd5f6, 
	0xd5f6, 0xd5f7, 0xd5f7, 0xd5f7, 0xd5f7, 0xd5f7, 0xd5f7, 0xd5f7, 0xd5f7, 0xd5f7, 0xd5f7, 0xd5f7, 0xd5f7, 0xd617, 0xd617, 0xd617, 
	0xd617, 0xd617, 0xd617, 0xd617, 0xd617, 0xd637, 0xd637, 0xd637, 0xd637, 0xde38, 0xde38, 0xde38, 0xde38, 0xde58, 0xde58, 0xde58, 
	0xde58, 0xde58, 0xde58, 0xde58, 0xde58, 0xde78, 0xde79, 0xde79, 0xde79, 0xde79, 0xde79, 0xde99, 0xde99, 0xe699, 0xe699, 0xe699, 
	0xe699, 0xe699, 0xe6b9, 0xe6b9, 0xe6b9, 0xe6ba, 0xe6ba, 0xe6ba, 0xe6ba, 0xe6da, 0xe6da, 0xeeda, 0xeeda, 0xeeda, 0xeeda, 0xeefa, 
	0xeefa, 0xeefa, 0xeefa, 0xeefa, 0xeefa, 0xeefa, 0xeefa, 0xeefa, 0xef1b, 0xef1b, 0xef1b, 0xf71b, 0xf71b, 0xf71b, 0xf71b, 0xf71b, 
	0xf71b, 0xf71b, 0xf73b, 0xf73b, 0xf73b, 0xf73b, 0xf73b, 0xf73b, 0xf73b, 0xf73b, 0xf73b, 0xf73b, 0xf73b, 0xf73b, 0xf73b, 0xf73b, 
	0xf73b, 0xf73b, 0xf73b, 0xf73b, 0xf73b, 0xf73b, 0xf75b, 0xf75b, 0xf75b, 0xf75b, 0xff5b, 0xff5b, 0xff5b, 0xff5b, 0xff5b, 0xff5b, 
	0xff5b, 0xff5b, 0xff5b, 0xff5b, 0xff5b, 0xff5b, 0xff5b, 0xff5b, 0xff5b, 0xff5b, 0xff5b, 0xff5b, 0xff5b, 0xff5b, 0xff5b, 0xff5b, 
	0xff5b, 0xff5b, 0xff5b, 0xff5b, 0xff5b, 0xff5b, 0xff5b, 0xff5b, 0xff5b, 0xff5b, 0xff5b, 0xff5b, 0xff5c, 0xff5c, 0xff5c, 0xff5c, 
	0xff5c, 0xff5c, 0xff5c, 0xff5c, 0xff5c, 0xff5c, 0xff5c, 0xff5c, 0xff5c, 0xff5c, 0xff5c, 0xff5c, 0xff5c, 0xff5c, 0xff7c, 0xff7c, 
	0xff7c, 0xff7c, 0xff7c, 0xff7c, 0xff7c, 0xff7c, 0xff7c, 0xff7c, 0xff7c, 0xff7c, 0xff7c, 0xff7c, 0xff7c, 0xff7c, 0xff7c, 0xff7c, 
	0xff7c, 0xff7c, 0xff7c, 0xff7c, 0xff7c, 0xff7c, 0xff7c, 0xff7c, 0xff7c, 0xff7c, 0xff7c, 0xff7c, 0xff7c, 0xff7c, 0xff7c, 0xff7c, 
	0xff9c, 0xff9c, 0xff7c, 0xff7c, 0xff7c, 0xff7c, 0xff9c, 0xff9c, 0xff9c, 0xff7c, 0xff9c, 0xff9c, 0xff9c, 0xff9c, 0xff9c, 0xff9c, 
	0xff9c, 0xff9c, 0xff9c, 0xff9c, 0xff9c, 0xff9c, 0xff9c, 0xff9c, 0xff9c, 0xff9c, 0xff9c, 0xff9c, 0xff9c, 0xff9c, 0xff9c, 0xff9c, 
	0xff9c, 0xff9c, 0xff9c, 0xff9c, 0xff9c, 0xff9b, 0xff9c, 0xff9b, 0xff9b, 0xff9b, 0xff9b, 0xff9b, 0xff9b, 0xff9b, 0xff9b, 0xff9b, 
	0xa579, 0xa579, 0xa579, 0xa599, 0xa579, 0xa599, 0xa599, 0xa599, 0xa599, 0xa599, 0xad99, 0xad99, 0xad99, 0xad99, 0xad98, 0xad98, 
	0xad98, 0xad98, 0xad98, 0xad98, 0xad98, 0xad98, 0xad98, 0xad98, 0xb598, 0xb598, 0xb598, 0xb598, 0xb598, 0xb598, 0xb598, 0xb598, 
	0xb5b8, 0xb597, 0xb5b7, 0xb597, 0xb597, 0xbdb7, 0xbd97, 0xbdb7, 0xbdb7, 0xbdb7, 0xbdb7, 0xbdb7, 0xbdb7, 0xbdb7, 0xc5b7, 0xc5b7, 
	0xc5b7, 0xc5b7, 0xc5b7, 0xc5b7, 0xc5b7, 0xc5b7, 0xc5b7, 0xc5b7, 0xc5b7, 0xc5b7, 0xc5b6, 0xcdb6, 0xcdb6, 0xcdd6, 0xcdd6, 0xcdd6, 
	0xcdd6, 0xcdd6, 0xcdd6, 0xcdd6, 0xcdd6, 0xcdd6, 0xcdd6, 0xcdd6, 0xcdd6, 0xcdd6, 0xcdd6, 0xd5d6, 0xd5d6, 0xd5d6, 0xd5f6, 0xd5f6, 
	0xd5f6, 0xd5f7, 0xd5f7, 0xd5f7, 0xd5f7, 0xd5f7, 0xd5f7, 0xd5f7, 0xd5f7, 0xd5f7, 0xd5f7, 0xd5f7, 0xd5f7, 0xd617, 0xd617, 0xd617, 
	0xd617, 0xd617, 0xd617, 0xd617, 0xd617, 0xd637, 0xd637, 0xde37, 0xde37, 0xde38, 0xde38, 0xde38, 0xde38, 0xde58, 0xde58, 0xde58, 
	0xde58, 0xde58, 0xde58, 0xde58, 0xde78, 0xde78, 0xde79, 0xde79, 0xde79, 0xde79, 0xde79, 0xe699, 0xe699, 0xe699, 0xe699, 0xe699, 
	0xe699, 0xe699, 0xe6b9, 0xe6b9, 0xe6b9, 0xe6ba, 0xe6ba, 0xe6ba, 0xe6da, 0xe6da, 0xe6da, 0xeeda, 0xeeda, 0xeeda, 0xeeda, 0xeefa, 
	0xeefa, 0xeefa, 0xeefa, 0xeefa, 0xeefa, 0xeefa, 0xeefa, 0xeefa, 0xef1a, 0xef1b, 0xf71b, 0xf71b, 0xf71b, 0xf71b, 0xf71b, 0xf71b, 
	0xf71b, 0xf71b, 0xf73b, 0xf73b, 0xf73b, 0xf73b, 0xf73b, 0xf73b, 0xf73b, 0xf73b, 0xf73b, 0xf73b, 0xf73b, 0xf73b, 0xf73b, 0xf73b, 
	0xf73b, 0xf73b, 0xf73b, 0xf73b, 0xf73b, 0xf73b, 0xf75b, 0xf75b, 0xf75b, 0xf75b, 0xff5b, 0xff5b, 0xff5b, 0xff5b, 0xff5b, 0xff5b, 
	0xff5b, 0xff5b, 0xff5b, 0xff5b, 0xff5b, 0xff5b, 0xff5b, 0xff5b, 0xff5b, 0xff5b, 0xff5b, 0xff5b, 0xff5b, 0xff5b, 0xff5b, 0xff5b, 
	0xff5b, 0xff5b, 0xff5b, 0xff5b, 0xff5b, 0xff5b, 0xff5b, 0xff5b, 0xff5b, 0xff5b, 0xff5b, 0xff5b, 0xff5b, 0xff5c, 0xff5c, 0xff5c, 
	0xff5c, 0xff5c, 0xff5c, 0xff5c, 0xff5c, 0xff5c, 0xff5c, 0xff5c, 0xff5c, 0xff5c, 0xff5c, 0xff5c, 0xff5c, 0xff5c, 0xff7c, 0xff7c, 
	0xff7c, 0xff7c, 0xff7c, 0xff7c, 0xff7c, 0xff7c, 0xff7c, 0xff7c, 0xff7c, 0xff7c, 0xff7c, 0xff7c, 0xff7c, 0xff7c, 0xff7c, 0xff7c, 
	0xff7c, 0xff7c, 0xff7c, 0xff7c, 0xff7c, 0xff7c, 0xff7c, 0xff7c, 0xff7c, 0xff7c, 0xff7c, 0xff7c, 0xff7c, 0xff7c, 0xff7c, 0xff7c, 
	0xff9c, 0xff7c, 0xff7c, 0xff7c, 0xff7c, 0xff7c, 0xff9c, 0xff9c, 0xff9c, 0xff7c, 0xff9c, 0xff9c, 0xff9c, 0xff9c, 0xff9c, 0xff9c, 
	0xff9c, 0xff9c, 0xff9c, 0xff9c, 0xff9c, 0xff9c, 0xff9c, 0xff9c, 0xff9c, 0xff9c, 0xff9c, 0xff9c, 0xff9c, 0xff9c, 0xff9c, 0xff9c, 
	0xff9c, 0xff9c, 0xff9c, 0xff9c, 0xff9c, 0xff9b, 0xff9c, 0xff9b, 0xff9b, 0xff9b, 0xff9b, 0xff9b, 0xff9b, 0xff9b, 0xff9b, 0xff9b, 
	0xa579, 0xa579, 0xa599, 0xa599, 0xa579, 0xa599, 0xa599, 0xa599, 0xa599, 0xad99, 0xad99, 0xad99, 0xad99, 0xad99, 0xad98, 0xad98, 
	0xad98, 0xad98, 0xad98, 0xad98, 0xad98, 0xad98, 0xad98, 0xad98, 0xb598, 0xb598, 0xb598, 0xb598, 0xb598, 0xb598, 0xb598, 0xb598, 
	0xb5b8, 0xb597, 0xb5b7, 0xb597, 0xbdb7, 0xbdb7, 0xbdb7, 0xbdb7, 0xbdb7, 0xbdb7, 0xbdb7, 0xbdb7, 0xbdb7, 0xbdb7, 0xc5b7, 0xc5b7, 
	0xc5b7, 0xc5b7, 0xc5b7, 0xc5b7, 0xc5b7, 0xc5b7, 0xc5b7, 0xc5b7, 0xc5b7, 0xc5b6, 0xcdb6, 0xcdb6, 0xcdd6, 0xcdd6, 0xcdd6, 0xcdd6, 
	0xcdd6, 0xcdd6, 0xcdd6, 0xcdd6, 0xcdd6, 0xcdd6, 0xcdd6, 0xcdd6, 0xcdd6, 0xd5d6, 0xd5d6, 0xd5d6, 0xd5f6, 0xd5f6, 0xd5f6, 0xd5f6, 
	0xd5f6, 0xd5f6, 0xd5f7, 0xd5f7, 0xd5f7, 0xd5f7, 0xd5f7, 0xd5f7, 0xd5f7, 0xd5f7, 0xd5f7, 0xd5f7, 0xd617, 0xd617, 0xd617, 0xd617, 
	0xd617, 0xd617, 0xd617, 0xd617, 0xd637, 0xde37, 0xde37, 0xde37, 0xde37, 0xde38, 0xde38, 0xde38, 0xde58, 0xde58, 0xde58, 0xde58, 
	0xde58, 0xde58, 0xde58, 0xde58, 0xde78, 0xde78, 0xde79, 0xde79, 0xde79, 0xde79, 0xe699, 0xe699, 0xe699, 0xe699, 0xe699, 0xe699, 
	0xe699, 0xe6b9, 0xe6b9, 0xe6b9, 0xe6b9, 0xe6ba, 0xe6ba, 0xe6ba, 0xe6da, 0xe6da, 0xeeda, 0xeeda, 0xeeda, 0xeeda, 0xeeda, 0xeefa, 
	0xeefa, 0xeefa, 0xeefa, 0xeefa, 0xeefa, 0xeefa, 0xeefa, 0xeefa, 0xef1a, 0xef1b, 0xf71b, 0xf71b, 0xf71b, 0xf71b, 0xf71b, 0xf71b, 
	0xf71b, 0xf71b, 0xf71b, 0xf73b, 0xf73b, 0xf73b, 0xf73b, 0xf73b, 0xf73b, 0xf73b, 0xf73b, 0xf73b, 0xf73b, 0xf73b, 0xf73b, 0xf73b, 
	0xf73b, 0xf73b, 0xf73b, 0xf73b, 0xf73b, 0xf73b, 0xf73b, 0xf75b, 0xf75b, 0xff5b, 0xff5b, 0xff5b, 0xff5b, 0xff5b, 0xff5b, 0xff5b, 
	0xff5b, 0xff5b, 0xff5b, 0xff5b, 0xff5b, 0xff5b, 0xff5b, 0xff5b, 0xff5b, 0xff5b, 0xff5b, 0xff5b, 0xff5b, 0xff5b, 0xff5b, 0xff5b, 
	0xff5b, 0xff5b, 0xff5b, 0xff5b, 0xff5b, 0xff5b, 0xff5b, 0xff5b, 0xff5b, 0xff5b, 0xff5b, 0xff5b, 0xff5b, 0xff5b, 0xff5b, 0xff5c, 
	0xff5c, 0xff5c, 0xff5c, 0xff5c, 0xff5c, 0xff5c, 0xff5c, 0xff5c, 0xff5c, 0xff5c, 0xff5c, 0xff5c, 0xff5c, 0xff5c, 0xff5c, 0xff7c, 
	0xff7c, 0xff7c, 0xff7c, 0xff7c, 0xff7c, 0xff7c, 0xff7c, 0xff7c, 0xff7c, 0xff7c, 0xff7c, 0xff7c, 0xff7c, 0xff7c, 0xff7c, 0xff7c, 
	0xff7c, 0xff7c, 0xff7c, 0xff7c, 0xff7c, 0xff7c, 0xff7c, 0xff7c, 0xff7c, 0xff7c, 0xff7c, 0xff7c, 0xff7c, 0xff7c, 0xff7c, 0xff7c, 
	0xff9c, 0xff7c, 0xff7c, 0xff7c, 0xff7c, 0xff7c, 0xff9c, 0xff9c, 0xff7c, 0xff7c, 0xff9c, 0xff9c, 0xff9c, 0xff9c, 0xff9c, 0xff9c, 
	0xff9c, 0xff9c, 0xff9c, 0xff9c, 0xff9c, 0xff9c, 0xff9c, 0xff9c, 0xff9c, 0xff9c, 0xff9c, 0xff9c, 0xff9c, 0xff9c, 0xff9c, 0xff9c, 
	0xff9c, 0xff9c, 0xff9c, 0xff9c, 0xff9c, 0xff9b, 0xff9c, 0xff9b, 0xff9b, 0xff9b, 0xff9b, 0xff9b, 0xff9b, 0xff9b, 0xff9b, 0xff9b, 
	0xa579, 0xa579, 0xa599, 0xa599, 0xa579, 0xa599, 0xa599, 0xa599, 0xad99, 0xad99, 0xad99, 0xad99, 0xad99, 0xad99, 0xad98, 0xad98, 
	0xad98, 0xad98, 0xad98, 0xad98, 0xad98, 0xad98, 0xad98, 0xb598, 0xb598, 0xb598, 0xb598, 0xb598, 0xb598, 0xb598, 0xb598, 0xb5b8, 
	0xb5b8, 0xb5b7, 0xb5b7, 0xb5b7, 0xbdb7, 0xbdb7, 0xbdb7, 0xbdb7, 0xbdb7, 0xbdb7, 0xbdb7, 0xbdb7, 0xbdb7, 0xc5b7, 0xc5b7, 0xc5b7, 
	0xc5b7, 0xc5b7, 0xc5b7, 0xc5b7, 0xc5b7, 0xc5b7, 0xc5b7, 0xc5d7, 0xc5b6, 0xcdb6, 0xcdb6, 0xcdd6, 0xcdd6, 0xcdd6, 0xcdd6, 0xcdd6, 
	0xcdd6, 0xcdd6, 0xcdd6, 0xcdd6, 0xcdd6, 0xcdd6, 0xcdd6, 0xcdd6, 0xd5d6, 0xd5d6, 0xd5d6, 0xd5f6, 0xd5f6, 0xd5f6, 0xd5f6, 0xd5f6, 
	0xd5f6, 0xd5f6, 0xd5f7, 0xd5f7, 0xd5f7, 0xd5f7, 0xd5f7, 0xd5f7, 0xd5f7, 0xd5f7, 0xd5f7, 0xd617, 0xd617, 0xd617, 0xd617, 0xd617, 
	0xd617, 0xd617, 0xd617, 0xd637, 0xde37, 0xde37, 0xde37, 0xde37, 0xde37, 0xde38, 0xde38, 0xde58, 0xde58, 0xde58, 0xde58, 0xde58, 
	0xde58, 0xde58, 0xde58, 0xde78, 0xde78, 0xde78, 0xde79, 0xde79, 0xde79, 0xe679, 0xe699, 0xe699, 0xe699, 0xe699, 0xe699, 0xe699, 
	0xe699, 0xe6b9, 0xe6b9, 0xe6b9, 0xe6b9, 0xe6ba, 0xe6ba, 0xe6ba, 0xe6da, 0xeeda, 0xeeda, 0xeeda, 0xeeda, 0xeeda, 0xeeda, 0xeefa, 
	0xeefa, 0xeefa, 0xeefa, 0xeefa, 0xeefa, 0xeefa, 0xeefa, 0xeefa, 0xef1a, 0xf71a, 0xf71b, 0xf71b, 0xf71b, 0xf71b, 0xf71b, 0xf71b, 
	0xf71b, 0xf71b, 0xf71b, 0xf73b, 0xf73b, 0xf73b, 0xf73b, 0xf73b, 0xf73b, 0xf73b, 0xf73b, 0xf73b, 0xf73b, 0xf73b, 0xf73b, 0xf73b, 
	0xf73b, 0xf73b, 0xf73b, 0xf73b, 0xf73b, 0xf73b, 0xf73b, 0xf73b, 0xff5b, 0xff5b, 0xff5b, 0xff5b, 0xff5b, 0xff5b, 0xff5b, 0xff5b, 
	0xff5b, 0xff5b, 0xff5b, 0xff5b, 0xff5b, 0xff5b, 0xff5b, 0xff5b, 0xff5b, 0xff5b, 0xff5b, 0xff5b, 0xff5b, 0xff5b, 0xff5b, 0xff5b, 
	0xff5b, 0xff5b, 0xff5b, 0xff5b, 0xff5b, 0xff5b, 0xff5b, 0xff5b, 0xff5b, 0xff5b, 0xff5b, 0xff5b, 0xff5b, 0xff5b, 0xff5b, 0xff5b, 
	0xff5c, 0xff5c, 0xff5c, 0xff5c, 0xff5c, 0xff5c, 0xff5c, 0xff5c, 0xff5c, 0xff5c, 0xff5c, 0xff5c, 0xff5c, 0xff5c, 0xff5c, 0xff5c, 
	0xff7c, 0xff7c, 0xff7c, 0xff7c, 0xff7c, 0xff7c, 0xff7c, 0xff7c, 0xff7c, 0xff7c, 0xff7c, 0xff7c, 0xff7c, 0xff7c, 0xff7c, 0xff7c, 
	0xff7c, 0xff7c, 0xff7c, 0xff7c, 0xff7c, 0xff7c, 0xff7c, 0xff7c, 0xff7c, 0xff7c, 0xff7c, 0xff7c, 0xff7c, 0xff7c, 0xff7c, 0xff7c, 
	0xff7c, 0xff7c, 0xff7c, 0xff7c, 0xff7c, 0xff7c, 0xff9c, 0xff9c, 0xff7c, 0xff7c, 0xff9c, 0xff9c, 0xff9c, 0xff9c, 0xff9c, 0xff9c, 
	0xff9c, 0xff9c, 0xff9c, 0xff9c, 0xff9c, 0xff9c, 0xff9c, 0xff9c, 0xff9c, 0xff9c, 0xff9c, 0xff9c, 0xff9c, 0xff9c, 0xff9c, 0xff9c, 
	0xff9c, 0xff9c, 0xff9c, 0xff9c, 0xff9c, 0xff9b, 0xff9c, 0xff9b, 0xff9b, 0xff9b, 0xff9b, 0xff9b, 0xff9b, 0xff9b, 0xff9b, 0xff9b, 
	0xa579, 0xa579, 0xa599, 0xa599, 0xa599, 0xa599, 0xa599, 0xa599, 0xad99, 0xad99, 0xad99, 0xad99, 0xad99, 0xad99, 0xad98, 0xad98, 
	0xad98, 0xad98, 0xad98, 0xad98, 0xad98, 0xad98, 0xad98, 0xb598, 0xb598, 0xb5b8, 0xb598, 0xb598, 0xb598, 0xb598, 0xb598, 0xb5b8, 
	0xb5b8, 0xb5b7, 0xbdb7, 0xbdb7, 0xbdb7, 0xbdb7, 0xbdb7, 0xbdb7, 0xbdb7, 0xbdb7, 0xbdb7, 0xbdb7, 0xc5b7, 0xc5b7, 0xc5b7, 0xc5b7, 
	0xc5b7, 0xc5b7, 0xc5b7, 0xc5b7, 0xc5b7, 0xc5d7, 0xc5d7, 0xcdd7, 0xcdb6, 0xcdd6, 0xcdd6, 0xcdd6, 0xcdd6, 0xcdd6, 0xcdd6, 0xcdd6, 
	0xcdd6, 0xcdd6, 0xcdd6, 0xcdd6, 0xcdd6, 0xcdd6, 0xd5d6, 0xd5d6, 0xd5d6, 0xd5f6, 0xd5f6, 0xd5f6, 0xd5f6, 0xd5f6, 0xd5f6, 0xd5f6, 
	0xd5f6, 0xd5f6, 0xd5f7, 0xd5f7, 0xd5f7, 0xd5f7, 0xd5f7, 0xd5f7, 0xd5f7, 0xd617, 0xd617, 0xd617, 0xd617, 0xd617, 0xd617, 0xd617, 
	0xd617, 0xde17, 0xde17, 0xde37, 0xde37, 0xde37, 0xde37, 0xde37, 0xde37, 0xde38, 0xde38, 0xde58, 0xde58, 0xde58, 0xde58, 0xde58, 
	0xde58, 0xde58, 0xde58, 0xde78, 0xde78, 0xde78, 0xde78, 0xde79, 0xe679, 0xe699, 0xe699, 0xe699, 0xe699, 0xe699, 0xe699, 0xe699, 
	0xe699, 0xe6b9, 0xe6b9, 0xe6b9, 0xe6b9, 0xe6ba, 0xe6ba, 0xe6ba, 0xe6da, 0xeeda, 0xeeda, 0xeeda, 0xeeda, 0xeeda, 0xeeda, 0xeefa, 
	0xeefa, 0xeefa, 0xeefa, 0xeefa, 0xeefa, 0xeefa, 0xeefa, 0xeefa, 0xef1a, 0xf71a, 0xf71a, 0xf71b, 0xf71b, 0xf71b, 0xf71b, 0xf71b, 
	0xf71b, 0xf71b, 0xf71b, 0xf73b, 0xf73b, 0xf73b, 0xf73b, 0xf73b, 0xf73b, 0xf73b, 0xf73b, 0xf73b, 0xf73b, 0xf73b, 0xf73b, 0xf73b, 
	0xf73b, 0xf73b, 0xf73b, 0xf73b, 0xf73b, 0xf73b, 0xf73b, 0xf73b, 0xff3b, 0xff5b, 0xff5b, 0xff5b, 0xff5b, 0xff5b, 0xff5b, 0xff5b, 
	0xff5b, 0xff5b, 0xff5b, 0xff5b, 0xff5b, 0xff5b, 0xff5b, 0xff5b, 0xff5b, 0xff5b, 0xff5b, 0xff5b, 0xff5b, 0xff5b, 0xff5b, 0xff5b, 
	0xff5b, 0xff5b, 0xff5b, 0xff5b, 0xff5b, 0xff5b, 0xff5b, 0xff5b, 0xff5b, 0xff5b, 0xff5b, 0xff5b, 0xff5b, 0xff5b, 0xff5b, 0xff5b, 
	0xff5b, 0xff5b, 0xff5c, 0xff5c, 0xff5c, 0xff5c, 0xff5c, 0xff5c, 0xff5c, 0xff5c, 0xff5c, 0xff5c, 0xff5c, 0xff5c, 0xff5c, 0xff5c, 
	0xff7c, 0xff7c, 0xff7c, 0xff7c, 0xff7c, 0xff7c, 0xff7c, 0xff7c, 0xff7c, 0xff7c, 0xff7c, 0xff7c, 0xff7c, 0xff7c, 0xff7c, 0xff7c, 
	0xff7c, 0xff7c, 0xff7c, 0xff7c, 0xff7c, 0xff7c, 0xff7c, 0xff7c, 0xff7c, 0xff7c, 0xff7c, 0xff7c, 0xff7c, 0xff7c, 0xff7c, 0xff7c, 
	0xff7c, 0xff7c, 0xff7c, 0xff7c, 0xff7c, 0xff7c, 0xff9c, 0xff7c, 0xff7c, 0xff7c, 0xff9c, 0xff9c, 0xff9c, 0xff9c, 0xff9c, 0xff9c, 
	0xff9c, 0xff9c, 0xff9c, 0xff9c, 0xff9c, 0xff9c, 0xff9c, 0xff9c, 0xff9c, 0xff9c, 0xff9c, 0xff9c, 0xff9c, 0xff9c, 0xff9c, 0xff9c, 
	0xff9c, 0xff9c, 0xff9c, 0xff9c, 0xff9c, 0xff9b, 0xff9c, 0xff9b, 0xff9b, 0xff9b, 0xff9b, 0xff9b, 0xff9b, 0xff9b, 0xff9b, 0xff9b, 
	0xa579, 0xa579, 0xa599, 0xa599, 0xa599, 0xa599, 0xa599, 0xad99, 0xad99, 0xad99, 0xad99, 0xad99, 0xad99, 0xad99, 0xad98, 0xad98, 
	0xad98, 0xad98, 0xad98, 0xad98, 0xad98, 0xad98, 0xad98, 0xb598, 0xb598, 0xb5b8, 0xb598, 0xb598, 0xb5b8, 0xb598, 0xb5b8, 0xb5b8, 
	0xb5b8, 0xb5b7, 0xbdb7, 0xbdb7, 0xbdb7, 0xbdb7, 0xbdb7, 0xbdb7, 0xbdb7, 0xbdb7, 0xbdb7, 0xbdb7, 0xc5b7, 0xc5b7, 0xc5b7, 0xc5b7, 
	0xc5d7, 0xc5b7, 0xc5b7, 0xc5b7, 0xc5d7, 0xc5d7, 0xcdd7, 0xcdd7, 0xcdd7, 0xcdd6, 0xcdd6, 0xcdd6, 0xcdd6, 0xcdd6, 0xcdd6, 0xcdd6, 
	0xcdd6, 0xcdd6, 0xcdd6, 0xcdd6, 0xcdd6, 0xd5d6, 0xd5d6, 0xd5d6, 0xd5f6, 0xd5f6, 0xd5f6, 0xd5f6, 0xd5f6, 0xd5f6, 0xd5f6, 0xd5f6, 
	0xd5f6, 0xd5f6, 0xd5f7, 0xd5f7, 0xd5f7, 0xd5f7, 0xd5f7, 0xd5f7, 0xd617, 0xd617, 0xd617, 0xd617, 0xd617, 0xd617, 0xde17, 0xde17, 
	0xde17, 0xde17, 0xde37, 0xde37, 0xde37, 0xde37, 0xde37, 0xde37, 0xde37, 0xde38, 0xde58, 0xde58, 0xde58, 0xde58, 0xde58, 0xde58, 
	0xde58, 0xde58, 0xde78, 0xde78, 0xde78, 0xde78, 0xe678, 0xe679, 0xe679, 0xe699, 0xe699, 0xe699, 0xe699, 0xe699, 0xe699, 0xe699, 
	0xe699, 0xe6b9, 0xe6b9, 0xe6b9, 0xe6b9, 0xe6ba, 0xe6ba, 0xe6ba, 0xeeda, 0xeeda, 0xeeda, 0xeeda, 0xeeda, 0xeeda, 0xeeda, 0xeefa, 
	0xeefa, 0xeefa, 0xeefa, 0xeefa, 0xeefa, 0xeefa, 0xeefa, 0xeefa, 0xef1a, 0xf71a, 0xf71a, 0xf71b, 0xf71b, 0xf71b, 0xf71b, 0xf71b, 
	0xf71b, 0xf71b, 0xf71b, 0xf73b, 0xf73b, 0xf73b, 0xf73b, 0xf73b, 0xf73b, 0xf73b, 0xf73b, 0xf73b, 0xf73b, 0xf73b, 0xf73b, 0xf73b, 
	0xf73b, 0xf73b, 0xf73b, 0xf73b, 0xf73b, 0xf73b, 0xf73b, 0xff3b, 0xff3b, 0xff3b, 0xff5b, 0xff5b, 0xff5b, 0xff5b, 0xff5b, 0xff5b, 
	0xff5b, 0xff5b, 0xff5b, 0xff5b, 0xff5b, 0xff5b, 0xff5b, 0xff5b, 0xff5b, 0xff5b, 0xff5b, 0xff5b, 0xff5b, 0xff5b, 0xff5b, 0xff5b, 
	0xff5b, 0xff5b, 0xff5b, 0xff5b, 0xff5b, 0xff5b, 0xff5b, 0xff5b, 0xff5b, 0xff5b, 0xff5b, 0xff5b, 0xff5b, 0xff5b, 0xff5b, 0xff5b, 
	0xff5b, 0xff5b, 0xff5b, 0xff5b, 0xff5c, 0xff5c, 0xff5c, 0xff5c, 0xff5c, 0xff5c, 0xff5c, 0xff5c, 0xff5c, 0xff5c, 0xff5c, 0xff5c, 
	0xff5c, 0xff7c, 0xff7c, 0xff7c, 0xff7c, 0xff7c, 0xff7c, 0xff7c, 0xff7c, 0xff7c, 0xff7c, 0xff7c, 0xff7c, 0xff7c, 0xff7c, 0xff7c, 
	0xff7c, 0xff7c, 0xff7c, 0xff7c, 0xff7c, 0xff7c, 0xff7c, 0xff7c, 0xff7c, 0xff7c, 0xff7c, 0xff7c, 0xff7c, 0xff7c, 0xff7c, 0xff7c, 
	0xff7c, 0xff7c, 0xff7c, 0xff7c, 0xff7c, 0xff9c, 0xff9c, 0xff7c, 0xff7c, 0xff9c, 0xff9c, 0xff9c, 0xff9c, 0xff9c, 0xff9c, 0xff9c, 
	0xff9c, 0xff9c, 0xff9c, 0xff9c, 0xff9c, 0xff9c, 0xff9c, 0xff9c, 0xff9c, 0xff9c, 0xff9c, 0xff9c, 0xff9c, 0xff9c, 0xff9c, 0xff9c, 
	0xff9c, 0xff9c, 0xff9c, 0xff9c, 0xff9c, 0xff9b, 0xff9c, 0xff9b, 0xff9b, 0xff9b, 0xff9b, 0xff9b, 0xff9b, 0xff9b, 0xff9b, 0xff9b, 
	0xa579, 0xa579, 0xa599, 0xa599, 0xa599, 0xa599, 0xad99, 0xad99, 0xad99, 0xad99, 0xad99, 0xad99, 0xad99, 0xad99, 0xad98, 0xad98, 
	0xad98, 0xad98, 0xad98, 0xad98, 0xadb8, 0xb598, 0xb598, 0xb5b8, 0xb598, 0xb5b8, 0xb5b8, 0xb5b8, 0xb5b8, 0xb598, 0xb5b8, 0xb5b8, 
	0xb5b8, 0xbdb7, 0xbdb7, 0xbdb7, 0xbdb7, 0xbdb7, 0xbdb7, 0xbdb7, 0xbdb7, 0xbdb7, 0xbdb7, 0xc5b7, 0xc5b7, 0xc5b7, 0xc5b7, 0xc5d7, 
	0xc5d7, 0xc5d7, 0xc5b7, 0xc5d7, 0xc5d7, 0xcdd7, 0xcdd7, 0xcdd7, 0xcdd7, 0xcdd7, 0xcdd6, 0xcdd6, 0xcdd6, 0xcdd6, 0xcdd6, 0xcdd6, 
	0xcdd6, 0xcdd6, 0xcdd6, 0xcdd6, 0xd5d6, 0xd5d6, 0xd5d6, 0xd5f6, 0xd5f6, 0xd5f6, 0xd5f6, 0xd5f6, 0xd5f6, 0xd5f6, 0xd5f6, 0xd5f6, 
	0xd5f6, 0xd5f6, 0xd5f7, 0xd5f7, 0xd5f7, 0xd5f7, 0xd5f7, 0xd617, 0xd617, 0xd617, 0xd617, 0xde17, 0xde17, 0xde17, 0xde17, 0xde17, 
	0xde17, 0xde37, 0xde37, 0xde37, 0xde37, 0xde37, 0xde37, 0xde37, 0xde37, 0xde38, 0xde58, 0xde58, 0xde58, 0xde58, 0xde58, 0xde58, 
	0xde58, 0xde58, 0xde78, 0xde78, 0xde78, 0xe678, 0xe678, 0xe679, 0xe679, 0xe699, 0xe699, 0xe699, 0xe699, 0xe699, 0xe699, 0xe699, 
	0xe6b9, 0xe6b9, 0xe6b9, 0xe6b9, 0xe6b9, 0xe6b9, 0xe6ba, 0xeeda, 0xeeda, 0xeeda, 0xeeda, 0xeeda, 0xeeda, 0xeeda, 0xeeda, 0xeefa, 
	0xeefa, 0xeefa, 0xeefa, 0xeefa, 0xeefa, 0xeefa, 0xeefa, 0xeefa, 0xf71a, 0xf71a, 0xf71a, 0xf71a, 0xf71b, 0xf71b, 0xf71b, 0xf71b, 
	0xf71b, 0xf71b, 0xf71b, 0xf73b, 0xf73b, 0xf73b, 0xf73b, 0xf73b, 0xf73b, 0xf73b, 0xf73b, 0xf73b, 0xf73b, 0xf73b, 0xf73b, 0xf73b, 
	0xf73b, 0xf73b, 0xf73b, 0xf73b, 0xf73b, 0xf73b, 0xff3b, 0xff3b, 0xff3b, 0xff3b, 0xff3b, 0xff3b, 0xff5b, 0xff5b, 0xff5b, 0xff5b, 
	0xff5b, 0xff5b, 0xff5b, 0xff5b, 0xff5b, 0xff5b, 0xff5b, 0xff5b, 0xff5b, 0xff5b, 0xff5b, 0xff5b, 0xff5b, 0xff5b, 0xff5b, 0xff5b, 
	0xff5b, 0xff5b, 0xff5b, 0xff5b, 0xff5b, 0xff5b, 0xff5b, 0xff5b, 0xff5b, 0xff5b, 0xff5b, 0xff5b, 0xff5b, 0xff5b, 0xff5b, 0xff5b, 
	0xff5b, 0xff5b, 0xff5b, 0xff5b, 0xff5b, 0xff5b, 0xff5b, 0xff5b, 0xff5b, 0xff5b, 0xff5b, 0xff5b, 0xff5b, 0xff5c, 0xff5c, 0xff5c, 
	0xff5c, 0xff5c, 0xff7c, 0xff7c, 0xff7c, 0xff7c, 0xff7c, 0xff7c, 0xff7c, 0xff7c, 0xff7c, 0xff7c, 0xff7c, 0xff7c, 0xff7c, 0xff7c, 
	0xff7c, 0xff7c, 0xff7c, 0xff7c, 0xff7c, 0xff7c, 0xff7c, 0xff7c, 0xff7c, 0xff7c, 0xff7c, 0xff7c, 0xff7c, 0xff7c, 0xff7c, 0xff7c, 
	0xff7c, 0xff7c, 0xff7c, 0xff7c, 0xff7c, 0xff9c, 0xff7c, 0xff7c, 0xff7c, 0xff9c, 0xff9c, 0xff9c, 0xff7c, 0xff9c, 0xff7c, 0xff9c, 
	0xff7c, 0xff9c, 0xff7c, 0xff9c, 0xff9c, 0xff9c, 0xff9c, 0xff9c, 0xff9c, 0xff9c, 0xff9c, 0xff9c, 0xff9c, 0xff9c, 0xff9c, 0xff9c, 
	0xff9c, 0xff9c, 0xff9c, 0xff9c, 0xff9c, 0xff9c, 0xff9b, 0xff9b, 0xff9b, 0xff9b, 0xff9b, 0xff9b, 0xff9b, 0xff9b, 0xff9b, 0xff9b, 
	0xa579, 0xa599, 0xa599, 0xa599, 0xad99, 0xa599, 0xad99, 0xad99, 0xad99, 0xad99, 0xad99, 0xad99, 0xad99, 0xad99, 0xad99, 0xad98, 
	0xad98, 0xad98, 0xad98, 0xb598, 0xb5b8, 0xb5b8, 0xb598, 0xb5b8, 0xb598, 0xb5b8, 0xb5b8, 0xb5b8, 0xb5b8, 0xb5b8, 0xb5b8, 0xbdb8, 
	0xbdb8, 0xbdb8, 0xbdb7, 0xbdb7, 0xbdb7, 0xbdb7, 0xbdb7, 0xbdb7, 0xbdb7, 0xbdb7, 0xc5b7, 0xc5b7, 0xc5b7, 0xc5b7, 0xc5d7, 0xc5d7, 
	0xc5d7, 0xc5d7, 0xc5d7, 0xc5d7, 0xcdd7, 0xcdd7, 0xcdd7, 0xcdd7, 0xcdd7, 0xcdd7, 0xcdd6, 0xcdd6, 0xcdd6, 0xcdd6, 0xcdd6, 0xcdd6, 
	0xcdd6, 0xcdd6, 0xcdd6, 0xd5d6, 0xd5d6, 0xd5d6, 0xd5f6, 0xd5f6, 0xd5f6, 0xd5f6, 0xd5f6, 0xd5f6, 0xd5f6, 0xd5f6, 0xd5f6, 0xd5f6, 
	0xd5f6, 0xd5f6, 0xd5f7, 0xd5f7, 0xd5f7, 0xd5f7, 0xd617, 0xd617, 0xd617, 0xde17, 0xde17, 0xde17, 0xde17, 0xde17, 0xde17, 0xde17, 
	0xde17, 0xde37, 0xde37, 0xde37, 0xde37, 0xde37, 0xde37, 0xde37, 0xde37, 0xde58, 0xde58, 0xde58, 0xde58, 0xde58, 0xde58, 0xde58, 
	0xde58, 0xde78, 0xde78, 0xe678, 0xe678, 0xe678, 0xe678, 0xe679, 0xe679, 0xe699, 0xe699, 0xe699, 0xe699, 0xe699, 0xe699, 0xe699, 
	0xe6b9, 0xe6b9, 0xe6b9, 0xe6b9, 0xe6b9, 0xe6b9, 0xeeba, 0xeeda, 0xeeda, 0xeeda, 0xeeda, 0xeeda, 0xeeda, 0xeeda, 0xeeda, 0xeefa, 
	0xeefa, 0xeefa, 0xeefa, 0xeefa, 0xeefa, 0xeefa, 0xeefa, 0xeefa, 0xf71a, 0xf71a, 0xf71a, 0xf71a, 0xf71a, 0xf71b, 0xf71b, 0xf71b, 
	0xf71b, 0xf71b, 0xf71b, 0xf73b, 0xf73b, 0xf73b, 0xf73b, 0xf73b, 0xf73b, 0xf73b, 0xf73b, 0xf73b, 0xf73b, 0xf73b, 0xf73b, 0xf73b, 
	0xf73b, 0xf73b, 0xf73b, 0xf73b, 0xf73b, 0xf73b, 0xff3b, 0xff3b, 0xff3b, 0xff3b, 0xff3b, 0xff3b, 0xff3b, 0xff3b, 0xff3b, 0xff3b, 
	0xff3b, 0xff3b, 0xff3b, 0xff3b, 0xff3b, 0xff5b, 0xff5b, 0xff5b, 0xff5b, 0xff5b, 0xff5b, 0xff5b, 0xff5b, 0xff5b, 0xff5b, 0xff5b, 
	0xff5b, 0xff5b, 0xff5b, 0xff5b, 0xff5b, 0xff5b, 0xff5b, 0xff5b, 0xff5b, 0xff5b, 0xff5b, 0xff5b, 0xff5b, 0xff5b, 0xff5b, 0xff5b, 
	0xff5b, 0xff5b, 0xff5b, 0xff5b, 0xff5b, 0xff5b, 0xff5b, 0xff5b, 0xff5b, 0xff5b, 0xff5b, 0xff5b, 0xff5b, 0xff5b, 0xff5b, 0xff5c, 
	0xff5c, 0xff5c, 0xff7c, 0xff7c, 0xff7c, 0xff7c, 0xff7c, 0xff7c, 0xff7c, 0xff7c, 0xff7c, 0xff7c, 0xff7c, 0xff7c, 0xff7c, 0xff7c, 
	0xff7c, 0xff7c, 0xff7c, 0xff7c, 0xff7c, 0xff7c, 0xff7c, 0xff7c, 0xff7c, 0xff7c, 0xff7c, 0xff7c, 0xff7c, 0xff7c, 0xff7c, 0xff7c, 
	0xff7c, 0xff7c, 0xff7c, 0xff7c, 0xff7c, 0xff7c, 0xff7c, 0xff7c, 0xff7c, 0xff9c, 0xff9c, 0xff7c, 0xff9c, 0xff9c, 0xff9c, 0xff9c, 
	0xff9c, 0xff9c, 0xff9c, 0xff9c, 0xff9c, 0xff9c, 0xff9c, 0xff9c, 0xff9c, 0xff9c, 0xff9c, 0xff9c, 0xff9c, 0xff9c, 0xff9c, 0xff9c, 
	0xff9c, 0xff9c, 0xff9c, 0xff9c, 0xff9c, 0xff9c, 0xff9b, 0xff9b, 0xff9b, 0xff9b, 0xff9b, 0xff9b, 0xff9b, 0xff9b, 0xff9b, 0xff9b, 
	0xa579, 0xa599, 0xa599, 0xa599, 0xad99, 0xad99, 0xad99, 0xad99, 0xad99, 0xad99, 0xad99, 0xad99, 0xad98, 0xad99, 0xadb9, 0xad98, 
	0xad98, 0xad98, 0xad98, 0xb598, 0xb5b8, 0xb5b8, 0xb5b8, 0xb5b8, 0xb5b8, 0xb5b8, 0xb5b8, 0xb5b8, 0xb5b8, 0xb5b8, 0xb5b8, 0xbdb8, 
	0xbdb8, 0xbdb8, 0xbdb7, 0xbdb7, 0xbdb7, 0xbdb7, 0xbdb7, 0xbdb7, 0xbdb7, 0xbdb7, 0xc5b7, 0xc5b7, 0xc5d7, 0xc5d7, 0xc5d7, 0xc5d7, 
	0xc5d7, 0xc5d7, 0xcdd7, 0xc5d7, 0xcdd7, 0xcdd7, 0xcdd7, 0xcdd7, 0xcdd7, 0xcdd7, 0xcdd7, 0xcdd6, 0xcdd6, 0xcdd6, 0xcdd6, 0xcdd6, 
	0xcdd6, 0xd5d6, 0xd5d6, 0xd5d6, 0xd5f6, 0xd5f6, 0xd5f6, 0xd5f6, 0xd5f6, 0xd5f6, 0xd5f6, 0xd5f6, 0xd5f6, 0xd5f6, 0xd5f6, 0xd5f6, 
	0xd5f6, 0xd5f6, 0xd5f7, 0xd5f7, 0xd617, 0xd617, 0xde17, 0xde17, 0xde17, 0xde17, 0xde17, 0xde17, 0xde17, 0xde17, 0xde17, 0xde17, 
	0xde37, 0xde37, 0xde37, 0xde37, 0xde37, 0xde37, 0xde37, 0xde37, 0xde57, 0xde58, 0xde58, 0xde58, 0xde58, 0xde58, 0xde58, 0xde58, 
	0xde58, 0xde78, 0xe678, 0xe678, 0xe678, 0xe678, 0xe678, 0xe679, 0xe699, 0xe699, 0xe699, 0xe699, 0xe699, 0xe699, 0xe699, 0xe699, 
	0xe6b9, 0xe6b9, 0xe6b9, 0xe6b9, 0xe6b9, 0xeeb9, 0xeeba, 0xeeda, 0xeeda, 0xeeda, 0xeeda, 0xeeda, 0xeeda, 0xeeda, 0xeeda, 0xeefa, 
	0xeefa, 0xeefa, 0xeefa, 0xeefa, 0xeefa, 0xeefa, 0xeefa, 0xf6fa, 0xf71a, 0xf71a, 0xf71a, 0xf71a, 0xf71a, 0xf71a, 0xf71b, 0xf71b, 
	0xf71b, 0xf71b, 0xf71b, 0xf71b, 0xf73b, 0xf73b, 0xf73b, 0xf73b, 0xf73b, 0xf73b, 0xf73b, 0xf73b, 0xf73b, 0xf73b, 0xf73b, 0xf73b, 
	0xf73b, 0xf73b, 0xf73b, 0xf73b, 0xf73b, 0xff3b, 0xff3b, 0xff3b, 0xff3b, 0xff3b, 0xff3b, 0xff3b, 0xff3b, 0xff3b, 0xff3b, 0xff3b, 
	0xff3b, 0xff3b, 0xff3b, 0xff3b, 0xff3b, 0xff3b, 0xff5b, 0xff5b, 0xff5b, 0xff5b, 0xff5b, 0xff5b, 0xff5b, 0xff5b, 0xff5b, 0xff5b, 
	0xff5b, 0xff5b, 0xff5b, 0xff5b, 0xff5b, 0xff5b, 0xff5b, 0xff5b, 0xff5b, 0xff5b, 0xff5b, 0xff5b, 0xff5b, 0xff5b, 0xff5b, 0xff5b, 
	0xff5b, 0xff5b, 0xff5b, 0xff5b, 0xff5b, 0xff5b, 0xff5b, 0xff5b, 0xff5b, 0xff5b, 0xff5b, 0xff5b, 0xff5b, 0xff5b, 0xff5b, 0xff5b, 
	0xff5c, 0xff5c, 0xff5c, 0xff7c, 0xff7c, 0xff7c, 0xff7c, 0xff7c, 0xff7c, 0xff7c, 0xff7c, 0xff7c, 0xff7c, 0xff7c, 0xff7c, 0xff7c, 
	0xff7c, 0xff7c, 0xff7c, 0xff7c, 0xff7c, 0xff7c, 0xff7c, 0xff7c, 0xff7c, 0xff7c, 0xff7c, 0xff7c, 0xff7c, 0xff7c, 0xff7c, 0xff7c, 
	0xff7c, 0xff7c, 0xff7c, 0xff7c, 0xff9c, 0xff7c, 0xff7c, 0xff7c, 0xff9c, 0xff9c, 0xff7c, 0xff7c, 0xff9c, 0xff9c, 0xff9c, 0xff9c, 
	0xff9c, 0xff9c, 0xff9c, 0xff9c, 0xff9c, 0xff9c, 0xff9c, 0xff9c, 0xff9c, 0xff9c, 0xff9c, 0xff9c, 0xff9c, 0xff9c, 0xff9c, 0xff9c, 
	0xff9c, 0xff9c, 0xff9c, 0xff9c, 0xff9c, 0xff9c, 0xff9b, 0xff9b, 0xff9b, 0xff9b, 0xff9b, 0xff9b, 0xff9b, 0xff9b, 0xff9b, 0xff9b, 
	0xa579, 0xa599, 0xa599, 0xa599, 0xad99, 0xad99, 0xad99, 0xad99, 0xad99, 0xad99, 0xad99, 0xad99, 0xad98, 0xad98, 0xadb8, 0xad98, 
	0xadb8, 0xadb8, 0xad98, 0xb598, 0xb5b8, 0xb5b8, 0xb5b8, 0xb5b8, 0xb5b8, 0xb5b8, 0xb5b8, 0xb5b8, 0xb5b8, 0xb5b8, 0xbdb8, 0xbdb8, 
	0xbdb8, 0xbdb8, 0xbdb7, 0xbdb7, 0xbdb7, 0xbdb7, 0xbdb7, 0xbdb7, 0xbdb7, 0xc5b7, 0xc5b7, 0xc5d7, 0xc5d7, 0xc5d7, 0xc5d7, 0xc5d7, 
	0xc5d7, 0xc5d7, 0xcdd7, 0xcdd7, 0xcdd7, 0xcdd7, 0xcdd7, 0xcdd7, 0xcdd7, 0xcdd7, 0xcdd7, 0xcdd7, 0xcdd6, 0xcdd6, 0xcdd6, 0xcdd6, 
	0xd5d6, 0xd5d6, 0xd5d6, 0xd5f6, 0xd5f6, 0xd5f6, 0xd5f6, 0xd5f6, 0xd5f6, 0xd5f6, 0xd5f6, 0xd5f6, 0xd5f6, 0xd5f6, 0xd5f6, 0xd5f6, 
	0xd5f6, 0xd5f6, 0xd5f7, 0xd617, 0xde17, 0xde17, 0xde17, 0xde17, 0xde17, 0xde17, 0xde17, 0xde17, 0xde17, 0xde17, 0xde17, 0xde37, 
	0xde37, 0xde37, 0xde37, 0xde37, 0xde37, 0xde37, 0xde37, 0xde37, 0xde57, 0xde58, 0xde58, 0xde58, 0xde58, 0xde58, 0xde58, 0xde58, 
	0xde78, 0xe678, 0xe678, 0xe678, 0xe678, 0xe678, 0xe678, 0xe679, 0xe699, 0xe699, 0xe699, 0xe699, 0xe699, 0xe699, 0xe699, 0xe6b9, 
	0xe6b9, 0xe6b9, 0xe6b9, 0xe6b9, 0xeeb9, 0xeeb9, 0xeeba, 0xeeda, 0xeeda, 0xeeda, 0xeeda, 0xeeda, 0xeeda, 0xeeda, 0xeefa, 0xeefa, 
	0xeefa, 0xeefa, 0xeefa, 0xeefa, 0xeefa, 0xeefa, 0xeefa, 0xf6fa, 0xf71a, 0xf71a, 0xf71a, 0xf71a, 0xf71a, 0xf71a, 0xf71b, 0xf71b, 
	0xf71b, 0xf71b, 0xf71b, 0xf71b, 0xf73b, 0xf73b, 0xf73b, 0xf73b, 0xf73b, 0xf73b, 0xf73b, 0xf73b, 0xf73b, 0xf73b, 0xf73b, 0xf73b, 
	0xf73b, 0xf73b, 0xf73b, 0xf73b, 0xff3b, 0xff3b, 0xff3b, 0xff3b, 0xff3b, 0xff3b, 0xff3b, 0xff3b, 0xff3b, 0xff3b, 0xff3b, 0xff3b, 
	0xff3b, 0xff3b, 0xff3b, 0xff3b, 0xff3b, 0xff3b, 0xff3b, 0xff3b, 0xff5b, 0xff5b, 0xff5b, 0xff5b, 0xff5b, 0xff5b, 0xff5b, 0xff5b, 
	0xff5b, 0xff5b, 0xff5b, 0xff5b, 0xff5b, 0xff5b, 0xff5b, 0xff5b, 0xff5b, 0xff5b, 0xff5b, 0xff5b, 0xff5b, 0xff5b, 0xff5b, 0xff5b, 
	0xff5b, 0xff5b, 0xff5b, 0xff5b, 0xff5b, 0xff5b, 0xff5b, 0xff5b, 0xff5b, 0xff5b, 0xff5b, 0xff5b, 0xff5b, 0xff5b, 0xff5b, 0xff5b, 
	0xff5b, 0xff5c, 0xff5c, 0xff5c, 0xff7c, 0xff7c, 0xff7c, 0xff7c, 0xff7c, 0xff7c, 0xff7c, 0xff7c, 0xff7c, 0xff7c, 0xff7c, 0xff7c, 
	0xff7c, 0xff7c, 0xff7c, 0xff7c, 0xff7c, 0xff7c, 0xff7c, 0xff7c, 0xff7c, 0xff7c, 0xff7c, 0xff7c, 0xff7c, 0xff7c, 0xff7c, 0xff7c, 
	0xff7c, 0xff7c, 0xff7c, 0xff7c, 0xff7c, 0xff7c, 0xff7c, 0xff7c, 0xff9c, 0xff9c, 0xff7c, 0xff7c, 0xff9c, 0xff7c, 0xff9c, 0xff7c, 
	0xff9c, 0xff9c, 0xff9c, 0xff9c, 0xff9c, 0xff9c, 0xff9c, 0xff9c, 0xff9c, 0xff9c, 0xff9c, 0xff9c, 0xff9c, 0xff9c, 0xff9c, 0xff9c, 
	0xff9c, 0xff9c, 0xff9c, 0xff9c, 0xff9c, 0xff9c, 0xff9b, 0xff9b, 0xff9b, 0xff9b, 0xff9b, 0xff9b, 0xff9b, 0xff9b, 0xff9b, 0xff9b, 
	0xa579, 0xa599, 0xa599, 0xa599, 0xad99, 0xad99, 0xad99, 0xad99, 0xad99, 0xad99, 0xad99, 0xad99, 0xad98, 0xad98, 0xadb8, 0xadb8, 
	0xadb8, 0xadb8, 0xadb8, 0xb5b8, 0xb5b8, 0xb5b8, 0xb5b8, 0xb5b8, 0xb5b8, 0xb5b8, 0xb5b8, 0xb5b8, 0xb5b8, 0xb5b8, 0xbdb8, 0xbdb8, 
	0xbdb8, 0xbdb8, 0xbdb7, 0xbdb7, 0xbdb7, 0xbdb7, 0xbdb7, 0xbdb7, 0xc5b7, 0xc5b7, 0xc5b7, 0xc5d7, 0xc5d7, 0xc5d7, 0xc5d7, 0xc5d7, 
	0xc5d7, 0xcdd7, 0xcdd7, 0xcdd7, 0xcdd7, 0xcdd7, 0xcdd7, 0xcdd7, 0xcdd7, 0xcdd7, 0xcdd7, 0xcdd7, 0xd5d7, 0xd5f7, 0xd5f7, 0xd5f7, 
	0xd5f7, 0xd5f7, 0xd5f7, 0xd5f7, 0xd5f7, 0xd5f7, 0xd5f7, 0xd5f7, 0xd5f7, 0xd5f7, 0xd5f7, 0xd5f7, 0xd5f7, 0xde17, 0xde17, 0xde17, 
	0xde17, 0xde17, 0xde17, 0xde17, 0xde17, 0xde17, 0xde17, 0xde17, 0xde17, 0xde17, 0xde17, 0xde17, 0xde37, 0xde37, 0xde37, 0xde37, 
	0xde37, 0xde37, 0xde37, 0xde37, 0xde37, 0xde57, 0xde58, 0xde58, 0xde58, 0xde58, 0xde58, 0xe658, 0xe658, 0xe658, 0xe678, 0xe678, 
	0xe678, 0xe678, 0xe678, 0xe678, 0xe678, 0xe699, 0xe699, 0xe699, 0xe699, 0xe699, 0xe699, 0xe699, 0xe699, 0xe6b9, 0xe6b9, 0xe6b9, 
	0xe6b9, 0xeeb9, 0xeeb9, 0xeeb9, 0xeeba, 0xeeda, 0xeeda, 0xeeda, 0xeeda, 0xeeda, 0xeeda, 0xeeda, 0xeefa, 0xeefa, 0xeefa, 0xeefa, 
	0xeefa, 0xeefa, 0xeefa, 0xeefa, 0xf6fa, 0xf71a, 0xf71a, 0xf71a, 0xf71a, 0xf71a, 0xf71a, 0xf71b, 0xf71b, 0xf71b, 0xf71b, 0xf71b, 
	0xf71b, 0xf73b, 0xf73b, 0xf73b, 0xf73b, 0xf73b, 0xf73b, 0xf73b, 0xf73b, 0xf73b, 0xf73b, 0xf73b, 0xff3b, 0xff3b, 0xff3b, 0xff3b, 
	0xff3b, 0xff3b, 0xff3b, 0xff3b, 0xff3b, 0xff3b, 0xff3b, 0xff3b, 0xff3b, 0xff5b, 0xff5b, 0xff5b, 0xff5b, 0xff5b, 0xff5b, 0xff5b, 
	0xff5b, 0xff5b, 0xff5b, 0xff5b, 0xff5b, 0xff5b, 0xff5b, 0xff5b, 0xff5b, 0xff5b, 0xff5b, 0xff5b, 0xff5b, 0xff5b, 0xff5b, 0xff5b, 
	0xff5b, 0xff5b, 0xff5b, 0xff5b, 0xff5b, 0xff5b, 0xff5b, 0xff5b, 0xff5b, 0xff5b, 0xff5b, 0xff5b, 0xff5b, 0xff5b, 0xff5b, 0xff5b, 
	0xff5b, 0xff5b, 0xff5b, 0xff5b, 0xff5b, 0xff5b, 0xff5b, 0xff5b, 0xff5b, 0xff5b, 0xff5b, 0xff5b, 0xff7b, 0xff7c, 0xff7c, 0xff7c, 
	0xff7c, 0xff7c, 0xff7c, 0xff7c, 0xff7c, 0xff7c, 0xff7c, 0xff7c, 0xff7c, 0xff7c, 0xff7c, 0xff7c, 0xff7c, 0xff7c, 0xff7c, 0xff7c, 
	0xff7c, 0xff7c, 0xff7c, 0xff7c, 0xff7c, 0xff7c, 0xff7c, 0xff7c, 0xff7c, 0xff7c, 0xff7c, 0xff7c, 0xff7c, 0xff7c, 0xff7c, 0xff7c, 
	0xff7c, 0xff7c, 0xff7c, 0xff7c, 0xff7c, 0xff7c, 0xff7c, 0xff7c, 0xff9c, 0xff7c, 0xff7c, 0xff7c, 0xff9c, 0xff7c, 0xff9c, 0xff7c, 
	0xff9c, 0xff7c, 0xff9c, 0xff9c, 0xff9c, 0xff9c, 0xff9c, 0xff9c, 0xff9c, 0xff9c, 0xff9c, 0xff9c, 0xff9c, 0xff9c, 0xff9c, 0xff9c, 
	0xff9c, 0xff9c, 0xff9c, 0xff9c, 0xff9c, 0xff9b, 0xff9b, 0xff9b, 0xff9b, 0xff9b, 0xff9b, 0xff9b, 0xff9b, 0xff9b, 0xff9b, 0xff9b, 
	0xa579, 0xa599, 0xad99, 0xad99, 0xad99, 0xad99, 0xad99, 0xad99, 0xad99, 0xad99, 0xad99, 0xad98, 0xad98, 0xad98, 0xadb8, 0xadb8, 
	0xb5b8, 0xadb8, 0xb5b8, 0xb5b8, 0xb5b8, 0xb5b8, 0xb5b8, 0xb5b8, 0xb5b8, 0xb5b8, 0xb5b8, 0xb5b8, 0xb5b8, 0xb5b8, 0xbdb8, 0xbdb8, 
	0xbdb8, 0xbdb8, 0xbdb7, 0xbdb7, 0xbdb7, 0xbdb7, 0xbdb7, 0xc5b7, 0xc5d7, 0xc5b7, 0xc5d7, 0xc5d7, 0xc5d7, 0xc5d7, 0xc5d7, 0xc5d7, 
	0xcdd7, 0xcdd7, 0xcdd7, 0xcdd7, 0xcdd7, 0xcdd7, 0xcdd7, 0xcdd7, 0xcdd7, 0xcdd7, 0xcdd7, 0xd5d7, 0xd5f7, 0xd5f7, 0xd5f7, 0xd5f7, 
	0xd5f7, 0xd5f7, 0xd5f7, 0xd5f7, 0xd5f7, 0xd5f7, 0xd5f7, 0xd5f7, 0xd5f7, 0xd5f7, 0xd5f7, 0xddf7, 0xde17, 0xde17, 0xde17, 0xde17, 
	0xde17, 0xde17, 0xde17, 0xde17, 0xde17, 0xde17, 0xde17, 0xde17, 0xde17, 0xde17, 0xde37, 0xde37, 0xde37, 0xde37, 0xde37, 0xde37, 
	0xde37, 0xde37, 0xde37, 0xde37, 0xde57, 0xde57, 0xde58, 0xde58, 0xde58, 0xe658, 0xe658, 0xe658, 0xe658, 0xe678, 0xe678, 0xe678, 
	0xe678, 0xe678, 0xe678, 0xe678, 0xe678, 0xe699, 0xe699, 0xe699, 0xe699, 0xe699, 0xe699, 0xe699, 0xe699, 0xe6b9, 0xe6b9, 0xe6b9, 
	0xeeb9, 0xeeb9, 0xeeb9, 0xeeb9, 0xeeba, 0xeeda, 0xeeda, 0xeeda, 0xeeda, 0xeeda, 0xeeda, 0xeeda, 0xeefa, 0xeefa, 0xeefa, 0xeefa, 
	0xeefa, 0xeefa, 0xeefa, 0xf6fa, 0xf6fa, 0xf71a, 0xf71a, 0xf71a, 0xf71a, 0xf71a, 0xf71a, 0xf71b, 0xf71b, 0xf71b, 0xf71b, 0xf71b, 
	0xf71b, 0xf73b, 0xf73b, 0xf73b, 0xf73b, 0xf73b, 0xf73b, 0xf73b, 0xf73b, 0xf73b, 0xf73b, 0xf73b, 0xff3b, 0xff3b, 0xff3b, 0xff3b, 
	0xff3b, 0xff3b, 0xff3b, 0xff3b, 0xff3b, 0xff3b, 0xff3b, 0xff3b, 0xff3b, 0xff3b, 0xff5b, 0xff5b, 0xff5b, 0xff5b, 0xff5b, 0xff5b, 
	0xff5b, 0xff5b, 0xff5b, 0xff5b, 0xff5b, 0xff5b, 0xff5b, 0xff5b, 0xff5b, 0xff5b, 0xff5b, 0xff5b, 0xff5b, 0xff5b, 0xff5b, 0xff5b, 
	0xff5b, 0xff5b, 0xff5b, 0xff5b, 0xff5b, 0xff5b, 0xff5b, 0xff5b, 0xff5b, 0xff5b, 0xff5b, 0xff5b, 0xff5b, 0xff5b, 0xff5b, 0xff5b, 
	0xff5b, 0xff5b, 0xff5b, 0xff5b, 0xff5b, 0xff5b, 0xff5b, 0xff5b, 0xff5b, 0xff5b, 0xff5b, 0xff5b, 0xff5b, 0xff7b, 0xff7c, 0xff7c, 
	0xff7c, 0xff7c, 0xff7c, 0xff7c, 0xff7c, 0xff7c, 0xff7c, 0xff7c, 0xff7c, 0xff7c, 0xff7c, 0xff7c, 0xff7c, 0xff7c, 0xff7c, 0xff7c, 
	0xff7c, 0xff7c, 0xff7c, 0xff7c, 0xff7c, 0xff7c, 0xff7c, 0xff7c, 0xff7c, 0xff7c, 0xff7c, 0xff7c, 0xff7c, 0xff7c, 0xff7c, 0xff7c, 
	0xff7c, 0xff7c, 0xff7c, 0xff7c, 0xff7c, 0xff7c, 0xff7c, 0xff9c, 0xff7c, 0xff7c, 0xff7c, 0xff9c, 0xff9c, 0xff7c, 0xff9c, 0xff7c, 
	0xff9c, 0xff7c, 0xff9c, 0xff9c, 0xff9c, 0xff9c, 0xff9c, 0xff9c, 0xff9c, 0xff9c, 0xff9c, 0xff9c, 0xff9c, 0xff9c, 0xff9c, 0xff9c, 
	0xff9c, 0xff9c, 0xff9c, 0xff9c, 0xff9c, 0xff9b, 0xff9b, 0xff9b, 0xff9b, 0xff9b, 0xff9b, 0xff9b, 0xff9b, 0xff9b, 0xff9b, 0xff9b, 
	0xa579, 0xa599, 0xad99, 0xad99, 0xad99, 0xad99, 0xad99, 0xad99, 0xad99, 0xad99, 0xad99, 0xad98, 0xad98, 0xad98, 0xadb8, 0xadb8, 
	0xb5b8, 0xb5b8, 0xb5b8, 0xb5b8, 0xb5b8, 0xb5b8, 0xb5b8, 0xb5b8, 0xb5b8, 0xb5b8, 0xb5b8, 0xb5b8, 0xbdb8, 0xbdb8, 0xbdb8, 0xbdb8, 
	0xbdb8, 0xbdb8, 0xbdb7, 0xbdb7, 0xbdb7, 0xbdb7, 0xc5b7, 0xc5d7, 0xc5d7, 0xc5d7, 0xc5d7, 0xc5d7, 0xc5d7, 0xc5d7, 0xc5d7, 0xcdd7, 
	0xcdd7, 0xcdd7, 0xcdd7, 0xcdd7, 0xcdd7, 0xcdd7, 0xcdd7, 0xcdd7, 0xcdd7, 0xcdd7, 0xd5d7, 0xd5f7, 0xd5f7, 0xd5f7, 0xd5f7, 0xd5f7, 
	0xd5f7, 0xd5f7, 0xd5f7, 0xd5f7, 0xd5f7, 0xd5f7, 0xd5f7, 0xd5f7, 0xd5f7, 0xd5f7, 0xddf7, 0xde17, 0xde17, 0xde17, 0xde17, 0xde17, 
	0xde17, 0xde17, 0xde17, 0xde17, 0xde17, 0xde17, 0xde17, 0xde17, 0xde17, 0xde37, 0xde37, 0xde37, 0xde37, 0xde37, 0xde37, 0xde37, 
	0xde37, 0xde37, 0xde37, 0xde57, 0xde57, 0xde57, 0xde58, 0xe658, 0xe658, 0xe658, 0xe658, 0xe658, 0xe658, 0xe678, 0xe678, 0xe678, 
	0xe678, 0xe678, 0xe678, 0xe678, 0xe678, 0xe699, 0xe699, 0xe699, 0xe699, 0xe699, 0xe699, 0xe699, 0xe6b9, 0xe6b9, 0xe6b9, 0xeeb9, 
	0xeeb9, 0xeeb9, 0xeeb9, 0xeeb9, 0xeed9, 0xeeda, 0xeeda, 0xeeda, 0xeeda, 0xeeda, 0xeeda, 0xeeda, 0xeefa, 0xeefa, 0xeefa, 0xeefa, 
	0xeefa, 0xeefa, 0xf6fa, 0xf6fa, 0xf6fa, 0xf71a, 0xf71a, 0xf71a, 0xf71a, 0xf71a, 0xf71a, 0xf71a, 0xf71b, 0xf71b, 0xf71b, 0xf71b, 
	0xf71b, 0xf73b, 0xf73b, 0xf73b, 0xf73b, 0xf73b, 0xf73b, 0xf73b, 0xf73b, 0xf73b, 0xf73b, 0xff3b, 0xff3b, 0xff3b, 0xff3b, 0xff3b, 
	0xff3b, 0xff3b, 0xff3b, 0xff3b, 0xff3b, 0xff3b, 0xff3b, 0xff3b, 0xff3b, 0xff3b, 0xff3b, 0xff3b, 0xff5b, 0xff5b, 0xff5b, 0xff5b, 
	0xff5b, 0xff5b, 0xff5b, 0xff5b, 0xff5b, 0xff5b, 0xff5b, 0xff5b, 0xff5b, 0xff5b, 0xff5b, 0xff5b, 0xff5b, 0xff5b, 0xff5b, 0xff5b, 
	0xff5b, 0xff5b, 0xff5b, 0xff5b, 0xff5b, 0xff5b, 0xff5b, 0xff5b, 0xff5b, 0xff5b, 0xff5b, 0xff5b, 0xff5b, 0xff5b, 0xff5b, 0xff5b, 
	0xff5b, 0xff5b, 0xff5b, 0xff5b, 0xff5b, 0xff5b, 0xff5b, 0xff5b, 0xff5b, 0xff5b, 0xff5b, 0xff5b, 0xff5b, 0xff5b, 0xff7b, 0xff7c, 
	0xff7c, 0xff7c, 0xff7c, 0xff7c, 0xff7c, 0xff7c, 0xff7c, 0xff7c, 0xff7c, 0xff7c, 0xff7c, 0xff7c, 0xff7c, 0xff7c, 0xff7c, 0xff7c, 
	0xff7c, 0xff7c, 0xff7c, 0xff7c, 0xff7c, 0xff7c, 0xff7c, 0xff7c, 0xff7c, 0xff7c, 0xff7c, 0xff7c, 0xff7c, 0xff7c, 0xff7c, 0xff7c, 
	0xff7c, 0xff7c, 0xff7c, 0xff7c, 0xff7c, 0xff7c, 0xff7c, 0xff9c, 0xff7c, 0xff7c, 0xff7c, 0xff9c, 0xff7c, 0xff7c, 0xff9c, 0xff9c, 
	0xff9c, 0xff9c, 0xff9c, 0xff9c, 0xff9c, 0xff9c, 0xff9c, 0xff9c, 0xff9c, 0xff9c, 0xff9c, 0xff9c, 0xff9c, 0xff9c, 0xff9c, 0xff9c, 
	0xff9c, 0xff9c, 0xff9c, 0xff9c, 0xff9c, 0xff9b, 0xff9b, 0xff9b, 0xff9b, 0xff9b, 0xff9b, 0xff9b, 0xff9b, 0xff9b, 0xff9b, 0xff9b, 
	0xad99, 0xad99, 0xad99, 0xad99, 0xad99, 0xad99, 0xad99, 0xad99, 0xad99, 0xadb9, 0xad99, 0xad98, 0xad98, 0xad98, 0xadb8, 0xadb8, 
	0xb5b8, 0xb5b8, 0xb5b8, 0xb5b8, 0xb5b8, 0xb5b8, 0xb5b8, 0xb5b8, 0xb5b8, 0xb5b8, 0xb5b8, 0xb5b8, 0xbdb8, 0xbdb8, 0xbdb8, 0xbdb8, 
	0xbdd8, 0xbdb8, 0xbdb8, 0xbdb7, 0xbdd7, 0xbdb7, 0xc5b7, 0xc5d7, 0xc5d7, 0xc5d7, 0xc5d7, 0xc5d7, 0xc5d7, 0xc5d7, 0xc5d7, 0xcdd7, 
	0xcdd7, 0xcdd7, 0xcdd7, 0xcdd7, 0xcdd7, 0xcdd7, 0xcdd7, 0xcdd7, 0xcdd7, 0xcdd7, 0xd5f7, 0xd5f7, 0xd5f7, 0xd5f7, 0xd5f7, 0xd5f7, 
	0xd5f7, 0xd5f7, 0xd5f7, 0xd5f7, 0xd5f7, 0xd5f7, 0xd5f7, 0xd5f7, 0xddf7, 0xddf7, 0xde17, 0xde17, 0xde17, 0xde17, 0xde17, 0xde17, 
	0xde17, 0xde17, 0xde17, 0xde17, 0xde17, 0xde17, 0xde17, 0xde17, 0xde37, 0xde37, 0xde37, 0xde37, 0xde37, 0xde37, 0xde37, 0xde37, 
	0xde37, 0xde37, 0xde57, 0xde57, 0xde57, 0xe657, 0xe658, 0xe658, 0xe658, 0xe658, 0xe658, 0xe658, 0xe678, 0xe678, 0xe678, 0xe678, 
	0xe678, 0xe678, 0xe678, 0xe678, 0xe698, 0xe699, 0xe699, 0xe699, 0xe699, 0xe699, 0xe699, 0xe699, 0xe6b9, 0xe6b9, 0xeeb9, 0xeeb9, 
	0xeeb9, 0xeeb9, 0xeeb9, 0xeeb9, 0xeed9, 0xeeda, 0xeeda, 0xeeda, 0xeeda, 0xeeda, 0xeeda, 0xeefa, 0xeefa, 0xeefa, 0xeefa, 0xeefa, 
	0xeefa, 0xeefa, 0xf6fa, 0xf6fa, 0xf6fa, 0xf71a, 0xf71a, 0xf71a, 0xf71a, 0xf71a, 0xf71a, 0xf71a, 0xf71a, 0xf71b, 0xf71b, 0xf71b, 
	0xf71b, 0xf71b, 0xf73b, 0xf73b, 0xf73b, 0xf73b, 0xf73b, 0xf73b, 0xf73b, 0xf73b, 0xf73b, 0xff3b, 0xff3b, 0xff3b, 0xff3b, 0xff3b, 
	0xff3b, 0xff3b, 0xff3b, 0xff3b, 0xff3b, 0xff3b, 0xff3b, 0xff3b, 0xff3b, 0xff3b, 0xff3b, 0xff3b, 0xff3b, 0xff3b, 0xff3b, 0xff3b, 
	0xff3b, 0xff3b, 0xff3b, 0xff3b, 0xff3b, 0xff5b, 0xff5b, 0xff5b, 0xff5b, 0xff5b, 0xff5b, 0xff5b, 0xff5b, 0xff5b, 0xff5b, 0xff5b, 
	0xff5b, 0xff5b, 0xff5b, 0xff5b, 0xff5b, 0xff5b, 0xff5b, 0xff5b, 0xff5b, 0xff5b, 0xff5b, 0xff5b, 0xff5b, 0xff5b, 0xff5b, 0xff5b, 
	0xff5b, 0xff5b, 0xff5b, 0xff5b, 0xff5b, 0xff5b, 0xff5b, 0xff5b, 0xff5b, 0xff5b, 0xff5b, 0xff5b, 0xff5b, 0xff5b, 0xff7b, 0xff7b, 
	0xff7c, 0xff7c, 0xff7c, 0xff7c, 0xff7c, 0xff7c, 0xff7c, 0xff7c, 0xff7c, 0xff7c, 0xff7c, 0xff7c, 0xff7c, 0xff7c, 0xff7c, 0xff7c, 
	0xff7c, 0xff7c, 0xff7c, 0xff7c, 0xff7c, 0xff7c, 0xff7c, 0xff7c, 0xff7c, 0xff7c, 0xff7c, 0xff7c, 0xff7c, 0xff7c, 0xff7c, 0xff7c, 
	0xff7c, 0xff7c, 0xff7c, 0xff7c, 0xff7c, 0xff7c, 0xff7c, 0xff7c, 0xff7c, 0xff7c, 0xff7c, 0xff7c, 0xff7c, 0xff9c, 0xff7c, 0xff9c, 
	0xff9c, 0xff9c, 0xff9c, 0xff9c, 0xff9c, 0xff9c, 0xff9c, 0xff9c, 0xff9c, 0xff9c, 0xff9c, 0xff9c, 0xff9c, 0xff9c, 0xff9c, 0xff9c, 
	0xff9c, 0xff9c, 0xff9b, 0xff9c, 0xff9c, 0xff9b, 0xff9b, 0xff9b, 0xff9b, 0xff9b, 0xff9b, 0xff9b, 0xff9b, 0xff9b, 0xff9b, 0xff9b, 
	0xad99, 0xad99, 0xad99, 0xad99, 0xad99, 0xad99, 0xad99, 0xad99, 0xad99, 0xadb9, 0xad99, 0xadb9, 0xad98, 0xadb8, 0xadb8, 0xb5b8, 
	0xb5b8, 0xb5b8, 0xb5b8, 0xb5b8, 0xb5b8, 0xb5b8, 0xb5b8, 0xb5b8, 0xb5b8, 0xb5b8, 0xb5b8, 0xbdb8, 0xbdb8, 0xbdb8, 0xbdb8, 0xbdb8, 
	0xbdd8, 0xbdb8, 0xbdd8, 0xbdb7, 0xc5d7, 0xc5d7, 0xc5d7, 0xc5d7, 0xc5d7, 0xc5d7, 0xc5d7, 0xc5d7, 0xc5d7, 0xc5d7, 0xcdd7, 0xcdd7, 
	0xcdd7, 0xcdd7, 0xcdd7, 0xcdd7, 0xcdf7, 0xcdf7, 0xcdf7, 0xcdd7, 0xcdf7, 0xd5f7, 0xd5f7, 0xd5f7, 0xd5f7, 0xd5f7, 0xd5f7, 0xd5f7, 
	0xd5f7, 0xd5f7, 0xd5f7, 0xd5f7, 0xd5f7, 0xd5f7, 0xd5f7, 0xddf7, 0xde17, 0xde17, 0xde17, 0xde17, 0xde17, 0xde17, 0xde17, 0xde17, 
	0xde17, 0xde17, 0xde17, 0xde17, 0xde17, 0xde17, 0xde17, 0xde37, 0xde37, 0xde37, 0xde37, 0xde37, 0xde37, 0xde37, 0xde37, 0xde37, 
	0xde37, 0xde57, 0xe657, 0xe657, 0xe657, 0xe657, 0xe658, 0xe658, 0xe658, 0xe658, 0xe658, 0xe658, 0xe678, 0xe678, 0xe678, 0xe678, 
	0xe678, 0xe678, 0xe678, 0xe678, 0xe698, 0xe699, 0xe699, 0xe699, 0xe699, 0xe699, 0xe699, 0xe699, 0xe6b9, 0xeeb9, 0xeeb9, 0xeeb9, 
	0xeeb9, 0xeeb9, 0xeeb9, 0xeeb9, 0xeed9, 0xeeda, 0xeeda, 0xeeda, 0xeeda, 0xeeda, 0xeeda, 0xeefa, 0xeefa, 0xeefa, 0xeefa, 0xeefa, 
	0xeefa, 0xf6fa, 0xf6fa, 0xf6fa, 0xf6fa, 0xf71a, 0xf71a, 0xf71a, 0xf71a, 0xf71a, 0xf71a, 0xf71a, 0xf71a, 0xf71a, 0xf71b, 0xf71b, 
	0xf71b, 0xf71b, 0xf73b, 0xf73b, 0xf73b, 0xf73b, 0xf73b, 0xf73b, 0xf73b, 0xf73b, 0xf73b, 0xff3b, 0xff3b, 0xff3b, 0xff3b, 0xff3b, 
	0xff3b, 0xff3b, 0xff3b, 0xff3b, 0xff3b, 0xff3b, 0xff3b, 0xff3b, 0xff3b, 0xff3b, 0xff3b, 0xff3b, 0xff3b, 0xff3b, 0xff3b, 0xff3b, 
	0xff3b, 0xff3b, 0xff3b, 0xff3b, 0xff3b, 0xff3b, 0xff5b, 0xff5b, 0xff5b, 0xff5b, 0xff5b, 0xff5b, 0xff5b, 0xff5b, 0xff5b, 0xff5b, 
	0xff5b, 0xff5b, 0xff5b, 0xff5b, 0xff5b, 0xff5b, 0xff5b, 0xff5b, 0xff5b, 0xff5b, 0xff5b, 0xff5b, 0xff5b, 0xff5b, 0xff5b, 0xff5b, 
	0xff5b, 0xff5b, 0xff5b, 0xff5b, 0xff5b, 0xff5b, 0xff5b, 0xff5b, 0xff5b, 0xff5b, 0xff5b, 0xff5b, 0xff5b, 0xff5b, 0xff5b, 0xff7b, 
	0xff7b, 0xff7c, 0xff7c, 0xff7c, 0xff7c, 0xff7c, 0xff7c, 0xff7c, 0xff7c, 0xff7c, 0xff7c, 0xff7c, 0xff7c, 0xff7c, 0xff7c, 0xff7c, 
	0xff7c, 0xff7c, 0xff7c, 0xff7c, 0xff7c, 0xff7c, 0xff7c, 0xff7c, 0xff7c, 0xff7c, 0xff7c, 0xff7c, 0xff7c, 0xff7c, 0xff7c, 0xff7c, 
	0xff7c, 0xff7c, 0xff7c, 0xff7c, 0xff7c, 0xff7c, 0xff9c, 0xff7c, 0xff7c, 0xff7c, 0xff9c, 0xff7c, 0xff7c, 0xff9c, 0xff7c, 0xff9c, 
	0xff7c, 0xff9c, 0xff9c, 0xff9c, 0xff9c, 0xff9c, 0xff9c, 0xff9c, 0xff9c, 0xff9c, 0xff9c, 0xff9c, 0xff9c, 0xff9c, 0xff9c, 0xff9c, 
	0xff9c, 0xff9c, 0xff9b, 0xff9b, 0xff9c, 0xff9b, 0xff9b, 0xff9b, 0xff9b, 0xff9b, 0xff9b, 0xff9b, 0xff9b, 0xff9b, 0xff9b, 0xff9b, 
	0xad99, 0xad99, 0xad99, 0xad99, 0xad99, 0xad99, 0xad99, 0xad99, 0xad99, 0xadb9, 0xad99, 0xadb9, 0xadb8, 0xadb8, 0xadb8, 0xb5b8, 
	0xb5b8, 0xb5b8, 0xb5b8, 0xb5b8, 0xb5b8, 0xb5b8, 0xb5b8, 0xb5b8, 0xb5b8, 0xbdb8, 0xbdb8, 0xbdb8, 0xbdb8, 0xbdb8, 0xbdb8, 0xbdd8, 
	0xbdd8, 0xbdd8, 0xbdd8, 0xbdd7, 0xc5d7, 0xc5d7, 0xc5d7, 0xc5d7, 0xc5d7, 0xc5d7, 0xc5d7, 0xc5d7, 0xc5d7, 0xcdd7, 0xcdd7, 0xcdd7, 
	0xcdd7, 0xcdd7, 0xcdd7, 0xcdf7, 0xcdf7, 0xcdf7, 0xcdf7, 0xd5f7, 0xd5f7, 0xd5f7, 0xd5f7, 0xd5f7, 0xd5f7, 0xd5f7, 0xd5f7, 0xd5f7, 
	0xd5f7, 0xd5f7, 0xd5f7, 0xd5f7, 0xd5f7, 0xd5f7, 0xddf7, 0xde17, 0xde17, 0xde17, 0xde17, 0xde17, 0xde17, 0xde17, 0xde17, 0xde17, 
	0xde17, 0xde17, 0xde17, 0xde17, 0xde17, 0xde17, 0xde37, 0xde37, 0xde37, 0xde37, 0xde37, 0xde37, 0xde37, 0xde37, 0xde37, 0xde37, 
	0xe657, 0xe657, 0xe657, 0xe657, 0xe657, 0xe658, 0xe658, 0xe658, 0xe658, 0xe658, 0xe658, 0xe678, 0xe678, 0xe678, 0xe678, 0xe678, 
	0xe678, 0xe678, 0xe678, 0xe698, 0xe698, 0xe699, 0xe699, 0xe699, 0xe699, 0xe699, 0xe699, 0xeeb9, 0xeeb9, 0xeeb9, 0xeeb9, 0xeeb9, 
	0xeeb9, 0xeeb9, 0xeeb9, 0xeed9, 0xeed9, 0xeeda, 0xeeda, 0xeeda, 0xeeda, 0xeeda, 0xeeda, 0xeefa, 0xeefa, 0xeefa, 0xeefa, 0xeefa, 
	0xeefa, 0xf6fa, 0xf6fa, 0xf6fa, 0xf6fa, 0xf71a, 0xf71a, 0xf71a, 0xf71a, 0xf71a, 0xf71a, 0xf71a, 0xf71a, 0xf71a, 0xf71a, 0xf71a, 
	0xf71b, 0xf71b, 0xf73b, 0xf73b, 0xf73b, 0xf73b, 0xf73b, 0xf73b, 0xf73b, 0xf73b, 0xff3b, 0xff3b, 0xff3b, 0xff3b, 0xff3b, 0xff3b, 
	0xff3b, 0xff3b, 0xff3b, 0xff3b, 0xff3b, 0xff3b, 0xff3b, 0xff3b, 0xff3b, 0xff3b, 0xff3b, 0xff3b, 0xff3b, 0xff3b, 0xff3b, 0xff3b, 
	0xff3b, 0xff3b, 0xff3b, 0xff3b, 0xff3b, 0xff3b, 0xff3b, 0xff3b, 0xff5b, 0xff5b, 0xff5b, 0xff5b, 0xff5b, 0xff5b, 0xff5b, 0xff5b, 
	0xff5b, 0xff5b, 0xff5b, 0xff5b, 0xff5b, 0xff5b, 0xff5b, 0xff5b, 0xff5b, 0xff5b, 0xff5b, 0xff5b, 0xff5b, 0xff5b, 0xff5b, 0xff5b, 
	0xff5b, 0xff5b, 0xff5b, 0xff5b, 0xff5b, 0xff5b, 0xff5b, 0xff5b, 0xff5b, 0xff5b, 0xff5b, 0xff5b, 0xff5b, 0xff5b, 0xff5b, 0xff5b, 
	0xff7b, 0xff7b, 0xff7c, 0xff7c, 0xff7c, 0xff7c, 0xff7c, 0xff7c, 0xff7c, 0xff7c, 0xff7c, 0xff7c, 0xff7c, 0xff7c, 0xff7c, 0xff7c, 
	0xff7c, 0xff7c, 0xff7c, 0xff7c, 0xff7c, 0xff7c, 0xff7c, 0xff7c, 0xff7c, 0xff7c, 0xff7c, 0xff7c, 0xff7c, 0xff7c, 0xff7c, 0xff7c, 
	0xff7c, 0xff7c, 0xff7c, 0xff7c, 0xff7c, 0xff7c, 0xff7c, 0xff7c, 0xff7c, 0xff7c, 0xff7c, 0xff7c, 0xff7c, 0xff7c, 0xff7c, 0xff9c, 
	0xff7c, 0xff9c, 0xff9c, 0xff9c, 0xff9c, 0xff9c, 0xff9c, 0xff9c, 0xff9c, 0xff9c, 0xff9c, 0xff9c, 0xff9c, 0xff9c, 0xff9c, 0xff9c, 
	0xff9c, 0xff9c, 0xff9b, 0xff9c, 0xff9c, 0xff9b, 0xff9b, 0xff9b, 0xff9b, 0xff9b, 0xff9b, 0xff9b, 0xff9b, 0xff9b, 0xff9b, 0xff9b, 
	0xad99, 0xad99, 0xad99, 0xad99, 0xad99, 0xad99, 0xad99, 0xad99, 0xad99, 0xadb9, 0xad99, 0xadb9, 0xadb8, 0xb5b8, 0xb5b8, 0xb5b8, 
	0xb5b8, 0xb5b8, 0xb5b8, 0xb5b8, 0xb5b8, 0xb5b8, 0xb5b8, 0xb5b8, 0xb5b8, 0xbdb8, 0xbdb8, 0xbdb8, 0xbdb8, 0xbdb8, 0xbdb8, 0xbdd8, 
	0xbdd8, 0xbdd8, 0xbdd8, 0xc5d7, 0xc5d7, 0xc5d7, 0xc5d7, 0xc5d7, 0xc5d7, 0xc5d7, 0xc5d7, 0xc5d7, 0xcdd7, 0xcdd7, 0xcdd7, 0xcdd7, 
	0xcdd7, 0xcdf7, 0xcdf7, 0xcdf7, 0xcdf7, 0xcdf7, 0xd5f7, 0xd5f7, 0xd5f7, 0xd5f7, 0xd5f7, 0xd5f7, 0xd5f7, 0xd5f7, 0xd5f7, 0xd5f7, 
	0xd5f7, 0xd5f7, 0xd5f7, 0xd5f7, 0xddf7, 0xde17, 0xde17, 0xde17, 0xde17, 0xde17, 0xde17, 0xde17, 0xde17, 0xde17, 0xde17, 0xde17, 
	0xde17, 0xde17, 0xde17, 0xde17, 0xde17, 0xde37, 0xde37, 0xde37, 0xde37, 0xde37, 0xde37, 0xde37, 0xde37, 0xe637, 0xe637, 0xe637, 
	0xe657, 0xe657, 0xe657, 0xe657, 0xe657, 0xe658, 0xe658, 0xe658, 0xe658, 0xe658, 0xe678, 0xe678, 0xe678, 0xe678, 0xe678, 0xe678, 
	0xe678, 0xe678, 0xe678, 0xe698, 0xe698, 0xe699, 0xe699, 0xe699, 0xe699, 0xe699, 0xee99, 0xeeb9, 0xeeb9, 0xeeb9, 0xeeb9, 0xeeb9, 
	0xeeb9, 0xeeb9, 0xeeb9, 0xeed9, 0xeed9, 0xeeda, 0xeeda, 0xeeda, 0xeeda, 0xeeda, 0xeeda, 0xeefa, 0xeefa, 0xeefa, 0xeefa, 0xeefa, 
	0xf6fa, 0xf6fa, 0xf6fa, 0xf6fa, 0xf6fa, 0xf71a, 0xf71a, 0xf71a, 0xf71a, 0xf71a, 0xf71a, 0xf71a, 0xf71a, 0xf71a, 0xf71a, 0xf71a, 
	0xf71a, 0xf71b, 0xf71b, 0xf73b, 0xf73b, 0xf73b, 0xf73b, 0xf73b, 0xf73b, 0xf73b, 0xff3b, 0xff3b, 0xff3b, 0xff3b, 0xff3b, 0xff3b, 
	0xff3b, 0xff3b, 0xff3b, 0xff3b, 0xff3b, 0xff3b, 0xff3b, 0xff3b, 0xff3b, 0xff3b, 0xff3b, 0xff3b, 0xff3b, 0xff3b, 0xff3b, 0xff3b, 
	0xff3b, 0xff3b, 0xff3b, 0xff3b, 0xff3b, 0xff3b, 0xff3b, 0xff3b, 0xff3b, 0xff3b, 0xff5b, 0xff5b, 0xff5b, 0xff5b, 0xff5b, 0xff5b, 
	0xff5b, 0xff5b, 0xff5b, 0xff5b, 0xff5b, 0xff5b, 0xff5b, 0xff5b, 0xff5b, 0xff5b, 0xff5b, 0xff5b, 0xff5b, 0xff5b, 0xff5b, 0xff5b, 
	0xff5b, 0xff5b, 0xff5b, 0xff5b, 0xff5b, 0xff5b, 0xff5b, 0xff5b, 0xff5b, 0xff5b, 0xff5b, 0xff5b, 0xff5b, 0xff5b, 0xff5b, 0xff5b, 
	0xff5b, 0xff7b, 0xff7b, 0xff7c, 0xff7c, 0xff7c, 0xff7c, 0xff7c, 0xff7c, 0xff7c, 0xff7c, 0xff7c, 0xff7c, 0xff7c, 0xff7c, 0xff7c, 
	0xff7c, 0xff7c, 0xff7c, 0xff7c, 0xff7c, 0xff7c, 0xff7c, 0xff7c, 0xff7c, 0xff7c, 0xff7c, 0xff7c, 0xff7c, 0xff7c, 0xff7c, 0xff7c, 
	0xff7c, 0xff7c, 0xff7c, 0xff7c, 0xff7c, 0xff7c, 0xff7c, 0xff7c, 0xff7c, 0xff7c, 0xff7c, 0xff7c, 0xff7c, 0xff7c, 0xff7c, 0xff9c, 
	0xff7c, 0xff9c, 0xff7c, 0xff9c, 0xff9c, 0xff9c, 0xff9c, 0xff9c, 0xff9c, 0xff9c, 0xff9c, 0xff9c, 0xff9c, 0xff9c, 0xff9c, 0xff9c, 
	0xff9c, 0xff9c, 0xff9b, 0xff9c, 0xff9b, 0xff9b, 0xff9b, 0xff9b, 0xff9b, 0xff9b, 0xff9b, 0xff9b, 0xff9b, 0xff9b, 0xff9b, 0xff9b, 
	0xad99, 0xad99, 0xad99, 0xad99, 0xad99, 0xad99, 0xad99, 0xadb9, 0xadb9, 0xadb9, 0xad98, 0xadb8, 0xadb8, 0xb5b8, 0xb5b8, 0xb5b8, 
	0xb5b8, 0xb5b8, 0xb5b8, 0xb5b8, 0xb5b8, 0xb5b8, 0xb5b8, 0xb5b8, 0xb5b8, 0xbdb8, 0xbdb8, 0xbdb8, 0xbdb8, 0xbdb8, 0xbdb8, 0xbdd8, 
	0xbdd8, 0xbdd8, 0xc5d8, 0xc5d7, 0xc5d7, 0xc5d7, 0xc5d7, 0xc5d7, 0xc5d7, 0xc5d7, 0xc5d7, 0xc5d7, 0xcdd7, 0xcdd7, 0xcdd7, 0xcdd7, 
	0xcdf7, 0xcdf7, 0xcdf7, 0xcdf7, 0xcdf7, 0xd5f7, 0xd5f7, 0xd5f7, 0xd5f7, 0xd5f7, 0xd5f7, 0xd5f7, 0xd5f7, 0xd5f7, 0xd5f7, 0xd5f7, 
	0xd5f7, 0xd5f7, 0xd5f7, 0xddf7, 0xde17, 0xde17, 0xde17, 0xde17, 0xde17, 0xde17, 0xde17, 0xde17, 0xde17, 0xde17, 0xde17, 0xde17, 
	0xde17, 0xde17, 0xde17, 0xde17, 0xde37, 0xde37, 0xde37, 0xde37, 0xde37, 0xde37, 0xde37, 0xe637, 0xe637, 0xe637, 0xe637, 0xe657, 
	0xe657, 0xe657, 0xe657, 0xe657, 0xe657, 0xe658, 0xe658, 0xe658, 0xe658, 0xe658, 0xe678, 0xe678, 0xe678, 0xe678, 0xe678, 0xe678, 
	0xe678, 0xe678, 0xe698, 0xe698, 0xe698, 0xe699, 0xe699, 0xe699, 0xe699, 0xee99, 0xee99, 0xeeb9, 0xeeb9, 0xeeb9, 0xeeb9, 0xeeb9, 
	0xeeb9, 0xeeb9, 0xeeb9, 0xeed9, 0xeed9, 0xeed9, 0xeeda, 0xeeda, 0xeeda, 0xeeda, 0xeeda, 0xeefa, 0xeefa, 0xeefa, 0xeefa, 0xf6fa, 
	0xf6fa, 0xf6fa, 0xf6fa, 0xf6fa, 0xf6fa, 0xf71a, 0xf71a, 0xf71a, 0xf71a, 0xf71a, 0xf71a, 0xf71a, 0xf71a, 0xf71a, 0xf71a, 0xf71a, 
	0xf71a, 0xf71a, 0xf71a, 0xf73b, 0xf73b, 0xf73b, 0xf73b, 0xf73b, 0xf73b, 0xf73b, 0xff3b, 0xff3b, 0xff3b, 0xff3b, 0xff3b, 0xff3b, 
	0xff3b, 0xff3b, 0xff3b, 0xff3b, 0xff3b, 0xff3b, 0xff3b, 0xff3b, 0xff3b, 0xff3b, 0xff3b, 0xff3b, 0xff3b, 0xff3b, 0xff3b, 0xff3b, 
	0xff3b, 0xff3b, 0xff3b, 0xff3b, 0xff3b, 0xff3b, 0xff3b, 0xff3b, 0xff3b, 0xff3b, 0xff3b, 0xff3b, 0xff5b, 0xff5b, 0xff5b, 0xff5b, 
	0xff5b, 0xff5b, 0xff5b, 0xff5b, 0xff5b, 0xff5b, 0xff5b, 0xff5b, 0xff5b, 0xff5b, 0xff5b, 0xff5b, 0xff5b, 0xff5b, 0xff5b, 0xff5b, 
	0xff5b, 0xff5b, 0xff5b, 0xff5b, 0xff5b, 0xff5b, 0xff5b, 0xff5b, 0xff5b, 0xff5b, 0xff5b, 0xff5b, 0xff5b, 0xff5b, 0xff5b, 0xff5b, 
	0xff5b, 0xff5b, 0xff5b, 0xff7b, 0xff7c, 0xff7c, 0xff7c, 0xff7c, 0xff7c, 0xff7c, 0xff7c, 0xff7c, 0xff7c, 0xff7c, 0xff7c, 0xff7c, 
	0xff7c, 0xff7c, 0xff7c, 0xff7c, 0xff7c, 0xff7c, 0xff7c, 0xff7c, 0xff7c, 0xff7c, 0xff7c, 0xff7c, 0xff7c, 0xff7c, 0xff7c, 0xff7c, 
	0xff7c, 0xff7c, 0xff7c, 0xff7c, 0xff7c, 0xff7c, 0xff7c, 0xff7c, 0xff7c, 0xff7c, 0xff7c, 0xff7c, 0xff7c, 0xff7c, 0xff7c, 0xff7c, 
	0xff7c, 0xff9c, 0xff7c, 0xff9c, 0xff7c, 0xff9c, 0xff9c, 0xff9c, 0xff9c, 0xff9c, 0xff9c, 0xff9c, 0xff9c, 0xff9c, 0xff9c, 0xff9c, 
	0xff9c, 0xff9c, 0xff9b, 0xff9c, 0xff9b, 0xff9b, 0xff9b, 0xff9b, 0xff9b, 0xff9b, 0xff9b, 0xff9b, 0xff9b, 0xff9b, 0xff9b, 0xff9b, 
	0xad99, 0xad99, 0xad99, 0xad99, 0xad99, 0xad99, 0xad99, 0xadb9, 0xadb9, 0xadb9, 0xadb9, 0xadb8, 0xb5b8, 0xb5b8, 0xb5b8, 0xb5b8, 
	0xb5b8, 0xb5b8, 0xb5b8, 0xb5b8, 0xb5b8, 0xb5b8, 0xb5b8, 0xbdb8, 0xbdb8, 0xbdd8, 0xbdb8, 0xbdd8, 0xbdd8, 0xbdb8, 0xbdd8, 0xbdd8, 
	0xbdd8, 0xbdd7, 0xc5d8, 0xc5d7, 0xc5d7, 0xc5d7, 0xc5d7, 0xc5d7, 0xc5d7, 0xc5d7, 0xcdd7, 0xcdd7, 0xcdd7, 0xcdd7, 0xcdd7, 0xcdf7, 
	0xcdf7, 0xcdf7, 0xcdf7, 0xcdf7, 0xd5f7, 0xd5f7, 0xd5f7, 0xd5f7, 0xd5f7, 0xd5f7, 0xd5f7, 0xd5f7, 0xd5f7, 0xd5f7, 0xd5f7, 0xd5f7, 
	0xd5f7, 0xd5f7, 0xddf7, 0xde17, 0xde17, 0xde17, 0xde17, 0xde17, 0xde17, 0xde17, 0xde17, 0xde17, 0xde17, 0xde17, 0xde17, 0xde17, 
	0xde17, 0xde17, 0xde17, 0xde37, 0xde37, 0xde37, 0xde37, 0xde37, 0xe637, 0xe637, 0xe637, 0xe637, 0xe637, 0xe637, 0xe657, 0xe657, 
	0xe657, 0xe657, 0xe657, 0xe657, 0xe657, 0xe658, 0xe658, 0xe658, 0xe658, 0xe678, 0xe678, 0xe678, 0xe678, 0xe678, 0xe678, 0xe678, 
	0xe678, 0xe678, 0xe698, 0xe698, 0xe698, 0xe699, 0xe699, 0xe699, 0xee99, 0xee99, 0xeeb9, 0xeeb9, 0xeeb9, 0xeeb9, 0xeeb9, 0xeeb9, 
	0xeeb9, 0xeeb9, 0xeeb9, 0xeed9, 0xeed9, 0xeed9, 0xeeda, 0xeeda, 0xeeda, 0xeeda, 0xeeda, 0xeefa, 0xeefa, 0xeefa, 0xeefa, 0xf6fa, 
	0xf6fa, 0xf6fa, 0xf6fa, 0xf6fa, 0xf6fa, 0xf71a, 0xf71a, 0xf71a, 0xf71a, 0xf71a, 0xf71a, 0xf71a, 0xf71a, 0xf71a, 0xf71a, 0xf71a, 
	0xf71a, 0xf71a, 0xf71a, 0xf71a, 0xf73a, 0xf73a, 0xf73b, 0xf73b, 0xf73b, 0xf73b, 0xff3b, 0xff3b, 0xff3b, 0xff3b, 0xff3b, 0xff3b, 
	0xff3b, 0xff3b, 0xff3b, 0xff3b, 0xff3b, 0xff3b, 0xff3b, 0xff3b, 0xff3b, 0xff3b, 0xff3b, 0xff3b, 0xff3b, 0xff3b, 0xff3b, 0xff3b, 
	0xff3b, 0xff3b, 0xff3b, 0xff3b, 0xff3b, 0xff3b, 0xff3b, 0xff3b, 0xff3b, 0xff3b, 0xff3b, 0xff3b, 0xff3b, 0xff3b, 0xff3b, 0xff3b, 
	0xff3b, 0xff3b, 0xff3b, 0xff3b, 0xff3b, 0xff5b, 0xff5b, 0xff5b, 0xff5b, 0xff5b, 0xff5b, 0xff5b, 0xff5b, 0xff5b, 0xff5b, 0xff5b, 
	0xff5b, 0xff5b, 0xff5b, 0xff5b, 0xff5b, 0xff5b, 0xff5b, 0xff5b, 0xff5b, 0xff5b, 0xff5b, 0xff5b, 0xff5b, 0xff5b, 0xff5b, 0xff5b, 
	0xff5b, 0xff5b, 0xff5b, 0xff5b, 0xff5b, 0xff7b, 0xff7b, 0xff7b, 0xff7b, 0xff7b, 0xff7b, 0xff7b, 0xff7b, 0xff7c, 0xff7c, 0xff7c, 
	0xff7c, 0xff7c, 0xff7c, 0xff7c, 0xff7c, 0xff7c, 0xff7c, 0xff7c, 0xff7c, 0xff7c, 0xff7c, 0xff7c, 0xff7c, 0xff7c, 0xff7c, 0xff7c, 
	0xff7c, 0xff7c, 0xff7c, 0xff7c, 0xff7c, 0xff7c, 0xff7c, 0xff7c, 0xff7c, 0xff7c, 0xff7c, 0xff7c, 0xff7c, 0xff7c, 0xff7c, 0xff7c, 
	0xff7c, 0xff7c, 0xff7c, 0xff9c, 0xff9c, 0xff9c, 0xff9c, 0xff9c, 0xff9c, 0xff9c, 0xff9c, 0xff9c, 0xff9c, 0xff9c, 0xff9c, 0xff9c, 
	0xff9c, 0xff9c, 0xff9c, 0xff9c, 0xff9b, 0xff9c, 0xff9b, 0xff9b, 0xff9b, 0xff9b, 0xff9b, 0xff9b, 0xff9b, 0xff9b, 0xff9b, 0xff9b, 
	0xad99, 0xad99, 0xad99, 0xad99, 0xad99, 0xad99, 0xad99, 0xadb9, 0xadb9, 0xadb9, 0xadb9, 0xb5b8, 0xb5b8, 0xb5b8, 0xb5b8, 0xb5b8, 
	0xb5b8, 0xb5b8, 0xb5b8, 0xb5b8, 0xb5b8, 0xb5b8, 0xb5b8, 0xbdb8, 0xbdb8, 0xbdd8, 0xbdb8, 0xbdd8, 0xbdd8, 0xbdd8, 0xbdd8, 0xbdd8, 
	0xbdd7, 0xc5d8, 0xc5d7, 0xc5d8, 0xc5d7, 0xc5d7, 0xc5d7, 0xc5d7, 0xc5d7, 0xc5d7, 0xcdd7, 0xcdd7, 0xcdd7, 0xcdd7, 0xcdf7, 0xcdf7, 
	0xcdf7, 0xcdf7, 0xcdf7, 0xcdf7, 0xd5f7, 0xd5f7, 0xd5f7, 0xd5f7, 0xd5f7, 0xd5f7, 0xd5f7, 0xd5f7, 0xd5f7, 0xd5f7, 0xd5f7, 0xd5f7, 
	0xd5f7, 0xddf7, 0xde17, 0xde17, 0xde17, 0xde17, 0xde17, 0xde17, 0xde17, 0xde17, 0xde17, 0xde17, 0xde17, 0xde17, 0xde17, 0xde17, 
	0xde17, 0xde17, 0xde37, 0xde37, 0xde37, 0xde37, 0xe637, 0xe637, 0xe637, 0xe637, 0xe637, 0xe637, 0xe637, 0xe657, 0xe657, 0xe657, 
	0xe657, 0xe657, 0xe657, 0xe657, 0xe657, 0xe658, 0xe658, 0xe658, 0xe678, 0xe678, 0xe678, 0xe678, 0xe678, 0xe678, 0xe678, 0xe678, 
	0xe678, 0xe698, 0xe698, 0xe698, 0xe698, 0xe699, 0xe699, 0xee99, 0xee99, 0xee99, 0xeeb9, 0xeeb9, 0xeeb9, 0xeeb9, 0xeeb9, 0xeeb9, 
	0xeeb9, 0xeeb9, 0xeed9, 0xeed9, 0xeed9, 0xeed9, 0xeeda, 0xeeda, 0xeeda, 0xeeda, 0xeeda, 0xeefa, 0xeefa, 0xeefa, 0xf6fa, 0xf6fa, 
	0xf6fa, 0xf6fa, 0xf6fa, 0xf6fa, 0xf6fa, 0xf71a, 0xf71a, 0xf71a, 0xf71a, 0xf71a, 0xf71a, 0xf71a, 0xf71a, 0xf71a, 0xf71a, 0xf71a, 
	0xf71a, 0xf71a, 0xf71a, 0xf71a, 0xf71a, 0xf73a, 0xf73a, 0xf73a, 0xf73a, 0xf73b, 0xff3b, 0xff3b, 0xff3b, 0xff3b, 0xff3b, 0xff3b, 
	0xff3b, 0xff3b, 0xff3b, 0xff3b, 0xff3b, 0xff3b, 0xff3b, 0xff3b, 0xff3b, 0xff3b, 0xff3b, 0xff3b, 0xff3b, 0xff3b, 0xff3b, 0xff3b, 
	0xff3b, 0xff3b, 0xff3b, 0xff3b, 0xff3b, 0xff3b, 0xff3b, 0xff3b, 0xff3b, 0xff3b, 0xff3b, 0xff3b, 0xff3b, 0xff3b, 0xff3b, 0xff3b, 
	0xff3b, 0xff3b, 0xff3b, 0xff3b, 0xff3b, 0xff3b, 0xff3b, 0xff5b, 0xff5b, 0xff5b, 0xff5b, 0xff5b, 0xff5b, 0xff5b, 0xff5b, 0xff5b, 
	0xff5b, 0xff5b, 0xff5b, 0xff5b, 0xff5b, 0xff5b, 0xff5b, 0xff5b, 0xff5b, 0xff5b, 0xff5b, 0xff5b, 0xff5b, 0xff5b, 0xff5b, 0xff5b, 
	0xff5b, 0xff5b, 0xff5b, 0xff5b, 0xff5b, 0xff5b, 0xff5b, 0xff7b, 0xff7b, 0xff7b, 0xff7b, 0xff7b, 0xff7b, 0xff7b, 0xff7b, 0xff7c, 
	0xff7c, 0xff7c, 0xff7c, 0xff7c, 0xff7c, 0xff7c, 0xff7c, 0xff7c, 0xff7c, 0xff7c, 0xff7c, 0xff7c, 0xff7c, 0xff7c, 0xff7c, 0xff7c, 
	0xff7c, 0xff7c, 0xff7c, 0xff7c, 0xff7c, 0xff7c, 0xff7c, 0xff7c, 0xff7c, 0xff7c, 0xff7c, 0xff7c, 0xff7c, 0xff7c, 0xff7c, 0xff7c, 
	0xff9c, 0xff7c, 0xff9c, 0xff9c, 0xff9c, 0xff7c, 0xff9c, 0xff9c, 0xff9c, 0xff9c, 0xff9c, 0xff9c, 0xff9c, 0xff9c, 0xff9c, 0xff9c, 
	0xff9c, 0xff9c, 0xff9c, 0xff9c, 0xff9b, 0xff9c, 0xff9b, 0xff9b, 0xff9b, 0xff9b, 0xff9b, 0xff9b, 0xff9b, 0xff9b, 0xff9b, 0xff9b, 
	0xad99, 0xad99, 0xad99, 0xad99, 0xad99, 0xad99, 0xad99, 0xadb9, 0xadb9, 0xadb9, 0xadb9, 0xb5b8, 0xb5b8, 0xb5b8, 0xb5b8, 0xb5b8, 
	0xb5b8, 0xb5b8, 0xb5b8, 0xb5b8, 0xb5b8, 0xb5b8, 0xbdd8, 0xbdb8, 0xbdb8, 0xbdd8, 0xbdd8, 0xbdd8, 0xbdd8, 0xbdd8, 0xbdd8, 0xbdd8, 
	0xc5d7, 0xc5d7, 0xc5d7, 0xc5d8, 0xc5d7, 0xc5d7, 0xc5d7, 0xc5d7, 0xc5d7, 0xc5d7, 0xcdd7, 0xcdf7, 0xcdd7, 0xcdf7, 0xcdf7, 0xcdf7, 
	0xcdf7, 0xcdf7, 0xcdf7, 0xd5f7, 0xd5f7, 0xd5f7, 0xd5f7, 0xd5f7, 0xd5f7, 0xd5f7, 0xd5f7, 0xd5f7, 0xd5f7, 0xd5f7, 0xd5f7, 0xd5f7, 
	0xde17, 0xde17, 0xde17, 0xde17, 0xde17, 0xde17, 0xde17, 0xde17, 0xde17, 0xde17, 0xde17, 0xde17, 0xde17, 0xde17, 0xde17, 0xde17, 
	0xde37, 0xde37, 0xde37, 0xe637, 0xe637, 0xe637, 0xe637, 0xe637, 0xe637, 0xe637, 0xe637, 0xe637, 0xe657, 0xe657, 0xe657, 0xe657, 
	0xe657, 0xe657, 0xe657, 0xe657, 0xe658, 0xe658, 0xe658, 0xe658, 0xe678, 0xe678, 0xe678, 0xe678, 0xe678, 0xe678, 0xe678, 0xe678, 
	0xe678, 0xe698, 0xe698, 0xe698, 0xe698, 0xe699, 0xee99, 0xee99, 0xee99, 0xeeb9, 0xeeb9, 0xeeb9, 0xeeb9, 0xeeb9, 0xeeb9, 0xeeb9, 
	0xeeb9, 0xeeb9, 0xeed9, 0xeed9, 0xeed9, 0xeed9, 0xeeda, 0xeeda, 0xeeda, 0xeeda, 0xeeda, 0xeefa, 0xeefa, 0xf6fa, 0xf6fa, 0xf6fa, 
	0xf6fa, 0xf6fa, 0xf6fa, 0xf6fa, 0xf6fa, 0xf6fa, 0xf71a, 0xf71a, 0xf71a, 0xf71a, 0xf71a, 0xf71a, 0xf71a, 0xf71a, 0xf71a, 0xf71a, 
	0xf71a, 0xf71a, 0xf71a, 0xf71a, 0xf71a, 0xf71a, 0xf71a, 0xf73a, 0xf73a, 0xf73a, 0xff3a, 0xff3a, 0xff3a, 0xff3b, 0xff3b, 0xff3b, 
	0xff3b, 0xff3b, 0xff3b, 0xff3b, 0xff3b, 0xff3b, 0xff3b, 0xff3b, 0xff3b, 0xff3b, 0xff3b, 0xff3b, 0xff3b, 0xff3b, 0xff3b, 0xff3b, 
	0xff3b, 0xff3b, 0xff3b, 0xff3b, 0xff3b, 0xff3b, 0xff3b, 0xff3b, 0xff3b, 0xff3b, 0xff3b, 0xff3b, 0xff3b, 0xff3b, 0xff3b, 0xff3b, 
	0xff3b, 0xff3b, 0xff3b, 0xff3b, 0xff3b, 0xff3b, 0xff3b, 0xff3b, 0xff3b, 0xff3b, 0xff5b, 0xff5b, 0xff5b, 0xff5b, 0xff5b, 0xff5b, 
	0xff5b, 0xff5b, 0xff5b, 0xff5b, 0xff5b, 0xff5b, 0xff5b, 0xff5b, 0xff5b, 0xff5b, 0xff5b, 0xff5b, 0xff5b, 0xff5b, 0xff5b, 0xff5b, 
	0xff5b, 0xff5b, 0xff5b, 0xff5b, 0xff5b, 0xff5b, 0xff5b, 0xff5b, 0xff5b, 0xff7b, 0xff7b, 0xff7b, 0xff7b, 0xff7b, 0xff7b, 0xff7b, 
	0xff7b, 0xff7c, 0xff7c, 0xff7c, 0xff7c, 0xff7c, 0xff7c, 0xff7c, 0xff7c, 0xff7c, 0xff7c, 0xff7c, 0xff7c, 0xff7c, 0xff7c, 0xff7c, 
	0xff7c, 0xff7c, 0xff7c, 0xff7c, 0xff7c, 0xff7c, 0xff7c, 0xff7c, 0xff7c, 0xff7c, 0xff7c, 0xff7c, 0xff7c, 0xff7c, 0xff7c, 0xff7c, 
	0xff9c, 0xff7c, 0xff9c, 0xff7c, 0xff9c, 0xff9c, 0xff9c, 0xff9c, 0xff9c, 0xff9c, 0xff9c, 0xff9c, 0xff9c, 0xff9c, 0xff9c, 0xff9c, 
	0xff9c, 0xff9c, 0xff9c, 0xff9c, 0xff9b, 0xff9c, 0xff9b, 0xff9b, 0xff9b, 0xff9b, 0xff9b, 0xff9b, 0xff9b, 0xff9b, 0xff9b, 0xff9b, 
	0xad99, 0xad99, 0xad99, 0xad99, 0xad99, 0xad99, 0xadb9, 0xadb9, 0xadb9, 0xadb9, 0xb5b9, 0xb5b8, 0xb5b8, 0xb5b8, 0xb5b8, 0xb5b8, 
	0xb5b8, 0xb5b8, 0xb5b8, 0xb5b8, 0xb5b8, 0xb5b8, 0xbdd8, 0xbdd8, 0xbdb8, 0xbdd8, 0xbdd8, 0xbdd8, 0xbdd8, 0xbdd8, 0xbdd8, 0xbdd8, 
	0xc5d7, 0xc5d7, 0xc5d7, 0xc5d7, 0xc5d7, 0xc5d7, 0xc5d7, 0xc5d7, 0xc5d7, 0xcdd7, 0xcdf7, 0xcdf7, 0xcdf7, 0xcdf7, 0xcdf7, 0xcdf7, 
	0xcdf7, 0xcdf7, 0xcdf7, 0xd5f7, 0xd5f7, 0xd5f7, 0xd5f7, 0xd5f7, 0xd5f7, 0xd5f7, 0xd5f7, 0xd617, 0xd5f7, 0xd5f7, 0xd5f7, 0xde17, 
	0xde17, 0xde17, 0xde17, 0xde17, 0xde17, 0xde17, 0xde17, 0xde17, 0xde17, 0xde17, 0xde17, 0xde17, 0xde17, 0xde17, 0xde17, 0xde37, 
	0xde37, 0xde37, 0xe637, 0xe637, 0xe637, 0xe637, 0xe637, 0xe637, 0xe637, 0xe637, 0xe637, 0xe657, 0xe657, 0xe657, 0xe657, 0xe657, 
	0xe657, 0xe657, 0xe657, 0xe657, 0xe658, 0xe658, 0xe658, 0xe678, 0xe678, 0xe678, 0xe678, 0xe678, 0xe678, 0xe678, 0xe678, 0xe678, 
	0xe698, 0xe698, 0xe698, 0xe698, 0xe698, 0xee99, 0xee99, 0xee99, 0xee99, 0xeeb9, 0xeeb9, 0xeeb9, 0xeeb9, 0xeeb9, 0xeeb9, 0xeeb9, 
	0xeeb9, 0xeeb9, 0xeed9, 0xeed9, 0xeed9, 0xeed9, 0xeed9, 0xeeda, 0xeeda, 0xeeda, 0xeeda, 0xeefa, 0xeefa, 0xf6fa, 0xf6fa, 0xf6fa, 
	0xf6fa, 0xf6fa, 0xf6fa, 0xf6fa, 0xf6fa, 0xf6fa, 0xf71a, 0xf71a, 0xf71a, 0xf71a, 0xf71a, 0xf71a, 0xf71a, 0xf71a, 0xf71a, 0xf71a, 
	0xf71a, 0xf71a, 0xf71a, 0xf71a, 0xf71a, 0xf71a, 0xf71a, 0xf71a, 0xf73a, 0xf73a, 0xff3a, 0xff3a, 0xff3a, 0xff3a, 0xff3a, 0xff3a, 
	0xff3a, 0xff3b, 0xff3b, 0xff3b, 0xff3b, 0xff3b, 0xff3b, 0xff3b, 0xff3b, 0xff3b, 0xff3b, 0xff3b, 0xff3b, 0xff3b, 0xff3b, 0xff3b, 
	0xff3b, 0xff3b, 0xff3b, 0xff3b, 0xff3b, 0xff3b, 0xff3b, 0xff3b, 0xff3b, 0xff3b, 0xff3b, 0xff3b, 0xff3b, 0xff3b, 0xff3b, 0xff3b, 
	0xff3b, 0xff3b, 0xff3b, 0xff3b, 0xff3b, 0xff3b, 0xff3b, 0xff3b, 0xff3b, 0xff3b, 0xff3b, 0xff5b, 0xff5b, 0xff5b, 0xff5b, 0xff5b, 
	0xff5b, 0xff5b, 0xff5b, 0xff5b, 0xff5b, 0xff5b, 0xff5b, 0xff5b, 0xff5b, 0xff5b, 0xff5b, 0xff5b, 0xff5b, 0xff5b, 0xff5b, 0xff5b, 
	0xff5b, 0xff5b, 0xff5b, 0xff5b, 0xff5b, 0xff5b, 0xff5b, 0xff5b, 0xff5b, 0xff5b, 0xff5b, 0xff7b, 0xff7b, 0xff7b, 0xff7b, 0xff7b, 
	0xff7b, 0xff7b, 0xff7b, 0xff7c, 0xff7c, 0xff7c, 0xff7c, 0xff7c, 0xff7c, 0xff7c, 0xff7c, 0xff7c, 0xff7c, 0xff7c, 0xff7c, 0xff7c, 
	0xff7c, 0xff7c, 0xff7c, 0xff7c, 0xff7c, 0xff7c, 0xff7c, 0xff7c, 0xff7c, 0xff7c, 0xff7c, 0xff7c, 0xff7c, 0xff7c, 0xff7c, 0xff7c, 
	0xff7c, 0xff7c, 0xff9c, 0xff7c, 0xff9c, 0xff9c, 0xff9c, 0xff9c, 0xff9c, 0xff9c, 0xff9c, 0xff9c, 0xff9c, 0xff9c, 0xff9c, 0xff9c, 
	0xff9b, 0xff9c, 0xff9c, 0xff9c, 0xff9b, 0xff9c, 0xff9b, 0xff9b, 0xff9b, 0xff9b, 0xff9b, 0xff9b, 0xff9b, 0xff9b, 0xff9b, 0xff9b, 
	0xad99, 0xad99, 0xad99, 0xad99, 0xad99, 0xad99, 0xadb9, 0xadb9, 0xb5b9, 0xb5b9, 0xb5b9, 0xb5b8, 0xb5b8, 0xb5b8, 0xb5b8, 0xb5b8, 
	0xb5b8, 0xb5b8, 0xb5b8, 0xb5b8, 0xb5b8, 0xbdb8, 0xbdd8, 0xbdd8, 0xbdb8, 0xbdd8, 0xbdd8, 0xbdd8, 0xbdd8, 0xbdd8, 0xbdd8, 0xc5d8, 
	0xc5d7, 0xc5d7, 0xc5d7, 0xc5d7, 0xc5d7, 0xc5d7, 0xc5d7, 0xc5d7, 0xc5d7, 0xcdd7, 0xcdf7, 0xcdf7, 0xcdf7, 0xcdf7, 0xcdf7, 0xcdf7, 
	0xcdf7, 0xcdf7, 0xd5f7, 0xd5f7, 0xd5f7, 0xd5f7, 0xd5f7, 0xd5f7, 0xd5f7, 0xd617, 0xd617, 0xd617, 0xd617, 0xde17, 0xde17, 0xde17, 
	0xde17, 0xde17, 0xde17, 0xde17, 0xde17, 0xde17, 0xde17, 0xde17, 0xde17, 0xde37, 0xde37, 0xde37, 0xde37, 0xe637, 0xe637, 0xe637, 
	0xe637, 0xe637, 0xe637, 0xe637, 0xe637, 0xe637, 0xe637, 0xe637, 0xe657, 0xe657, 0xe657, 0xe657, 0xe657, 0xe657, 0xe657, 0xe657, 
	0xe657, 0xe658, 0xe658, 0xe658, 0xe678, 0xe678, 0xe678, 0xe678, 0xe678, 0xe678, 0xe678, 0xe678, 0xe678, 0xee78, 0xee98, 0xee98, 
	0xee98, 0xee98, 0xee98, 0xee99, 0xee99, 0xee99, 0xeeb9, 0xeeb9, 0xeeb9, 0xeeb9, 0xeeb9, 0xeeb9, 0xeeb9, 0xeeb9, 0xeeb9, 0xeed9, 
	0xeed9, 0xeed9, 0xeed9, 0xeed9, 0xeeda, 0xeeda, 0xeeda, 0xeeda, 0xeeda, 0xf6fa, 0xf6fa, 0xf6fa, 0xf6fa, 0xf6fa, 0xf6fa, 0xf6fa, 
	0xf6fa, 0xf6fa, 0xf6fa, 0xf71a, 0xf71a, 0xf71a, 0xf71a, 0xf71a, 0xf71a, 0xf71a, 0xf71a, 0xf71a, 0xf71a, 0xf71a, 0xf71a, 0xf71a, 
	0xf71a, 0xf71a, 0xf73a, 0xf73a, 0xff3a, 0xff3a, 0xff3a, 0xff3a, 0xff3a, 0xff3a, 0xff3a, 0xff3a, 0xff3a, 0xff3a, 0xff3a, 0xff3a, 
	0xff3a, 0xff3a, 0xff3a, 0xff3a, 0xff3a, 0xff3a, 0xff3a, 0xff3a, 0xff3a, 0xff3a, 0xff3a, 0xff3a, 0xff3a, 0xff3a, 0xff3a, 0xff3a, 
	0xff3a, 0xff3a, 0xff3a, 0xff3a, 0xff3a, 0xff3a, 0xff3b, 0xff3b, 0xff3b, 0xff3b, 0xff3b, 0xff3b, 0xff3b, 0xff3b, 0xff3b, 0xff3b, 
	0xff3b, 0xff3b, 0xff3b, 0xff3b, 0xff3b, 0xff5b, 0xff5b, 0xff5b, 0xff5b, 0xff5b, 0xff5b, 0xff5b, 0xff5b, 0xff5b, 0xff5b, 0xff5b, 
	0xff5b, 0xff5b, 0xff5b, 0xff5b, 0xff5b, 0xff5b, 0xff5b, 0xff5b, 0xff5b, 0xff5b, 0xff5b, 0xff5b, 0xff5b, 0xff5b, 0xff5b, 0xff5b, 
	0xff5b, 0xff5b, 0xff5b, 0xff5b, 0xff5b, 0xff7b, 0xff7b, 0xff7b, 0xff7b, 0xff7b, 0xff7b, 0xff7b, 0xff7b, 0xff7b, 0xff7b, 0xff7b, 
	0xff7b, 0xff7b, 0xff7b, 0xff7b, 0xff7b, 0xff7b, 0xff7c, 0xff7c, 0xff7c, 0xff7c, 0xff7c, 0xff7c, 0xff7c, 0xff7c, 0xff7c, 0xff7c, 
	0xff7c, 0xff7c, 0xff7c, 0xff7c, 0xff7c, 0xff7c, 0xff7c, 0xff7c, 0xff7c, 0xff7c, 0xff7c, 0xff7c, 0xff7c, 0xff7c, 0xff7c, 0xff7c, 
	0xff7c, 0xff7c, 0xff7c, 0xff7c, 0xff9c, 0xff9c, 0xff7c, 0xff9c, 0xff9c, 0xff9c, 0xff9c, 0xff9c, 0xff9c, 0xff9c, 0xff9c, 0xff9c, 
	0xff9c, 0xff9c, 0xff9c, 0xff9c, 0xff9b, 0xff9b, 0xff9b, 0xff9b, 0xff9b, 0xff9b, 0xff9b, 0xff9b, 0xff9b, 0xff9b, 0xff9b, 0xff9b, 
	0xad99, 0xad99, 0xad99, 0xad99, 0xad99, 0xadb9, 0xadb9, 0xadb9, 0xb5b9, 0xb5b9, 0xb5b9, 0xb5b8, 0xb5b8, 0xb5b8, 0xb5b8, 0xb5b8, 
	0xb5b8, 0xb5b8, 0xb5b8, 0xb5b8, 0xbdd8, 0xbdd8, 0xbdd8, 0xbdd8, 0xbdd8, 0xbdd8, 0xbdd8, 0xbdd8, 0xbdd8, 0xbdd8, 0xbdd8, 0xc5d8, 
	0xc5d7, 0xc5d7, 0xc5d7, 0xc5d7, 0xc5d7, 0xc5d7, 0xc5d7, 0xcdf7, 0xcdf7, 0xcdf7, 0xcdf7, 0xcdf7, 0xcdf7, 0xcdf7, 0xcdf7, 0xcdf7, 
	0xcdf7, 0xcdf7, 0xd5f7, 0xd5f7, 0xd617, 0xd5f7, 0xd5f7, 0xd5f7, 0xd617, 0xd617, 0xd617, 0xd617, 0xde17, 0xde17, 0xde17, 0xde17, 
	0xde17, 0xde17, 0xde17, 0xde17, 0xde17, 0xde17, 0xde17, 0xde17, 0xde17, 0xde37, 0xde37, 0xde37, 0xe637, 0xe637, 0xe637, 0xe637, 
	0xe637, 0xe637, 0xe637, 0xe637, 0xe637, 0xe637, 0xe637, 0xe657, 0xe657, 0xe657, 0xe657, 0xe657, 0xe657, 0xe657, 0xe657, 0xe657, 
	0xe657, 0xe658, 0xe658, 0xe678, 0xe678, 0xe678, 0xe678, 0xe678, 0xe678, 0xe678, 0xe678, 0xee78, 0xee78, 0xee98, 0xee98, 0xee98, 
	0xee98, 0xee98, 0xee98, 0xee99, 0xee99, 0xee99, 0xeeb9, 0xeeb9, 0xeeb9, 0xeeb9, 0xeeb9, 0xeeb9, 0xeeb9, 0xeeb9, 0xeeb9, 0xeed9, 
	0xeed9, 0xeed9, 0xeed9, 0xeed9, 0xeeda, 0xeeda, 0xeeda, 0xeeda, 0xeeda, 0xf6fa, 0xf6fa, 0xf6fa, 0xf6fa, 0xf6fa, 0xf6fa, 0xf6fa, 
	0xf6fa, 0xf6fa, 0xf6fa, 0xf71a, 0xf71a, 0xf71a, 0xf71a, 0xf71a, 0xf71a, 0xf71a, 0xf71a, 0xf71a, 0xf71a, 0xf71a, 0xf71a, 0xf71a, 
	0xf71a, 0xf71a, 0xf71a, 0xf73a, 0xff3a, 0xff3a, 0xff3a, 0xff3a, 0xff3a, 0xff3a, 0xff3a, 0xff3a, 0xff3a, 0xff3a, 0xff3a, 0xff3a, 
	0xff3a, 0xff3a, 0xff3a, 0xff3a, 0xff3a, 0xff3a, 0xff3a, 0xff3a, 0xff3a, 0xff3a, 0xff3a, 0xff3a, 0xff3a, 0xff3a, 0xff3a, 0xff3a, 
	0xff3a, 0xff3a, 0xff3a, 0xff3a, 0xff3a, 0xff3a, 0xff3a, 0xff3a, 0xff3a, 0xff3b, 0xff3b, 0xff3b, 0xff3b, 0xff3b, 0xff3b, 0xff3b, 
	0xff3b, 0xff3b, 0xff3b, 0xff3b, 0xff3b, 0xff3b, 0xff3b, 0xff5b, 0xff5b, 0xff5b, 0xff5b, 0xff5b, 0xff5b, 0xff5b, 0xff5b, 0xff5b, 
	0xff5b, 0xff5b, 0xff5b, 0xff5b, 0xff5b, 0xff5b, 0xff5b, 0xff5b, 0xff5b, 0xff5b, 0xff5b, 0xff5b, 0xff5b, 0xff5b, 0xff5b, 0xff5b, 
	0xff5b, 0xff5b, 0xff5b, 0xff5b, 0xff5b, 0xff5b, 0xff5b, 0xff7b, 0xff7b, 0xff7b, 0xff7b, 0xff7b, 0xff7b, 0xff7b, 0xff7b, 0xff7b, 
	0xff7b, 0xff7b, 0xff7b, 0xff7b, 0xff7b, 0xff7b, 0xff7b, 0xff7b, 0xff7c, 0xff7c, 0xff7c, 0xff7c, 0xff7c, 0xff7c, 0xff7c, 0xff7c, 
	0xff7c, 0xff7c, 0xff7c, 0xff7c, 0xff7c, 0xff7c, 0xff7c, 0xff7c, 0xff7c, 0xff7c, 0xff7c, 0xff7c, 0xff7c, 0xff7c, 0xff7c, 0xff7c, 
	0xff7c, 0xff7c, 0xff7c, 0xff7c, 0xff7c, 0xff9c, 0xff9c, 0xff7c, 0xff9c, 0xff9c, 0xff9c, 0xff9c, 0xff9c, 0xff9c, 0xff9c, 0xff9c, 
	0xff9c, 0xff9b, 0xff9c, 0xff9c, 0xff9b, 0xff9b, 0xff9b, 0xff9b, 0xff9b, 0xff9b, 0xff9b, 0xff9b, 0xff9b, 0xff9b, 0xff9b, 0xff9b, 
	0xad99, 0xad99, 0xad99, 0xad99, 0xad99, 0xadb9, 0xadb9, 0xadb9, 0xb5b9, 0xb5b8, 0xb5b9, 0xb5b8, 0xb5b8, 0xb5b8, 0xb5b8, 0xb5b8, 
	0xb5b8, 0xb5d8, 0xb5b8, 0xbdb8, 0xbdd8, 0xbdd8, 0xbdd8, 0xbdd8, 0xbdd8, 0xbdd8, 0xbdd8, 0xbdd8, 0xbdd8, 0xbdd8, 0xc5d8, 0xc5d8, 
	0xc5d8, 0xc5d7, 0xc5d7, 0xc5d7, 0xc5d7, 0xc5d7, 0xc5d7, 0xcdf7, 0xcdf7, 0xcdf7, 0xcdf7, 0xcdf7, 0xcdf7, 0xcdf7, 0xcdf7, 0xcdf7, 
	0xcdf7, 0xd5f7, 0xd5f7, 0xd617, 0xd617, 0xd617, 0xd5f7, 0xd617, 0xd617, 0xd617, 0xd617, 0xde17, 0xde17, 0xde17, 0xde17, 0xde17, 
	0xde17, 0xde17, 0xde17, 0xde17, 0xde17, 0xde17, 0xde17, 0xde37, 0xde37, 0xde37, 0xe637, 0xe637, 0xe637, 0xe637, 0xe637, 0xe637, 
	0xe637, 0xe637, 0xe637, 0xe637, 0xe637, 0xe637, 0xe657, 0xe657, 0xe657, 0xe657, 0xe657, 0xe657, 0xe657, 0xe657, 0xe657, 0xe657, 
	0xe657, 0xe658, 0xe678, 0xe678, 0xe678, 0xe678, 0xe678, 0xe678, 0xe678, 0xee78, 0xee78, 0xee78, 0xee78, 0xee98, 0xee98, 0xee98, 
	0xee98, 0xee98, 0xee98, 0xee99, 0xee99, 0xeeb9, 0xeeb9, 0xeeb9, 0xeeb9, 0xeeb9, 0xeeb9, 0xeeb9, 0xeeb9, 0xeeb9, 0xeeb9, 0xeed9, 
	0xeed9, 0xeed9, 0xeed9, 0xeed9, 0xeed9, 0xeeda, 0xeeda, 0xeeda, 0xf6fa, 0xf6fa, 0xf6fa, 0xf6fa, 0xf6fa, 0xf6fa, 0xf6fa, 0xf6fa, 
	0xf6fa, 0xf6fa, 0xf6fa, 0xf71a, 0xf71a, 0xf71a, 0xf71a, 0xf71a, 0xf71a, 0xf71a, 0xf71a, 0xf71a, 0xf71a, 0xf71a, 0xf71a, 0xf71a, 
	0xf71a, 0xf71a, 0xf71a, 0xff1a, 0xff3a, 0xff3a, 0xff3a, 0xff3a, 0xff3a, 0xff3a, 0xff3a, 0xff3a, 0xff3a, 0xff3a, 0xff3a, 0xff3a, 
	0xff3a, 0xff3a, 0xff3a, 0xff3a, 0xff3a, 0xff3a, 0xff3a, 0xff3a, 0xff3a, 0xff3a, 0xff3a, 0xff3a, 0xff3a, 0xff3a, 0xff3a, 0xff3a, 
	0xff3a, 0xff3a, 0xff3a, 0xff3a, 0xff3a, 0xff3a, 0xff3a, 0xff3a, 0xff3a, 0xff3a, 0xff3a, 0xff3a, 0xff3a, 0xff3a, 0xff3a, 0xff3a, 
	0xff3a, 0xff3a, 0xff3a, 0xff3a, 0xff3a, 0xff3b, 0xff3b, 0xff3b, 0xff3b, 0xff5b, 0xff5b, 0xff5b, 0xff5b, 0xff5b, 0xff5b, 0xff5b, 
	0xff5b, 0xff5b, 0xff5b, 0xff5b, 0xff5b, 0xff5b, 0xff5b, 0xff5b, 0xff5b, 0xff5b, 0xff5b, 0xff5b, 0xff5b, 0xff5b, 0xff5b, 0xff5b, 
	0xff5b, 0xff5b, 0xff5b, 0xff5b, 0xff5b, 0xff5b, 0xff5b, 0xff5b, 0xff5b, 0xff7b, 0xff7b, 0xff7b, 0xff7b, 0xff7b, 0xff7b, 0xff7b, 
	0xff7b, 0xff7b, 0xff7b, 0xff7b, 0xff7b, 0xff7b, 0xff7b, 0xff7b, 0xff7b, 0xff7b, 0xff7c, 0xff7c, 0xff7c, 0xff7c, 0xff7c, 0xff7c, 
	0xff7c, 0xff7c, 0xff7c, 0xff7c, 0xff7c, 0xff7c, 0xff7c, 0xff7c, 0xff7c, 0xff7c, 0xff7c, 0xff7c, 0xff7c, 0xff7c, 0xff7c, 0xff7c, 
	0xff7c, 0xff7c, 0xff7c, 0xff9c, 0xff7c, 0xff9c, 0xff9c, 0xff7c, 0xff9c, 0xff9c, 0xff9c, 0xff9c, 0xff9c, 0xff9b, 0xff9c, 0xff9c, 
	0xff9c, 0xff9b, 0xff9b, 0xff9c, 0xff9b, 0xff9b, 0xff9b, 0xff9b, 0xff9b, 0xff9b, 0xff9b, 0xff9b, 0xff9b, 0xff9b, 0xff9b, 0xff9b, 
	0xad99, 0xad99, 0xad99, 0xadb9, 0xad99, 0xadb9, 0xb5b9, 0xadb9, 0xb5b9, 0xb5b9, 0xb5b9, 0xb5b8, 0xb5b8, 0xb5b8, 0xb5b8, 0xb5b8, 
	0xb5b8, 0xb5d8, 0xb5b8, 0xbdb8, 0xbdd8, 0xbdd8, 0xbdd8, 0xbdd8, 0xbdd8, 0xbdd8, 0xbdd8, 0xbdd8, 0xbdd8, 0xc5d8, 0xc5d8, 0xc5d8, 
	0xc5d8, 0xc5d7, 0xc5d7, 0xc5d7, 0xc5f7, 0xc5d7, 0xc5f7, 0xcdf7, 0xcdf7, 0xcdf7, 0xcdf7, 0xcdf7, 0xcdf7, 0xcdf7, 0xcdf7, 0xcdf7, 
	0xd5f7, 0xd5f7, 0xd617, 0xd617, 0xd617, 0xd617, 0xd617, 0xd617, 0xd617, 0xd617, 0xde17, 0xde17, 0xde17, 0xde17, 0xde17, 0xde17, 
	0xde17, 0xde17, 0xde17, 0xde17, 0xde17, 0xde17, 0xde37, 0xde37, 0xde37, 0xe637, 0xe637, 0xe637, 0xe637, 0xe637, 0xe637, 0xe637, 
	0xe637, 0xe637, 0xe637, 0xe637, 0xe637, 0xe657, 0xe657, 0xe657, 0xe657, 0xe657, 0xe657, 0xe657, 0xe657, 0xe657, 0xe657, 0xe657, 
	0xe657, 0xe678, 0xe678, 0xe678, 0xe678, 0xe678, 0xe678, 0xee78, 0xee78, 0xee78, 0xee78, 0xee78, 0xee98, 0xee98, 0xee98, 0xee98, 
	0xee98, 0xee98, 0xee98, 0xee99, 0xee99, 0xeeb9, 0xeeb9, 0xeeb9, 0xeeb9, 0xeeb9, 0xeeb9, 0xeeb9, 0xeeb9, 0xeeb9, 0xeed9, 0xeed9, 
	0xeed9, 0xeed9, 0xeed9, 0xeed9, 0xeed9, 0xeeda, 0xeeda, 0xf6da, 0xf6fa, 0xf6fa, 0xf6fa, 0xf6fa, 0xf6fa, 0xf6fa, 0xf6fa, 0xf6fa, 
	0xf6fa, 0xf6fa, 0xf6fa, 0xf71a, 0xf71a, 0xf71a, 0xf71a, 0xf71a, 0xf71a, 0xf71a, 0xf71a, 0xf71a, 0xf71a, 0xf71a, 0xf71a, 0xf71a, 
	0xf71a, 0xf71a, 0xf71a, 0xff1a, 0xff1a, 0xff3a, 0xff3a, 0xff3a, 0xff3a, 0xff3a, 0xff3a, 0xff3a, 0xff3a, 0xff3a, 0xff3a, 0xff3a, 
	0xff3a, 0xff3a, 0xff3a, 0xff3a, 0xff3a, 0xff3a, 0xff3a, 0xff3a, 0xff3a, 0xff3a, 0xff3a, 0xff3a, 0xff3a, 0xff3a, 0xff3a, 0xff3a, 
	0xff3a, 0xff3a, 0xff3a, 0xff3a, 0xff3a, 0xff3a, 0xff3a, 0xff3a, 0xff3a, 0xff3a, 0xff3a, 0xff3a, 0xff3a, 0xff3a, 0xff3a, 0xff3a, 
	0xff3a, 0xff3a, 0xff3a, 0xff3a, 0xff3a, 0xff3a, 0xff3a, 0xff3a, 0xff3b, 0xff3b, 0xff3b, 0xff5b, 0xff5b, 0xff5b, 0xff5b, 0xff5b, 
	0xff5b, 0xff5b, 0xff5b, 0xff5b, 0xff5b, 0xff5b, 0xff5b, 0xff5b, 0xff5b, 0xff5b, 0xff5b, 0xff5b, 0xff5b, 0xff5b, 0xff5b, 0xff5b, 
	0xff5b, 0xff5b, 0xff5b, 0xff5b, 0xff5b, 0xff5b, 0xff5b, 0xff5b, 0xff5b, 0xff5b, 0xff5b, 0xff7b, 0xff7b, 0xff7b, 0xff7b, 0xff7b, 
	0xff7b, 0xff7b, 0xff7b, 0xff7b, 0xff7b, 0xff7b, 0xff7b, 0xff7b, 0xff7b, 0xff7b, 0xff7c, 0xff7c, 0xff7c, 0xff7c, 0xff7c, 0xff7c, 
	0xff7c, 0xff7c, 0xff7c, 0xff7c, 0xff7c, 0xff7c, 0xff7c, 0xff7c, 0xff7c, 0xff7c, 0xff7c, 0xff7c, 0xff7c, 0xff7c, 0xff7c, 0xff7c, 
	0xff7c, 0xff7c, 0xff7c, 0xff7c, 0xff7c, 0xff7c, 0xff9c, 0xff9c, 0xff9c, 0xff9c, 0xff9c, 0xff9c, 0xff9c, 0xff9b, 0xff9c, 0xff9c, 
	0xff9c, 0xff9b, 0xff9b, 0xff9b, 0xff9b, 0xff9b, 0xff9b, 0xff9b, 0xff9b, 0xff9b, 0xff9b, 0xff9b, 0xff9b, 0xff9b, 0xff9b, 0xff9b, 
	0xad99, 0xad99, 0xadb9, 0xadb9, 0xad99, 0xadb9, 0xb5b9, 0xb5b9, 0xb5b9, 0xb5b9, 0xb5b9, 0xb5b8, 0xb5b8, 0xb5b8, 0xb5b8, 0xb5b8, 
	0xb5b8, 0xbdd8, 0xbdd8, 0xbdb8, 0xbdd8, 0xbdd8, 0xbdd8, 0xbdd8, 0xbdd8, 0xbdd8, 0xbdd8, 0xbdd8, 0xc5d8, 0xc5d8, 0xc5d8, 0xc5d8, 
	0xc5d8, 0xc5d7, 0xc5f7, 0xc5d7, 0xc5f7, 0xcdf7, 0xcdf7, 0xcdf7, 0xcdf7, 0xcdf7, 0xcdf7, 0xcdf7, 0xcdf7, 0xcdf7, 0xcdf7, 0xcdf7, 
	0xd5f7, 0xd617, 0xd617, 0xd617, 0xd617, 0xd617, 0xd617, 0xd617, 0xd617, 0xd617, 0xde17, 0xde17, 0xde17, 0xde17, 0xde17, 0xde17, 
	0xde17, 0xde17, 0xde17, 0xde17, 0xde37, 0xde37, 0xde37, 0xe637, 0xe637, 0xe637, 0xe637, 0xe637, 0xe637, 0xe637, 0xe637, 0xe637, 
	0xe637, 0xe637, 0xe637, 0xe637, 0xe657, 0xe657, 0xe657, 0xe657, 0xe657, 0xe657, 0xe657, 0xe657, 0xe657, 0xe657, 0xe657, 0xe657, 
	0xe678, 0xe678, 0xe678, 0xe678, 0xe678, 0xee78, 0xee78, 0xee78, 0xee78, 0xee78, 0xee78, 0xee78, 0xee98, 0xee98, 0xee98, 0xee98, 
	0xee98, 0xee98, 0xee98, 0xee99, 0xeeb9, 0xeeb9, 0xeeb9, 0xeeb9, 0xeeb9, 0xeeb9, 0xeeb9, 0xeeb9, 0xeeb9, 0xeeb9, 0xeed9, 0xeed9, 
	0xeed9, 0xeed9, 0xeed9, 0xeed9, 0xeed9, 0xeeda, 0xf6da, 0xf6da, 0xf6fa, 0xf6fa, 0xf6fa, 0xf6fa, 0xf6fa, 0xf6fa, 0xf6fa, 0xf6fa, 
	0xf6fa, 0xf6fa, 0xf6fa, 0xf71a, 0xf71a, 0xf71a, 0xf71a, 0xf71a, 0xf71a, 0xf71a, 0xf71a, 0xf71a, 0xf71a, 0xf71a, 0xf71a, 0xf71a, 
	0xf71a, 0xf71a, 0xf71a, 0xff1a, 0xff1a, 0xff1a, 0xff1a, 0xff3a, 0xff3a, 0xff3a, 0xff3a, 0xff3a, 0xff3a, 0xff3a, 0xff3a, 0xff3a, 
	0xff3a, 0xff3a, 0xff3a, 0xff3a, 0xff3a, 0xff3a, 0xff3a, 0xff3a, 0xff3a, 0xff3a, 0xff3a, 0xff3a, 0xff3a, 0xff3a, 0xff3a, 0xff3a, 
	0xff3a, 0xff3a, 0xff3a, 0xff3a, 0xff3a, 0xff3a, 0xff3a, 0xff3a, 0xff3a, 0xff3a, 0xff3a, 0xff3a, 0xff3a, 0xff3a, 0xff3a, 0xff3a, 
	0xff3a, 0xff3a, 0xff3a, 0xff3a, 0xff3a, 0xff3a, 0xff3a, 0xff3a, 0xff3a, 0xff3a, 0xff3a, 0xff3a, 0xff3b, 0xff3b, 0xff3b, 0xff3b, 
	0xff3b, 0xff3b, 0xff3b, 0xff3b, 0xff5b, 0xff5b, 0xff5b, 0xff5b, 0xff5b, 0xff5b, 0xff5b, 0xff5b, 0xff5b, 0xff5b, 0xff5b, 0xff5b, 
	0xff5b, 0xff5b, 0xff5b, 0xff5b, 0xff5b, 0xff5b, 0xff5b, 0xff5b, 0xff5b, 0xff5b, 0xff5b, 0xff5b, 0xff5b, 0xff5b, 0xff7b, 0xff7b, 
	0xff7b, 0xff7b, 0xff7b, 0xff7b, 0xff7b, 0xff7b, 0xff7b, 0xff7b, 0xff7b, 0xff7c, 0xff7c, 0xff7c, 0xff7c, 0xff7c, 0xff7c, 0xff7c, 
	0xff7c, 0xff7c, 0xff7c, 0xff7c, 0xff7c, 0xff7c, 0xff7c, 0xff7c, 0xff7c, 0xff7c, 0xff7c, 0xff7c, 0xff7c, 0xff7c, 0xff7c, 0xff7c, 
	0xff7c, 0xff7c, 0xff7c, 0xff7c, 0xff7c, 0xff7c, 0xff9c, 0xff9c, 0xff7c, 0xff9c, 0xff9c, 0xff9c, 0xff9c, 0xff9c, 0xff9c, 0xff9b, 
	0xff9c, 0xff9b, 0xff9b, 0xff9b, 0xff9b, 0xff9b, 0xff9b, 0xff9b, 0xff9b, 0xff9b, 0xff9b, 0xff9b, 0xff9b, 0xff9b, 0xff9b, 0xff9b, 
	0xadb9, 0xad99, 0xadb9, 0xadb9, 0xad99, 0xadb9, 0xb5b9, 0xb5b9, 0xb5b8, 0xb5b9, 0xb5b9, 0xb5b9, 0xb5b8, 0xb5b8, 0xb5b8, 0xb5b8, 
	0xb5b8, 0xbdd8, 0xbdd8, 0xbdd8, 0xbdd8, 0xbdd8, 0xbdd8, 0xbdd8, 0xbdd8, 0xbdd8, 0xbdd8, 0xbdd8, 0xc5d8, 0xc5d8, 0xc5d8, 0xc5d7, 
	0xc5d8, 0xc5d7, 0xc5f7, 0xc5f7, 0xc5f7, 0xcdf7, 0xcdf7, 0xcdf7, 0xcdf7, 0xcdf7, 0xcdf7, 0xcdf7, 0xcdf7, 0xcdf7, 0xd5f7, 0xd5f7, 
	0xd5f7, 0xd617, 0xd617, 0xd617, 0xd617, 0xd617, 0xd617, 0xd617, 0xd617, 0xde17, 0xde17, 0xde17, 0xde17, 0xde17, 0xde17, 0xde17, 
	0xde17, 0xde17, 0xde17, 0xde37, 0xde37, 0xde37, 0xe637, 0xe637, 0xe637, 0xe637, 0xe637, 0xe637, 0xe637, 0xe637, 0xe637, 0xe637, 
	0xe637, 0xe637, 0xe637, 0xe657, 0xe657, 0xe657, 0xe657, 0xe657, 0xe657, 0xe657, 0xe657, 0xe657, 0xe657, 0xe657, 0xe657, 0xe677, 
	0xe678, 0xe678, 0xe678, 0xee78, 0xee78, 0xee78, 0xee78, 0xee78, 0xee78, 0xee78, 0xee78, 0xee98, 0xee98, 0xee98, 0xee98, 0xee98, 
	0xee98, 0xee98, 0xee98, 0xeeb9, 0xeeb9, 0xeeb9, 0xeeb9, 0xeeb9, 0xeeb9, 0xeeb9, 0xeeb9, 0xeeb9, 0xeeb9, 0xeeb9, 0xeed9, 0xeed9, 
	0xeed9, 0xeed9, 0xeed9, 0xeed9, 0xeed9, 0xeeda, 0xf6da, 0xf6da, 0xf6fa, 0xf6fa, 0xf6fa, 0xf6fa, 0xf6fa, 0xf6fa, 0xf6fa, 0xf6fa, 
	0xf6fa, 0xf6fa, 0xf6fa, 0xf71a, 0xf71a, 0xf71a, 0xf71a, 0xf71a, 0xf71a, 0xf71a, 0xf71a, 0xf71a, 0xf71a, 0xf71a, 0xf71a, 0xf71a, 
	0xf71a, 0xf71a, 0xff1a, 0xff1a, 0xff1a, 0xff1a, 0xff1a, 0xff1a, 0xff3a, 0xff3a, 0xff3a, 0xff3a, 0xff3a, 0xff3a, 0xff3a, 0xff3a, 
	0xff3a, 0xff3a, 0xff3a, 0xff3a, 0xff3a, 0xff3a, 0xff3a, 0xff3a, 0xff3a, 0xff3a, 0xff3a, 0xff3a, 0xff3a, 0xff3a, 0xff3a, 0xff3a, 
	0xff3a, 0xff3a, 0xff3a, 0xff3a, 0xff3a, 0xff3a, 0xff3a, 0xff3a, 0xff3a, 0xff3a, 0xff3a, 0xff3a, 0xff3a, 0xff3a, 0xff3a, 0xff3a, 
	0xff3a, 0xff3a, 0xff3a, 0xff3a, 0xff3a, 0xff3a, 0xff3a, 0xff3a, 0xff3a, 0xff3a, 0xff3a, 0xff3a, 0xff3a, 0xff3b, 0xff3b, 0xff3b, 
	0xff3b, 0xff3b, 0xff3b, 0xff3b, 0xff3b, 0xff5b, 0xff5b, 0xff5b, 0xff5b, 0xff5b, 0xff5b, 0xff5b, 0xff5b, 0xff5b, 0xff5b, 0xff5b, 
	0xff5b, 0xff5b, 0xff5b, 0xff5b, 0xff5b, 0xff5b, 0xff5b, 0xff5b, 0xff5b, 0xff5b, 0xff5b, 0xff5b, 0xff5b, 0xff5b, 0xff5b, 0xff7b, 
	0xff7b, 0xff7b, 0xff7b, 0xff7b, 0xff7b, 0xff7b, 0xff7b, 0xff7b, 0xff7c, 0xff7c, 0xff7c, 0xff7c, 0xff7c, 0xff7c, 0xff7c, 0xff7c, 
	0xff7c, 0xff7c, 0xff7c, 0xff7c, 0xff7c, 0xff7c, 0xff7c, 0xff7c, 0xff7c, 0xff7c, 0xff7c, 0xff7c, 0xff7c, 0xff7c, 0xff7c, 0xff7c, 
	0xff7c, 0xff7c, 0xff7c, 0xff7c, 0xff7c, 0xff7c, 0xff9c, 0xff9c, 0xff7c, 0xff9c, 0xff9c, 0xff9c, 0xff9c, 0xff9c, 0xff9c, 0xff9b, 
	0xff9c, 0xff9b, 0xff9b, 0xff9b, 0xff9b, 0xff9b, 0xff9b, 0xff9b, 0xff9b, 0xff9b, 0xff9b, 0xff9b, 0xff9b, 0xff9b, 0xff9b, 0xff9b, 
	0xadb9, 0xad99, 0xadb9, 0xadb9, 0xadb9, 0xb5b9, 0xb5b9, 0xb5b9, 0xb5b9, 0xb5b8, 0xb5b8, 0xb5b8, 0xb5b8, 0xb5b8, 0xb5b8, 0xb5b8, 
	0xb5b8, 0xbdd8, 0xbdd8, 0xbdd8, 0xbdd8, 0xbdd8, 0xbdd8, 0xbdd8, 0xbdd8, 0xbdd8, 0xbdd8, 0xc5d8, 0xc5d8, 0xc5d8, 0xc5d8, 0xc5d7, 
	0xc5d7, 0xc5f7, 0xc5f7, 0xc5f7, 0xcdf7, 0xcdf7, 0xcdf7, 0xcdf7, 0xcdf7, 0xcdf7, 0xcdf7, 0xcdf7, 0xcdf7, 0xd5f7, 0xd5f7, 0xd5f7, 
	0xd617, 0xd617, 0xd617, 0xd617, 0xd617, 0xd617, 0xd617, 0xd617, 0xde17, 0xde17, 0xde17, 0xde17, 0xde17, 0xde17, 0xde17, 0xde17, 
	0xde17, 0xde37, 0xde37, 0xde37, 0xde37, 0xe637, 0xe637, 0xe637, 0xe637, 0xe637, 0xe637, 0xe637, 0xe637, 0xe637, 0xe637, 0xe637, 
	0xe637, 0xe657, 0xe657, 0xe657, 0xe657, 0xe657, 0xe657, 0xe657, 0xe657, 0xe657, 0xe657, 0xe657, 0xe657, 0xe677, 0xe677, 0xee77, 
	0xee78, 0xee78, 0xee78, 0xee78, 0xee78, 0xee78, 0xee78, 0xee78, 0xee78, 0xee78, 0xee98, 0xee98, 0xee98, 0xee98, 0xee98, 0xee98, 
	0xee98, 0xee98, 0xee98, 0xeeb9, 0xeeb9, 0xeeb9, 0xeeb9, 0xeeb9, 0xeeb9, 0xeeb9, 0xeeb9, 0xeeb9, 0xeeb9, 0xeed9, 0xeed9, 0xeed9, 
	0xeed9, 0xeed9, 0xeed9, 0xeed9, 0xeed9, 0xf6d9, 0xf6da, 0xf6da, 0xf6fa, 0xf6fa, 0xf6fa, 0xf6fa, 0xf6fa, 0xf6fa, 0xf6fa, 0xf6fa, 
	0xf6fa, 0xf6fa, 0xf6fa, 0xf71a, 0xf71a, 0xf71a, 0xf71a, 0xf71a, 0xf71a, 0xf71a, 0xf71a, 0xf71a, 0xf71a, 0xf71a, 0xf71a, 0xf71a, 
	0xf71a, 0xf71a, 0xff1a, 0xff1a, 0xff1a, 0xff1a, 0xff1a, 0xff1a, 0xff1a, 0xff1a, 0xff3a, 0xff3a, 0xff3a, 0xff3a, 0xff3a, 0xff3a, 
	0xff3a, 0xff3a, 0xff3a, 0xff3a, 0xff3a, 0xff3a, 0xff3a, 0xff3a, 0xff3a, 0xff3a, 0xff3a, 0xff3a, 0xff3a, 0xff3a, 0xff3a, 0xff3a, 
	0xff3a, 0xff3a, 0xff3a, 0xff3a, 0xff3a, 0xff3a, 0xff3a, 0xff3a, 0xff3a, 0xff3a, 0xff3a, 0xff3a, 0xff3a, 0xff3a, 0xff3a, 0xff3a, 
	0xff3a, 0xff3a, 0xff3a, 0xff3a, 0xff3a, 0xff3a, 0xff3a, 0xff3a, 0xff3a, 0xff3a, 0xff3a, 0xff3a, 0xff3a, 0xff3a, 0xff3a, 0xff3b, 
	0xff3b, 0xff3b, 0xff3b, 0xff3b, 0xff3b, 0xff3b, 0xff3b, 0xff5b, 0xff5b, 0xff5b, 0xff5b, 0xff5b, 0xff5b, 0xff5b, 0xff5b, 0xff5b, 
	0xff5b, 0xff5b, 0xff5b, 0xff5b, 0xff5b, 0xff5b, 0xff5b, 0xff5b, 0xff5b, 0xff5b, 0xff5b, 0xff5b, 0xff5b, 0xff5b, 0xff5b, 0xff5b, 
	0xff5b, 0xff5b, 0xff7b, 0xff7b, 0xff7b, 0xff7b, 0xff7b, 0xff7b, 0xff7b, 0xff7b, 0xff7c, 0xff7c, 0xff7c, 0xff7c, 0xff7c, 0xff7c, 
	0xff7c, 0xff7c, 0xff7c, 0xff7c, 0xff7c, 0xff7c, 0xff7c, 0xff7c, 0xff7c, 0xff7c, 0xff7c, 0xff7c, 0xff7c, 0xff7c, 0xff7c, 0xff7c, 
	0xff7c, 0xff7c, 0xff7c, 0xff7c, 0xff7c, 0xff7c, 0xff7c, 0xff9c, 0xff7c, 0xff7b, 0xff9c, 0xff9c, 0xff9c, 0xff9c, 0xff9c, 0xff9b, 
	0xff9b, 0xff9b, 0xff9b, 0xff9b, 0xff9b, 0xff9b, 0xff9b, 0xff9b, 0xff9b, 0xff9b, 0xff9b, 0xff9b, 0xff9b, 0xff9b, 0xff9b, 0xff9b, 
	0xadb9, 0xad99, 0xadb9, 0xadb9, 0xadb9, 0xb5b9, 0xb5b9, 0xb5b9, 0xb5b9, 0xb5b8, 0xb5b8, 0xb5b8, 0xb5b8, 0xb5b8, 0xb5b8, 0xb5b8, 
	0xb5b8, 0xbdd8, 0xbdd8, 0xbdd8, 0xbdd8, 0xbdd8, 0xbdd8, 0xbdd8, 0xbdd8, 0xbdd8, 0xbdd8, 0xc5d8, 0xc5d8, 0xc5d8, 0xc5d8, 0xc5d7, 
	0xc5d7, 0xc5f7, 0xc5f7, 0xcdf7, 0xcdf7, 0xcdf7, 0xcdf7, 0xcdf7, 0xcdf7, 0xcdf7, 0xcdf7, 0xcdf7, 0xcdf7, 0xd5f7, 0xd5f7, 0xd617, 
	0xd617, 0xd617, 0xd617, 0xd617, 0xd617, 0xd617, 0xd617, 0xd617, 0xde17, 0xde17, 0xde17, 0xde17, 0xde17, 0xde17, 0xde17, 0xde17, 
	0xde17, 0xde37, 0xde37, 0xde37, 0xe637, 0xe637, 0xe637, 0xe637, 0xe637, 0xe637, 0xe637, 0xe637, 0xe637, 0xe637, 0xe637, 0xe637, 
	0xe657, 0xe657, 0xe657, 0xe657, 0xe657, 0xe657, 0xe657, 0xe657, 0xe657, 0xe657, 0xe657, 0xe657, 0xe657, 0xee77, 0xee77, 0xee78, 
	0xee78, 0xee78, 0xee78, 0xee78, 0xee78, 0xee78, 0xee78, 0xee78, 0xee78, 0xee78, 0xee98, 0xee98, 0xee98, 0xee98, 0xee98, 0xee98, 
	0xee98, 0xee98, 0xee98, 0xeeb9, 0xeeb9, 0xeeb9, 0xeeb9, 0xeeb9, 0xeeb9, 0xeeb9, 0xeeb9, 0xeeb9, 0xeeb9, 0xeed9, 0xeed9, 0xeed9, 
	0xeed9, 0xeed9, 0xeed9, 0xeed9, 0xeed9, 0xf6d9, 0xf6da, 0xf6da, 0xf6fa, 0xf6fa, 0xf6fa, 0xf6fa, 0xf6fa, 0xf6fa, 0xf6fa, 0xf6fa, 
	0xf6fa, 0xf6fa, 0xf6fa, 0xf71a, 0xf71a, 0xf71a, 0xf71a, 0xf71a, 0xf71a, 0xf71a, 0xf71a, 0xf71a, 0xf71a, 0xf71a, 0xf71a, 0xf71a, 
	0xf71a, 0xf71a, 0xf71a, 0xff1a, 0xff1a, 0xff1a, 0xff1a, 0xff1a, 0xff1a, 0xff1a, 0xff1a, 0xff1a, 0xff3a, 0xff3a, 0xff3a, 0xff3a, 
	0xff3a, 0xff3a, 0xff3a, 0xff3a, 0xff3a, 0xff3a, 0xff3a, 0xff3a, 0xff3a, 0xff3a, 0xff3a, 0xff3a, 0xff3a, 0xff3a, 0xff3a, 0xff3a, 
	0xff3a, 0xff3a, 0xff3a, 0xff3a, 0xff3a, 0xff3a, 0xff3a, 0xff3a, 0xff3a, 0xff3a, 0xff3a, 0xff3a, 0xff3a, 0xff3a, 0xff3a, 0xff3a, 
	0xff3a, 0xff3a, 0xff3a, 0xff3a, 0xff3a, 0xff3a, 0xff3a, 0xff3a, 0xff3a, 0xff3a, 0xff3a, 0xff3a, 0xff3a, 0xff3a, 0xff3a, 0xff3a, 
	0xff3a, 0xff3b, 0xff3b, 0xff3b, 0xff3b, 0xff3b, 0xff3b, 0xff3b, 0xff5b, 0xff5b, 0xff5b, 0xff5b, 0xff5b, 0xff5b, 0xff5b, 0xff5b, 
	0xff5b, 0xff5b, 0xff5b, 0xff5b, 0xff5b, 0xff5b, 0xff5b, 0xff5b, 0xff5b, 0xff5b, 0xff5b, 0xff5b, 0xff5b, 0xff5b, 0xff5b, 0xff5b, 
	0xff5b, 0xff5b, 0xff5b, 0xff5b, 0xff7b, 0xff7b, 0xff7b, 0xff7b, 0xff7b, 0xff7b, 0xff7b, 0xff7b, 0xff7b, 0xff7b, 0xff7c, 0xff7c, 
	0xff7c, 0xff7c, 0xff7c, 0xff7c, 0xff7c, 0xff7c, 0xff7c, 0xff7c, 0xff7c, 0xff7c, 0xff7c, 0xff7c, 0xff7c, 0xff7c, 0xff7c, 0xff7c, 
	0xff7c, 0xff7c, 0xff7c, 0xff7c, 0xff7c, 0xff7c, 0xff7c, 0xff7c, 0xff9c, 0xff7b, 0xff9c, 0xff9c, 0xff9b, 0xff9b, 0xff9c, 0xff9b, 
	0xff9b, 0xff9b, 0xff9c, 0xff9b, 0xff9b, 0xff9b, 0xff9b, 0xff9b, 0xff9b, 0xff9b, 0xff9b, 0xff9b, 0xff9b, 0xff9b, 0xff9b, 0xff9b, 
	0xadb9, 0xad99, 0xadb9, 0xadb9, 0xadb9, 0xb5b9, 0xb5b9, 0xb5b9, 0xb5b9, 0xb5b8, 0xb5b8, 0xb5b8, 0xb5b8, 0xb5b8, 0xbdd8, 0xb5b8, 
	0xbdb8, 0xbdd8, 0xbdd8, 0xbdd8, 0xbdd8, 0xbdd8, 0xbdd8, 0xbdd8, 0xbdd8, 0xc5d8, 0xc5d8, 0xc5d8, 0xc5d8, 0xc5d8, 0xc5d8, 0xc5f8, 
	0xc5d7, 0xc5f7, 0xc5f7, 0xcdf7, 0xcdf7, 0xcdf7, 0xcdf7, 0xcdf7, 0xcdf7, 0xcdf7, 0xcdf7, 0xcdf7, 0xcdf7, 0xd5f7, 0xd5f7, 0xd617, 
	0xd617, 0xd617, 0xd617, 0xd617, 0xd617, 0xd617, 0xd617, 0xde17, 0xde17, 0xde17, 0xde17, 0xde17, 0xde17, 0xde17, 0xde17, 0xde37, 
	0xde37, 0xde37, 0xde37, 0xe637, 0xe637, 0xe637, 0xe637, 0xe637, 0xe637, 0xe637, 0xe637, 0xe637, 0xe637, 0xe637, 0xe637, 0xe657, 
	0xe657, 0xe657, 0xe657, 0xe657, 0xe657, 0xe657, 0xe657, 0xe657, 0xe657, 0xe657, 0xe657, 0xee57, 0xee77, 0xee77, 0xee77, 0xee78, 
	0xee78, 0xee78, 0xee78, 0xee78, 0xee78, 0xee78, 0xee78, 0xee78, 0xee78, 0xee98, 0xee98, 0xee98, 0xee98, 0xee98, 0xee98, 0xee98, 
	0xee98, 0xee98, 0xeeb8, 0xeeb9, 0xeeb9, 0xeeb9, 0xeeb9, 0xeeb9, 0xeeb9, 0xeeb9, 0xeeb9, 0xeeb9, 0xeeb9, 0xeed9, 0xeed9, 0xeed9, 
	0xeed9, 0xeed9, 0xeed9, 0xeed9, 0xf6d9, 0xf6d9, 0xf6d9, 0xf6da, 0xf6fa, 0xf6fa, 0xf6fa, 0xf6fa, 0xf6fa, 0xf6fa, 0xf6fa, 0xf6fa, 
	0xf6fa, 0xf6fa, 0xf6fa, 0xf6fa, 0xf71a, 0xf71a, 0xf71a, 0xf71a, 0xf71a, 0xf71a, 0xf71a, 0xf71a, 0xf71a, 0xf71a, 0xf71a, 0xf71a, 
	0xf71a, 0xf71a, 0xf71a, 0xff1a, 0xff1a, 0xff1a, 0xff1a, 0xff1a, 0xff1a, 0xff1a, 0xff1a, 0xff1a, 0xff1a, 0xff1a, 0xff1a, 0xff1a, 
	0xff1a, 0xff1a, 0xff1a, 0xff1a, 0xff1a, 0xff1a, 0xff1a, 0xff1a, 0xff1a, 0xff1a, 0xff1a, 0xff1a, 0xff1a, 0xff1a, 0xff1a, 0xff1a, 
	0xff3a, 0xff3a, 0xff3a, 0xff3a, 0xff3a, 0xff3a, 0xff3a, 0xff3a, 0xff3a, 0xff3a, 0xff3a, 0xff3a, 0xff3a, 0xff3a, 0xff3a, 0xff3a, 
	0xff3a, 0xff3a, 0xff3a, 0xff3a, 0xff3a, 0xff3a, 0xff3a, 0xff3a, 0xff3a, 0xff3a, 0xff3a, 0xff3a, 0xff3a, 0xff3a, 0xff3a, 0xff3a, 
	0xff3a, 0xff3a, 0xff3a, 0xff3a, 0xff3b, 0xff3b, 0xff3b, 0xff3b, 0xff3b, 0xff3b, 0xff5b, 0xff5b, 0xff5b, 0xff5b, 0xff5b, 0xff5b, 
	0xff5b, 0xff5b, 0xff5b, 0xff5b, 0xff5b, 0xff5b, 0xff5b, 0xff5b, 0xff5b, 0xff5b, 0xff5b, 0xff5b, 0xff5b, 0xff5b, 0xff5b, 0xff5b, 
	0xff5b, 0xff5b, 0xff5b, 0xff5b, 0xff5b, 0xff7b, 0xff7b, 0xff7b, 0xff7b, 0xff7b, 0xff7b, 0xff7b, 0xff7b, 0xff7c, 0xff7c, 0xff7c, 
	0xff7c, 0xff7c, 0xff7c, 0xff7c, 0xff7c, 0xff7c, 0xff7c, 0xff7c, 0xff7c, 0xff7c, 0xff7c, 0xff7c, 0xff7c, 0xff7c, 0xff7c, 0xff7c, 
	0xff7c, 0xff7c, 0xff7c, 0xff7c, 0xff7c, 0xff7c, 0xff7c, 0xff7c, 0xff9c, 0xff9c, 0xff7b, 0xff9c, 0xff9b, 0xff9b, 0xff9b, 0xff9b, 
	0xff9b, 0xff9b, 0xff9b, 0xff9b, 0xff9b, 0xff9b, 0xff9b, 0xff9b, 0xff9b, 0xff9b, 0xff9b, 0xff9b, 0xff9b, 0xff9b, 0xff9b, 0xff9b, 
	0xadb9, 0xad99, 0xadb9, 0xadb9, 0xb5b9, 0xb5b9, 0xb5b9, 0xb5b9, 0xb5b9, 0xb5b8, 0xb5b8, 0xb5b8, 0xb5b8, 0xb5b8, 0xbdd8, 0xbdd8, 
	0xbdd8, 0xbdd8, 0xbdd8, 0xbdd8, 0xbdd8, 0xbdd8, 0xbdd8, 0xbdd8, 0xbdd8, 0xc5d8, 0xc5d8, 0xc5d8, 0xc5d8, 0xc5d8, 0xc5d8, 0xc5f8, 
	0xc5d7, 0xc5f7, 0xc5f7, 0xcdf7, 0xcdf7, 0xcdf7, 0xcdf7, 0xcdf7, 0xcdf7, 0xcdf7, 0xcdf7, 0xd5f7, 0xd617, 0xd5f7, 0xd617, 0xd617, 
	0xd617, 0xd617, 0xd617, 0xd617, 0xd617, 0xd617, 0xd617, 0xde17, 0xde17, 0xde17, 0xde37, 0xde37, 0xde37, 0xde37, 0xde37, 0xde37, 
	0xde37, 0xde37, 0xde37, 0xe637, 0xe637, 0xe637, 0xe637, 0xe637, 0xe637, 0xe637, 0xe657, 0xe657, 0xe657, 0xe657, 0xe657, 0xe657, 
	0xe657, 0xe657, 0xe657, 0xe657, 0xe657, 0xe657, 0xee57, 0xee57, 0xee77, 0xee77, 0xee77, 0xee77, 0xee78, 0xee78, 0xee78, 0xee78, 
	0xee78, 0xee78, 0xee78, 0xee78, 0xee78, 0xee98, 0xee98, 0xee98, 0xee98, 0xee98, 0xee98, 0xee98, 0xee98, 0xee98, 0xee98, 0xee98, 
	0xeeb8, 0xeeb8, 0xeeb8, 0xeeb9, 0xeeb9, 0xeeb9, 0xeeb9, 0xeeb9, 0xeeb9, 0xeeb9, 0xeed9, 0xeed9, 0xeed9, 0xeed9, 0xeed9, 0xf6d9, 
	0xf6d9, 0xf6d9, 0xf6d9, 0xf6d9, 0xf6d9, 0xf6f9, 0xf6f9, 0xf6fa, 0xf6fa, 0xf6fa, 0xf6fa, 0xf6fa, 0xf6fa, 0xf6fa, 0xf6fa, 0xf6fa, 
	0xf6fa, 0xf71a, 0xf71a, 0xf71a, 0xf71a, 0xf71a, 0xf71a, 0xf71a, 0xf71a, 0xf71a, 0xf71a, 0xf71a, 0xf71a, 0xf71a, 0xf71a, 0xff1a, 
	0xff1a, 0xff1a, 0xff1a, 0xff1a, 0xff1a, 0xff1a, 0xff1a, 0xff1a, 0xff1a, 0xff3a, 0xff3a, 0xff3a, 0xff3a, 0xff3a, 0xff3a, 0xff3a, 
	0xff3a, 0xff3a, 0xff3a, 0xff3a, 0xff3a, 0xff3a, 0xff3a, 0xff3a, 0xff3a, 0xff3a, 0xff3a, 0xff3a, 0xff3a, 0xff3a, 0xff3a, 0xff3a, 
	0xff3a, 0xff3a, 0xff3a, 0xff3a, 0xff3a, 0xff3a, 0xff3a, 0xff3a, 0xff3a, 0xff3a, 0xff3a, 0xff3a, 0xff3a, 0xff3a, 0xff3a, 0xff3a, 
	0xff3a, 0xff3a, 0xff3a, 0xff3a, 0xff3a, 0xff3a, 0xff3a, 0xff3a, 0xff3a, 0xff3a, 0xff3a, 0xff3a, 0xff3a, 0xff3a, 0xff3a, 0xff3a, 
	0xff3a, 0xff3a, 0xff3b, 0xff3b, 0xff3b, 0xff3b, 0xff3b, 0xff5b, 0xff5b, 0xff5b, 0xff5b, 0xff5b, 0xff5b, 0xff5b, 0xff5b, 0xff5b, 
	0xff5b, 0xff5b, 0xff5b, 0xff5b, 0xff5b, 0xff5b, 0xff5b, 0xff5b, 0xff5b, 0xff5b, 0xff5b, 0xff5b, 0xff5b, 0xff5b, 0xff5b, 0xff5b, 
	0xff5b, 0xff7b, 0xff7b, 0xff7b, 0xff7b, 0xff7b, 0xff7b, 0xff7b, 0xff7b, 0xff7b, 0xff7b, 0xff7b, 0xff7c, 0xff7c, 0xff7c, 0xff7c, 
	0xff7c, 0xff7c, 0xff7c, 0xff7c, 0xff7c, 0xff7c, 0xff7c, 0xff7b, 0xff7c, 0xff7c, 0xff7c, 0xff7c, 0xff7c, 0xff7c, 0xff7c, 0xff7c, 
	0xff7c, 0xff7c, 0xff7c, 0xff7c, 0xff7c, 0xff7c, 0xff7c, 0xff7c, 0xff7b, 0xff9c, 0xff7b, 0xff9b, 0xff9b, 0xff9b, 0xff9b, 0xff9b, 
	0xff9c, 0xff9b, 0xff9b, 0xff9b, 0xff9b, 0xff9b, 0xff9b, 0xff9b, 0xff9b, 0xff9b, 0xff9b, 0xff9b, 0xff9b, 0xff9b, 0xff9b, 0xff9b, 
	0xadb9, 0xad99, 0xadb9, 0xb5b9, 0xb5b9, 0xb5b9, 0xb5b9, 0xb5b9, 0xb5b9, 0xb5b9, 0xb5b8, 0xb5b8, 0xb5b8, 0xbdb8, 0xbdd8, 0xbdd8, 
	0xbdd8, 0xbdd8, 0xbdd8, 0xbdd8, 0xbdd8, 0xbdd8, 0xbdd8, 0xbdd8, 0xbdd8, 0xc5d8, 0xc5f8, 0xc5d8, 0xc5f8, 0xc5f8, 0xc5f8, 0xc5f8, 
	0xc5f8, 0xc5f7, 0xcdf7, 0xcdf7, 0xcdf7, 0xcdf7, 0xcdf7, 0xcdf7, 0xcdf7, 0xcdf7, 0xcdf7, 0xd5f7, 0xd617, 0xd617, 0xd617, 0xd617, 
	0xd617, 0xd617, 0xd617, 0xd617, 0xd617, 0xde17, 0xde17, 0xde17, 0xde17, 0xde37, 0xde37, 0xde37, 0xde37, 0xde37, 0xde37, 0xde37, 
	0xde37, 0xde37, 0xe637, 0xe637, 0xe637, 0xe637, 0xe637, 0xe637, 0xe657, 0xe657, 0xe657, 0xe657, 0xe657, 0xe657, 0xe657, 0xe657, 
	0xe657, 0xe657, 0xe657, 0xe657, 0xee57, 0xee57, 0xee57, 0xee77, 0xee77, 0xee77, 0xee77, 0xee78, 0xee78, 0xee78, 0xee78, 0xee78, 
	0xee78, 0xee78, 0xee78, 0xee78, 0xee98, 0xee98, 0xee98, 0xee98, 0xee98, 0xee98, 0xee98, 0xee98, 0xee98, 0xee98, 0xee98, 0xeeb8, 
	0xeeb8, 0xeeb8, 0xeeb8, 0xeeb9, 0xeeb9, 0xeeb9, 0xeeb9, 0xeeb9, 0xeeb9, 0xeed9, 0xeed9, 0xeed9, 0xeed9, 0xeed9, 0xf6d9, 0xf6d9, 
	0xf6d9, 0xf6d9, 0xf6d9, 0xf6d9, 0xf6d9, 0xf6f9, 0xf6f9, 0xf6f9, 0xf6fa, 0xf6fa, 0xf6fa, 0xf6fa, 0xf6fa, 0xf6fa, 0xf6fa, 0xf6fa, 
	0xf6fa, 0xf71a, 0xf71a, 0xf71a, 0xf71a, 0xf71a, 0xf71a, 0xf71a, 0xf71a, 0xf71a, 0xf71a, 0xf71a, 0xf71a, 0xf71a, 0xf71a, 0xff1a, 
	0xff1a, 0xff1a, 0xff1a, 0xff1a, 0xff1a, 0xff1a, 0xff1a, 0xff1a, 0xff1a, 0xff1a, 0xff1a, 0xff1a, 0xff1a, 0xff1a, 0xff1a, 0xff1a, 
	0xff1a, 0xff1a, 0xff1a, 0xff1a, 0xff1a, 0xff1a, 0xff1a, 0xff1a, 0xff1a, 0xff1a, 0xff1a, 0xff1a, 0xff1a, 0xff1a, 0xff3a, 0xff3a, 
	0xff3a, 0xff3a, 0xff3a, 0xff3a, 0xff3a, 0xff3a, 0xff3a, 0xff3a, 0xff3a, 0xff3a, 0xff3a, 0xff3a, 0xff3a, 0xff3a, 0xff3a, 0xff3a, 
	0xff3a, 0xff3a, 0xff3a, 0xff3a, 0xff3a, 0xff3a, 0xff3a, 0xff3a, 0xff3a, 0xff3a, 0xff3a, 0xff3a, 0xff3a, 0xff3a, 0xff3a, 0xff3a, 
	0xff3a, 0xff3a, 0xff3a, 0xff3a, 0xff3a, 0xff3a, 0xff3b, 0xff3b, 0xff3b, 0xff5b, 0xff5b, 0xff5b, 0xff5b, 0xff5b, 0xff5b, 0xff5b, 
	0xff5b, 0xff5b, 0xff5b, 0xff5b, 0xff5b, 0xff5b, 0xff5b, 0xff5b, 0xff5b, 0xff5b, 0xff5b, 0xff5b, 0xff5b, 0xff5b, 0xff5b, 0xff5b, 
	0xff5b, 0xff5b, 0xff5b, 0xff5b, 0xff5b, 0xff5b, 0xff5b, 0xff5b, 0xff5b, 0xff5b, 0xff7b, 0xff7b, 0xff7b, 0xff7b, 0xff7b, 0xff7b, 
	0xff7b, 0xff7b, 0xff7b, 0xff7b, 0xff7b, 0xff7b, 0xff7b, 0xff7c, 0xff7c, 0xff7c, 0xff7c, 0xff7c, 0xff7c, 0xff7c, 0xff7c, 0xff7c, 
	0xff7c, 0xff7c, 0xff7c, 0xff7c, 0xff7c, 0xff7c, 0xff7c, 0xff7c, 0xff7b, 0xff9b, 0xff9c, 0xff7b, 0xff9b, 0xff9b, 0xff9b, 0xff9b, 
	0xff9b, 0xff9b, 0xff9b, 0xff9b, 0xff9b, 0xff9b, 0xff9b, 0xff9b, 0xff9b, 0xff9b, 0xff9b, 0xff9b, 0xff9b, 0xff9b, 0xff9b, 0xff9b, 
	0xadb9, 0xad99, 0xadb9, 0xb5b9, 0xb5b9, 0xb5b9, 0xb5b9, 0xb5b9, 0xb5b8, 0xb5b9, 0xb5b8, 0xb5d9, 0xb5b8, 0xbdb8, 0xbdd8, 0xbdd8, 
	0xbdd8, 0xbdd8, 0xbdd8, 0xbdd8, 0xbdd8, 0xbdd8, 0xbdd8, 0xbdd8, 0xc5d8, 0xc5d8, 0xc5f8, 0xc5f8, 0xc5f8, 0xc5f8, 0xc5f8, 0xc5f8, 
	0xc5f8, 0xc5f7, 0xcdf7, 0xcdf7, 0xcdf7, 0xcdf7, 0xcdf7, 0xcdf7, 0xcdf7, 0xce17, 0xd5f7, 0xd617, 0xd617, 0xd617, 0xd617, 0xd617, 
	0xd617, 0xd617, 0xd617, 0xd617, 0xde17, 0xde17, 0xde17, 0xde17, 0xde37, 0xde37, 0xde37, 0xde37, 0xde37, 0xde37, 0xde37, 0xde37, 
	0xde37, 0xe637, 0xe637, 0xe637, 0xe637, 0xe637, 0xe637, 0xe657, 0xe657, 0xe657, 0xe657, 0xe657, 0xe657, 0xe657, 0xe657, 0xe657, 
	0xe657, 0xe657, 0xe657, 0xee57, 0xee57, 0xee57, 0xee77, 0xee77, 0xee77, 0xee77, 0xee78, 0xee78, 0xee78, 0xee78, 0xee78, 0xee78, 
	0xee78, 0xee78, 0xee78, 0xee98, 0xee98, 0xee98, 0xee98, 0xee98, 0xee98, 0xee98, 0xee98, 0xee98, 0xee98, 0xee98, 0xee98, 0xeeb8, 
	0xeeb8, 0xeeb8, 0xeeb8, 0xeeb9, 0xeeb9, 0xeeb9, 0xeeb9, 0xeeb9, 0xeeb9, 0xeed9, 0xeed9, 0xeed9, 0xeed9, 0xf6d9, 0xf6d9, 0xf6d9, 
	0xf6d9, 0xf6d9, 0xf6d9, 0xf6d9, 0xf6f9, 0xf6f9, 0xf6f9, 0xf6f9, 0xf6fa, 0xf6fa, 0xf6fa, 0xf6fa, 0xf6fa, 0xf6fa, 0xf6fa, 0xf6fa, 
	0xf6fa, 0xf6fa, 0xf71a, 0xf71a, 0xf71a, 0xf71a, 0xf71a, 0xf71a, 0xf71a, 0xf71a, 0xf71a, 0xf71a, 0xf71a, 0xf71a, 0xf71a, 0xff1a, 
	0xff1a, 0xff1a, 0xff1a, 0xff1a, 0xff1a, 0xff1a, 0xff1a, 0xff1a, 0xff1a, 0xff1a, 0xff1a, 0xff1a, 0xff1a, 0xff1a, 0xff1a, 0xff1a, 
	0xff1a, 0xff1a, 0xff1a, 0xff1a, 0xff1a, 0xff1a, 0xff1a, 0xff1a, 0xff1a, 0xff1a, 0xff1a, 0xff1a, 0xff1a, 0xff1a, 0xff1a, 0xff1a, 
	0xff1a, 0xff3a, 0xff3a, 0xff3a, 0xff3a, 0xff3a, 0xff3a, 0xff3a, 0xff3a, 0xff3a, 0xff3a, 0xff3a, 0xff3a, 0xff3a, 0xff3a, 0xff3a, 
	0xff3a, 0xff3a, 0xff3a, 0xff3a, 0xff3a, 0xff3a, 0xff3a, 0xff3a, 0xff3a, 0xff3a, 0xff3a, 0xff3a, 0xff3a, 0xff3a, 0xff3a, 0xff3a, 
	0xff3a, 0xff3a, 0xff3a, 0xff3a, 0xff3a, 0xff3a, 0xff3a, 0xff3a, 0xff3b, 0xff3b, 0xff3b, 0xff5b, 0xff5b, 0xff5b, 0xff5b, 0xff5b, 
	0xff5b, 0xff5b, 0xff5b, 0xff5b, 0xff5b, 0xff5b, 0xff5b, 0xff5b, 0xff5b, 0xff5b, 0xff5b, 0xff5b, 0xff5b, 0xff5b, 0xff5b, 0xff5b, 
	0xff5b, 0xff5b, 0xff5b, 0xff5b, 0xff5b, 0xff5b, 0xff5b, 0xff5b, 0xff7b, 0xff7b, 0xff7b, 0xff7b, 0xff7b, 0xff7b, 0xff7b, 0xff7b, 
	0xff7b, 0xff7b, 0xff7b, 0xff7b, 0xff7b, 0xff7b, 0xff7c, 0xff7c, 0xff7c, 0xff7b, 0xff7c, 0xff7c, 0xff7c, 0xff7c, 0xff7b, 0xff7c, 
	0xff7c, 0xff7c, 0xff7c, 0xff7c, 0xff7b, 0xff7c, 0xff7c, 0xff7b, 0xff7b, 0xff7b, 0xff9c, 0xff9b, 0xff9b, 0xff9b, 0xff9b, 0xff9b, 
	0xff9b, 0xff9b, 0xff9b, 0xff9b, 0xff9b, 0xff9b, 0xff9b, 0xff9b, 0xff9b, 0xff9b, 0xff9b, 0xff9b, 0xff9b, 0xff9b, 0xff9b, 0xff9b, 
	0xadb9, 0xadb9, 0xb5b9, 0xb5b9, 0xb5b9, 0xb5b9, 0xb5b9, 0xb5b9, 0xb5b9, 0xb5b8, 0xb5b8, 0xb5d8, 0xbdd8, 0xbdb8, 0xbdd8, 0xbdd8, 
	0xbdd8, 0xbdd8, 0xbdd8, 0xbdd8, 0xbdd8, 0xbdd8, 0xbdd8, 0xc5d8, 0xc5d8, 0xc5d8, 0xc5f8, 0xc5f8, 0xc5f8, 0xc5f8, 0xc5f8, 0xc5f8, 
	0xc5f8, 0xcdf7, 0xcdf7, 0xcdf7, 0xcdf7, 0xcdf7, 0xcdf7, 0xcdf7, 0xcdf7, 0xd617, 0xd617, 0xd617, 0xd617, 0xd617, 0xd617, 0xd617, 
	0xd617, 0xd617, 0xd617, 0xd617, 0xde17, 0xde17, 0xde17, 0xde37, 0xde37, 0xde37, 0xde37, 0xde37, 0xde37, 0xde37, 0xde37, 0xde37, 
	0xe637, 0xe637, 0xe637, 0xe637, 0xe637, 0xe657, 0xe657, 0xe657, 0xe657, 0xe657, 0xe657, 0xe657, 0xe657, 0xe657, 0xe657, 0xe657, 
	0xe657, 0xe657, 0xee57, 0xee57, 0xee57, 0xee77, 0xee77, 0xee77, 0xee77, 0xee77, 0xee78, 0xee78, 0xee77, 0xee78, 0xee78, 0xee78, 
	0xee78, 0xee78, 0xee98, 0xee98, 0xee98, 0xee98, 0xee98, 0xee98, 0xee98, 0xee98, 0xee98, 0xee98, 0xee98, 0xee98, 0xeeb8, 0xeeb8, 
	0xeeb8, 0xeeb8, 0xeeb8, 0xeeb9, 0xeeb9, 0xeeb9, 0xeeb9, 0xeeb9, 0xeeb9, 0xeed9, 0xeed9, 0xeed9, 0xf6d9, 0xf6d9, 0xf6d9, 0xf6d9, 
	0xf6d9, 0xf6d9, 0xf6d9, 0xf6d9, 0xf6f9, 0xf6f9, 0xf6f9, 0xf6f9, 0xf6f9, 0xf6fa, 0xf6fa, 0xf6fa, 0xf6fa, 0xf6fa, 0xf6fa, 0xf6fa, 
	0xf6fa, 0xf6fa, 0xf71a, 0xf71a, 0xf71a, 0xf71a, 0xf71a, 0xf71a, 0xf71a, 0xf71a, 0xf71a, 0xf71a, 0xf71a, 0xf71a, 0xf71a, 0xff1a, 
	0xff1a, 0xff1a, 0xff1a, 0xff1a, 0xff1a, 0xff1a, 0xff1a, 0xff1a, 0xff1a, 0xff1a, 0xff1a, 0xff1a, 0xff1a, 0xff1a, 0xff1a, 0xff1a, 
	0xff1a, 0xff1a, 0xff1a, 0xff1a, 0xff1a, 0xff1a, 0xff1a, 0xff1a, 0xff1a, 0xff1a, 0xff1a, 0xff1a, 0xff1a, 0xff1a, 0xff1a, 0xff1a, 
	0xff1a, 0xff1a, 0xff1a, 0xff1a, 0xff1a, 0xff1a, 0xff1a, 0xff1a, 0xff1a, 0xff1a, 0xff1a, 0xff1a, 0xff1a, 0xff1a, 0xff1a, 0xff3a, 
	0xff3a, 0xff3a, 0xff3a, 0xff3a, 0xff3a, 0xff3a, 0xff3a, 0xff3a, 0xff3a, 0xff3a, 0xff3a, 0xff3a, 0xff3a, 0xff3a, 0xff3a, 0xff3a, 
	0xff3a, 0xff3a, 0xff3a, 0xff3a, 0xff3a, 0xff3a, 0xff3a, 0xff3a, 0xff3a, 0xff3a, 0xff3a, 0xff3b, 0xff3b, 0xff5b, 0xff5b, 0xff5b, 
	0xff5b, 0xff5b, 0xff5b, 0xff5b, 0xff5b, 0xff5b, 0xff5b, 0xff5b, 0xff5b, 0xff5b, 0xff5b, 0xff5b, 0xff5b, 0xff5b, 0xff5b, 0xff5b, 
	0xff5b, 0xff5b, 0xff5b, 0xff5b, 0xff5b, 0xff5b, 0xff5b, 0xff7b, 0xff7b, 0xff7b, 0xff7b, 0xff7b, 0xff7b, 0xff7b, 0xff7b, 0xff7b, 
	0xff7b, 0xff7b, 0xff7b, 0xff7b, 0xff7b, 0xff7c, 0xff7b, 0xff7b, 0xff7b, 0xff7c, 0xff7c, 0xff7c, 0xff7c, 0xff7b, 0xff7b, 0xff7c, 
	0xff7b, 0xff7c, 0xff7c, 0xff7b, 0xff7b, 0xff7b, 0xff7c, 0xff7b, 0xff7b, 0xff7b, 0xff9b, 0xff9b, 0xff9b, 0xff9b, 0xff9b, 0xff9b, 
	0xff9b, 0xff9b, 0xff9b, 0xff9b, 0xff9b, 0xff9b, 0xff9b, 0xff9b, 0xff9b, 0xff9b, 0xff9b, 0xff9b, 0xff9b, 0xff9b, 0xff9b, 0xff9b, 
	0xadb9, 0xadb9, 0xb5b9, 0xb5b9, 0xb5b9, 0xb5b9, 0xb5b9, 0xb5b9, 0xb5b9, 0xb5b8, 0xb5d8, 0xbdd8, 0xbdd8, 0xbdd8, 0xbdd8, 0xbdd8, 
	0xbdd8, 0xbdd8, 0xbdd8, 0xbdd8, 0xbdd8, 0xbdd8, 0xc5d8, 0xc5f8, 0xc5d8, 0xc5d8, 0xc5f8, 0xc5f8, 0xc5f8, 0xc5f8, 0xc5f8, 0xc5f7, 
	0xcdf8, 0xcdf7, 0xcdf7, 0xcdf7, 0xcdf7, 0xcdf7, 0xcdf7, 0xcdf7, 0xcdf7, 0xd617, 0xd617, 0xd617, 0xd617, 0xd617, 0xd617, 0xd617, 
	0xd617, 0xd617, 0xd617, 0xde17, 0xde17, 0xde17, 0xde37, 0xde37, 0xde37, 0xde37, 0xde37, 0xde37, 0xde37, 0xde37, 0xde37, 0xde37, 
	0xe637, 0xe637, 0xe637, 0xe637, 0xe657, 0xe657, 0xe657, 0xe657, 0xe657, 0xe657, 0xe657, 0xe657, 0xe657, 0xe657, 0xe657, 0xe657, 
	0xe657, 0xee57, 0xee57, 0xee57, 0xee77, 0xee77, 0xee77, 0xee77, 0xee77, 0xee78, 0xee77, 0xee77, 0xee77, 0xee78, 0xee78, 0xee78, 
	0xee78, 0xee98, 0xee98, 0xee98, 0xee98, 0xee98, 0xee98, 0xee98, 0xee98, 0xee98, 0xee98, 0xee98, 0xee98, 0xee98, 0xeeb8, 0xeeb8, 
	0xeeb8, 0xeeb8, 0xeeb8, 0xeeb9, 0xeeb9, 0xeeb9, 0xeeb9, 0xeeb9, 0xeed9, 0xeed9, 0xeed9, 0xf6d9, 0xf6d9, 0xf6d9, 0xf6d9, 0xf6d9, 
	0xf6d9, 0xf6d9, 0xf6d9, 0xf6d9, 0xf6f9, 0xf6f9, 0xf6f9, 0xf6f9, 0xf6f9, 0xf6f9, 0xf6fa, 0xf6fa, 0xf6fa, 0xf6fa, 0xf6fa, 0xf6fa, 
	0xf6fa, 0xf6fa, 0xf6fa, 0xf71a, 0xf71a, 0xf71a, 0xf71a, 0xf71a, 0xf71a, 0xf71a, 0xf71a, 0xf71a, 0xf71a, 0xf71a, 0xf71a, 0xff1a, 
	0xff1a, 0xff1a, 0xff1a, 0xff1a, 0xff1a, 0xff1a, 0xff1a, 0xff1a, 0xff1a, 0xff1a, 0xff1a, 0xff1a, 0xff1a, 0xff1a, 0xff1a, 0xff1a, 
	0xff1a, 0xff1a, 0xff1a, 0xff1a, 0xff1a, 0xff1a, 0xff1a, 0xff1a, 0xff1a, 0xff1a, 0xff1a, 0xff1a, 0xff1a, 0xff1a, 0xff1a, 0xff1a, 
	0xff1a, 0xff1a, 0xff1a, 0xff1a, 0xff1a, 0xff1a, 0xff1a, 0xff1a, 0xff1a, 0xff1a, 0xff1a, 0xff1a, 0xff1a, 0xff1a, 0xff1a, 0xff1a, 
	0xff1a, 0xff3a, 0xff3a, 0xff3a, 0xff3a, 0xff3a, 0xff3a, 0xff3a, 0xff3a, 0xff3a, 0xff3a, 0xff3a, 0xff3a, 0xff3a, 0xff3a, 0xff3a, 
	0xff3a, 0xff3a, 0xff3a, 0xff3a, 0xff3a, 0xff3a, 0xff3a, 0xff3a, 0xff3a, 0xff3a, 0xff3a, 0xff3a, 0xff3a, 0xff3b, 0xff3b, 0xff5b, 
	0xff5b, 0xff5b, 0xff5b, 0xff5b, 0xff5b, 0xff5b, 0xff5b, 0xff5b, 0xff5b, 0xff5b, 0xff5b, 0xff5b, 0xff5b, 0xff5b, 0xff5b, 0xff5b, 
	0xff5b, 0xff5b, 0xff5b, 0xff5b, 0xff5b, 0xff5b, 0xff7b, 0xff7b, 0xff7b, 0xff7b, 0xff7b, 0xff7b, 0xff7b, 0xff7b, 0xff7b, 0xff7b, 
	0xff7b, 0xff7b, 0xff7b, 0xff7b, 0xff7b, 0xff7b, 0xff7b, 0xff7b, 0xff7b, 0xff7c, 0xff7c, 0xff7c, 0xff7b, 0xff7b, 0xff7b, 0xff7b, 
	0xff7b, 0xff7c, 0xff7c, 0xff7b, 0xff7c, 0xff7b, 0xff7c, 0xff7b, 0xff9b, 0xff7b, 0xff9b, 0xff9b, 0xff9b, 0xff9b, 0xff9b, 0xff9b, 
	0xff9b, 0xff7b, 0xff9b, 0xff9b, 0xff9b, 0xff9b, 0xff9b, 0xff9b, 0xff9b, 0xff9b, 0xff9b, 0xff9b, 0xff9b, 0xff9b, 0xff9b, 0xff9b, 
	0xadb9, 0xadb9, 0xb5b9, 0xb5b9, 0xb5b9, 0xb5b9, 0xb5b9, 0xb5b9, 0xb5b9, 0xb5b8, 0xb5d8, 0xbdd8, 0xbdd8, 0xbdd8, 0xbdd8, 0xbdd8, 
	0xbdd8, 0xbdd8, 0xbdd8, 0xbdd8, 0xbdd8, 0xc5d8, 0xc5f8, 0xc5f8, 0xc5d8, 0xc5d8, 0xc5f8, 0xc5f8, 0xc5f8, 0xc5f8, 0xc5f8, 0xcdf8, 
	0xcdf7, 0xcdf8, 0xcdf7, 0xcdf7, 0xcdf7, 0xcdf7, 0xce17, 0xce17, 0xce17, 0xd617, 0xd617, 0xd617, 0xd617, 0xd617, 0xd617, 0xd617, 
	0xd617, 0xd617, 0xde17, 0xde17, 0xde17, 0xde37, 0xde37, 0xde37, 0xde37, 0xde37, 0xde37, 0xde37, 0xde37, 0xde37, 0xde37, 0xe637, 
	0xe637, 0xe637, 0xe637, 0xe657, 0xe657, 0xe657, 0xe657, 0xe657, 0xe657, 0xe657, 0xe657, 0xe657, 0xe657, 0xe657, 0xe657, 0xe657, 
	0xee57, 0xee57, 0xee57, 0xee77, 0xee77, 0xee77, 0xee77, 0xee77, 0xee77, 0xee77, 0xee77, 0xee77, 0xee78, 0xee78, 0xee78, 0xee78, 
	0xee98, 0xee98, 0xee98, 0xee98, 0xee98, 0xee98, 0xee98, 0xee98, 0xee98, 0xee98, 0xee98, 0xee98, 0xee98, 0xeeb8, 0xeeb8, 0xeeb8, 
	0xeeb8, 0xeeb8, 0xeeb8, 0xeeb9, 0xeeb9, 0xeeb9, 0xeeb9, 0xeeb9, 0xeed9, 0xf6d9, 0xf6d9, 0xf6d9, 0xf6d9, 0xf6d9, 0xf6d9, 0xf6d9, 
	0xf6d9, 0xf6d9, 0xf6d9, 0xf6f9, 0xf6f9, 0xf6f9, 0xf6f9, 0xf6f9, 0xf6f9, 0xf6f9, 0xf6f9, 0xf6fa, 0xf6fa, 0xf6fa, 0xf6fa, 0xf6fa, 
	0xf6fa, 0xf6fa, 0xf6fa, 0xf6fa, 0xf71a, 0xf71a, 0xf71a, 0xf71a, 0xf71a, 0xf71a, 0xf71a, 0xf71a, 0xf71a, 0xf71a, 0xf71a, 0xff1a, 
	0xff1a, 0xff1a, 0xff1a, 0xff1a, 0xff1a, 0xff1a, 0xff1a, 0xff1a, 0xff1a, 0xff1a, 0xff1a, 0xff1a, 0xff1a, 0xff1a, 0xff1a, 0xff1a, 
	0xff1a, 0xff1a, 0xff1a, 0xff1a, 0xff1a, 0xff1a, 0xff1a, 0xff1a, 0xff1a, 0xff1a, 0xff1a, 0xff1a, 0xff1a, 0xff1a, 0xff1a, 0xff1a, 
	0xff1a, 0xff1a, 0xff1a, 0xff1a, 0xff1a, 0xff1a, 0xff1a, 0xff1a, 0xff1a, 0xff1a, 0xff1a, 0xff1a, 0xff1a, 0xff1a, 0xff1a, 0xff1a, 
	0xff1a, 0xff1a, 0xff1a, 0xff1a, 0xff1a, 0xff3a, 0xff3a, 0xff3a, 0xff3a, 0xff3a, 0xff3a, 0xff3a, 0xff3a, 0xff3a, 0xff3a, 0xff3a, 
	0xff3a, 0xff3a, 0xff3a, 0xff3a, 0xff3a, 0xff3a, 0xff3a, 0xff3a, 0xff3a, 0xff3a, 0xff3a, 0xff3a, 0xff3a, 0xff3a, 0xff3a, 0xff3b, 
	0xff3b, 0xff5b, 0xff5b, 0xff5b, 0xff5b, 0xff5b, 0xff5b, 0xff5b, 0xff5b, 0xff5b, 0xff5b, 0xff5b, 0xff5b, 0xff5b, 0xff5b, 0xff5b, 
	0xff5b, 0xff5b, 0xff5b, 0xff5b, 0xff5b, 0xff5b, 0xff5b, 0xff5b, 0xff5b, 0xff5b, 0xff5b, 0xff5b, 0xff5b, 0xff7b, 0xff7b, 0xff7b, 
	0xff7b, 0xff7b, 0xff7b, 0xff7b, 0xff7b, 0xff7b, 0xff7b, 0xff7b, 0xff7c, 0xff7b, 0xff7b, 0xff7b, 0xff7b, 0xff7b, 0xff7b, 0xff7b, 
	0xff7c, 0xff7c, 0xff7b, 0xff7b, 0xff7c, 0xff7c, 0xff7b, 0xff7b, 0xff7b, 0xff9b, 0xff7b, 0xff9b, 0xff9b, 0xff9b, 0xff9b, 0xff9b, 
	0xff7b, 0xff9b, 0xff9b, 0xff9b, 0xff9b, 0xff9b, 0xff9b, 0xff9b, 0xff9b, 0xff9b, 0xff9b, 0xff9b, 0xff9b, 0xff9b, 0xff9b, 0xff9b, 
	0xadb9, 0xb5b9, 0xb5b9, 0xb5b9, 0xb5b9, 0xb5b9, 0xb5b9, 0xb5b9, 0xb5b9, 0xb5b8, 0xb5d8, 0xbdd8, 0xbdd8, 0xbdd8, 0xbdd8, 0xbdd8, 
	0xbdd8, 0xbdd8, 0xbdd8, 0xbdd8, 0xbdd8, 0xc5d8, 0xc5f8, 0xc5f8, 0xc5f8, 0xc5d8, 0xc5f8, 0xc5f8, 0xc5f8, 0xc5f8, 0xc5f8, 0xcdf8, 
	0xcdf7, 0xcdf8, 0xcdf7, 0xcdf7, 0xce17, 0xcdf7, 0xce17, 0xd617, 0xd617, 0xd617, 0xd617, 0xd617, 0xd617, 0xd617, 0xd617, 0xd617, 
	0xd617, 0xde17, 0xde37, 0xde37, 0xde37, 0xde37, 0xde37, 0xde37, 0xde37, 0xde37, 0xde37, 0xde37, 0xde37, 0xe637, 0xe657, 0xe657, 
	0xe657, 0xe657, 0xe657, 0xe657, 0xe657, 0xe657, 0xe657, 0xe657, 0xe657, 0xe657, 0xe657, 0xe657, 0xe657, 0xe657, 0xee77, 0xee77, 
	0xee77, 0xee77, 0xee77, 0xee77, 0xee77, 0xee77, 0xee77, 0xee77, 0xee78, 0xee78, 0xee78, 0xee78, 0xee78, 0xee98, 0xee98, 0xee98, 
	0xee98, 0xee98, 0xee98, 0xee98, 0xee98, 0xee98, 0xee98, 0xee98, 0xee98, 0xeeb8, 0xeeb8, 0xeeb8, 0xeeb8, 0xeeb8, 0xeeb8, 0xeeb8, 
	0xeeb9, 0xeeb9, 0xeeb9, 0xeeb9, 0xeed9, 0xf6d9, 0xf6d9, 0xf6d9, 0xf6d9, 0xf6d9, 0xf6d9, 0xf6d9, 0xf6d9, 0xf6d9, 0xf6d9, 0xf6d9, 
	0xf6d9, 0xf6f9, 0xf6f9, 0xf6f9, 0xf6f9, 0xf6f9, 0xf6f9, 0xf6f9, 0xf6fa, 0xf6fa, 0xf6fa, 0xf6fa, 0xf6fa, 0xf6fa, 0xf6fa, 0xf71a, 
	0xf71a, 0xf71a, 0xf71a, 0xf71a, 0xf71a, 0xf71a, 0xf71a, 0xf71a, 0xf71a, 0xff1a, 0xff1a, 0xff1a, 0xff1a, 0xff1a, 0xff1a, 0xff1a, 
	0xff1a, 0xff1a, 0xff1a, 0xff1a, 0xff1a, 0xff1a, 0xff1a, 0xff1a, 0xff1a, 0xff1a, 0xff1a, 0xff1a, 0xff1a, 0xff1a, 0xff1a, 0xff1a, 
	0xff1a, 0xff1a, 0xff1a, 0xff1a, 0xff1a, 0xff1a, 0xff1a, 0xff1a, 0xff1a, 0xff1a, 0xff1a, 0xff1a, 0xff1a, 0xff1a, 0xff1a, 0xff1a, 
	0xff1a, 0xff1a, 0xff1a, 0xff1a, 0xff1a, 0xff1a, 0xff1a, 0xff1a, 0xff1a, 0xff1a, 0xff1a, 0xff1a, 0xff1a, 0xff1a, 0xff1a, 0xff1a, 
	0xff3a, 0xff3a, 0xff3a, 0xff3a, 0xff3a, 0xff3a, 0xff3a, 0xff3a, 0xff3a, 0xff3a, 0xff3a, 0xff3a, 0xff3a, 0xff3a, 0xff3a, 0xff3a, 
	0xff3a, 0xff3a, 0xff3a, 0xff3a, 0xff3a, 0xff3a, 0xff3a, 0xff3a, 0xff3a, 0xff3a, 0xff3a, 0xff3a, 0xff3a, 0xff3b, 0xff5b, 0xff5b, 
	0xff5b, 0xff5b, 0xff5b, 0xff5b, 0xff5b, 0xff5b, 0xff5b, 0xff5b, 0xff5b, 0xff5b, 0xff5b, 0xff5b, 0xff5b, 0xff5b, 0xff5b, 0xff5b, 
	0xff5b, 0xff5b, 0xff5b, 0xff5b, 0xff5b, 0xff5b, 0xff5b, 0xff5b, 0xff5b, 0xff5b, 0xff5b, 0xff7b, 0xff7b, 0xff7b, 0xff7b, 0xff7b, 
	0xff7b, 0xff7b, 0xff7b, 0xff7b, 0xff7b, 0xff7b, 0xff7b, 0xff7b, 0xff7b, 0xff7b, 0xff7b, 0xff7b, 0xff7b, 0xff7b, 0xff7b, 0xff7b, 
	0xff7c, 0xff7b, 0xff7b, 0xff7b, 0xff7b, 0xff7c, 0xff7b, 0xff7b, 0xff7b, 0xff9b, 0xff7b, 0xff9b, 0xff9b, 0xff9b, 0xff9b, 0xff9b, 
	0xff9b, 0xff9b, 0xff9b, 0xff9b, 0xff9b, 0xff9b, 0xff9b, 0xff9b, 0xff9b, 0xff9b, 0xff9b, 0xff9b, 0xff9b, 0xff9b, 0xff9b, 0xff9b, 
	0xadb9, 0xb5b9, 0xb5b9, 0xb5b9, 0xb5b9, 0xb5b9, 0xb5b9, 0xb5b9, 0xb5b9, 0xbdb9, 0xbdd8, 0xbdd8, 0xbdd8, 0xbdd8, 0xbdd8, 0xbdd8, 
	0xbdd8, 0xbdd8, 0xbdd8, 0xbdd8, 0xbdd8, 0xc5f8, 0xc5f8, 0xc5f8, 0xc5f8, 0xc5f8, 0xc5f8, 0xc5f8, 0xc5f8, 0xc5f8, 0xcdf8, 0xcdf8, 
	0xcdf8, 0xcdf7, 0xcdf8, 0xcdf7, 0xce17, 0xcdf7, 0xce17, 0xd617, 0xd617, 0xd617, 0xd617, 0xd617, 0xd617, 0xd617, 0xd617, 0xd617, 
	0xd617, 0xde17, 0xde37, 0xde37, 0xde37, 0xde37, 0xde37, 0xde37, 0xde37, 0xde37, 0xde37, 0xde37, 0xe657, 0xe657, 0xe657, 0xe657, 
	0xe657, 0xe657, 0xe657, 0xe657, 0xe657, 0xe657, 0xe657, 0xe657, 0xe657, 0xe657, 0xe657, 0xe657, 0xee77, 0xee77, 0xee77, 0xee77, 
	0xee77, 0xee77, 0xee77, 0xee77, 0xee77, 0xee77, 0xee77, 0xee78, 0xee78, 0xee78, 0xee78, 0xee78, 0xee98, 0xee98, 0xee98, 0xee98, 
	0xee98, 0xee98, 0xee98, 0xee98, 0xee98, 0xee98, 0xee98, 0xee98, 0xeeb8, 0xeeb8, 0xeeb8, 0xeeb8, 0xeeb8, 0xeeb8, 0xeeb8, 0xeeb8, 
	0xeeb9, 0xeeb9, 0xeeb9, 0xf6b9, 0xf6d9, 0xf6d9, 0xf6d9, 0xf6d9, 0xf6d9, 0xf6d9, 0xf6d9, 0xf6d9, 0xf6d9, 0xf6d9, 0xf6d9, 0xf6d9, 
	0xf6f9, 0xf6f9, 0xf6f9, 0xf6f9, 0xf6f9, 0xf6f9, 0xf6f9, 0xf6f9, 0xf6f9, 0xf6fa, 0xf6fa, 0xf6fa, 0xf6fa, 0xf6fa, 0xf6fa, 0xf71a, 
	0xf71a, 0xf71a, 0xf71a, 0xf71a, 0xf71a, 0xf71a, 0xf71a, 0xf71a, 0xf71a, 0xff1a, 0xff1a, 0xff1a, 0xff1a, 0xff1a, 0xff1a, 0xff1a, 
	0xff1a, 0xff1a, 0xff1a, 0xff1a, 0xff1a, 0xff1a, 0xff1a, 0xff1a, 0xff1a, 0xff1a, 0xff1a, 0xff1a, 0xff1a, 0xff1a, 0xff1a, 0xff1a, 
	0xff1a, 0xff1a, 0xff1a, 0xff1a, 0xff1a, 0xff1a, 0xff1a, 0xff1a, 0xff1a, 0xff1a, 0xff1a, 0xff1a, 0xff1a, 0xff1a, 0xff1a, 0xff1a, 
	0xff1a, 0xff1a, 0xff1a, 0xff1a, 0xff1a, 0xff1a, 0xff1a, 0xff1a, 0xff1a, 0xff1a, 0xff1a, 0xff1a, 0xff1a, 0xff1a, 0xff1a, 0xff1a, 
	0xff1a, 0xff1a, 0xff1a, 0xff1a, 0xff3a, 0xff3a, 0xff3a, 0xff3a, 0xff3a, 0xff3a, 0xff3a, 0xff3a, 0xff3a, 0xff3a, 0xff3a, 0xff3a, 
	0xff3a, 0xff3a, 0xff3a, 0xff3a, 0xff3a, 0xff3a, 0xff3a, 0xff3a, 0xff3a, 0xff3a, 0xff3a, 0xff3a, 0xff3a, 0xff3a, 0xff3a, 0xff3b, 
	0xff5b, 0xff5b, 0xff5b, 0xff5b, 0xff5b, 0xff5b, 0xff5b, 0xff5b, 0xff5b, 0xff5b, 0xff5b, 0xff5b, 0xff5b, 0xff5b, 0xff5b, 0xff5b, 
	0xff5b, 0xff5b, 0xff5b, 0xff5b, 0xff5b, 0xff5b, 0xff5b, 0xff5b, 0xff5b, 0xff5b, 0xff5b, 0xff5b, 0xff5b, 0xff5b, 0xff5b, 0xff5b, 
	0xff5b, 0xff5b, 0xff7b, 0xff7b, 0xff7b, 0xff7b, 0xff7b, 0xff7b, 0xff7b, 0xff7b, 0xff7b, 0xff7b, 0xff7b, 0xff7b, 0xff7b, 0xff7b, 
	0xff7b, 0xff7b, 0xff7b, 0xff7b, 0xff7b, 0xff7b, 0xff7b, 0xff7b, 0xff7b, 0xff7b, 0xff9b, 0xff7b, 0xff9b, 0xff9b, 0xff9b, 0xff9b, 
	0xff9b, 0xff9b, 0xff9b, 0xff9b, 0xff9b, 0xff9b, 0xff9b, 0xff9b, 0xff9b, 0xff9b, 0xff9b, 0xff9b, 0xff9b, 0xff9b, 0xff9b, 0xff9b, 
	0xadb9, 0xb5b9, 0xb5b9, 0xb5b9, 0xb5b9, 0xb5b9, 0xb5b9, 0xb5d9, 0xb5b8, 0xbdd9, 0xbdd8, 0xbdd8, 0xbdd8, 0xbdd8, 0xbdd8, 0xbdd8, 
	0xbdd8, 0xbdd8, 0xbdd8, 0xbdd8, 0xc5d8, 0xc5f8, 0xc5f8, 0xc5f8, 0xc5f8, 0xc5f8, 0xc5f8, 0xc5f8, 0xc5f8, 0xcdf8, 0xcdf8, 0xcdf8, 
	0xcdf8, 0xcdf7, 0xcdf8, 0xce17, 0xce17, 0xce17, 0xd617, 0xd617, 0xd617, 0xd617, 0xd617, 0xd617, 0xd617, 0xd617, 0xd617, 0xde17, 
	0xde17, 0xde37, 0xde37, 0xde37, 0xde37, 0xde37, 0xde37, 0xde37, 0xde37, 0xde37, 0xde37, 0xde57, 0xe657, 0xe657, 0xe657, 0xe657, 
	0xe657, 0xe657, 0xe657, 0xe657, 0xe657, 0xe657, 0xe657, 0xe657, 0xe657, 0xe657, 0xe657, 0xee77, 0xee77, 0xee77, 0xee77, 0xee77, 
	0xee77, 0xee77, 0xee77, 0xee77, 0xee77, 0xee77, 0xee78, 0xee78, 0xee78, 0xee78, 0xee78, 0xee98, 0xee98, 0xee98, 0xee98, 0xee98, 
	0xee98, 0xee98, 0xee98, 0xee98, 0xee98, 0xee98, 0xee98, 0xeeb8, 0xeeb8, 0xeeb8, 0xeeb8, 0xeeb8, 0xeeb8, 0xeeb8, 0xeeb8, 0xeeb8, 
	0xeeb9, 0xf6b9, 0xf6b9, 0xf6d9, 0xf6d9, 0xf6d9, 0xf6d9, 0xf6d9, 0xf6d9, 0xf6d9, 0xf6d9, 0xf6d9, 0xf6d9, 0xf6d9, 0xf6d9, 0xf6d9, 
	0xf6f9, 0xf6f9, 0xf6f9, 0xf6f9, 0xf6f9, 0xf6f9, 0xf6f9, 0xf6f9, 0xf6f9, 0xf6fa, 0xf6fa, 0xf6fa, 0xf6fa, 0xf6fa, 0xf6fa, 0xf6fa, 
	0xf71a, 0xf71a, 0xf71a, 0xf71a, 0xf71a, 0xf71a, 0xf71a, 0xf71a, 0xff1a, 0xff1a, 0xff1a, 0xff1a, 0xff1a, 0xff1a, 0xff1a, 0xff1a, 
	0xff1a, 0xff1a, 0xff1a, 0xff1a, 0xff1a, 0xff1a, 0xff1a, 0xff1a, 0xff1a, 0xff1a, 0xff1a, 0xff1a, 0xff1a, 0xff1a, 0xff1a, 0xff1a, 
	0xff1a, 0xff1a, 0xff1a, 0xff1a, 0xff1a, 0xff1a, 0xff1a, 0xff1a, 0xff1a, 0xff1a, 0xff1a, 0xff1a, 0xff1a, 0xff1a, 0xff1a, 0xff1a, 
	0xff1a, 0xff1a, 0xff1a, 0xff1a, 0xff1a, 0xff1a, 0xff1a, 0xff1a, 0xff1a, 0xff1a, 0xff1a, 0xff1a, 0xff1a, 0xff1a, 0xff1a, 0xff1a, 
	0xff1a, 0xff1a, 0xff1a, 0xff1a, 0xff1a, 0xff1a, 0xff3a, 0xff3a, 0xff3a, 0xff3a, 0xff3a, 0xff3a, 0xff3a, 0xff3a, 0xff3a, 0xff3a, 
	0xff3a, 0xff3a, 0xff3a, 0xff3a, 0xff3a, 0xff3a, 0xff3a, 0xff3a, 0xff3a, 0xff3a, 0xff3a, 0xff3a, 0xff3a, 0xff3a, 0xff3a, 0xff3a, 
	0xff3a, 0xff5b, 0xff5b, 0xff5b, 0xff5b, 0xff5b, 0xff5b, 0xff5b, 0xff5b, 0xff5b, 0xff5b, 0xff5b, 0xff5b, 0xff5b, 0xff5b, 0xff5b, 
	0xff5b, 0xff5b, 0xff5b, 0xff5b, 0xff5b, 0xff5b, 0xff5b, 0xff5b, 0xff5b, 0xff5b, 0xff5b, 0xff5b, 0xff5b, 0xff5b, 0xff5b, 0xff5b, 
	0xff7b, 0xff7b, 0xff7b, 0xff7b, 0xff7b, 0xff7b, 0xff7b, 0xff7b, 0xff7b, 0xff7b, 0xff7b, 0xff7b, 0xff7b, 0xff7b, 0xff7b, 0xff7b, 
	0xff7b, 0xff7b, 0xff7b, 0xff7b, 0xff7b, 0xff7b, 0xff7b, 0xff7b, 0xff7b, 0xff7b, 0xff9b, 0xff9b, 0xff9b, 0xff9b, 0xff9b, 0xff9b, 
	0xff9b, 0xff9b, 0xff9b, 0xff9b, 0xff9b, 0xff9b, 0xff9b, 0xff9b, 0xff9b, 0xff9b, 0xff9b, 0xff9b, 0xff9b, 0xff9b, 0xff9b, 0xff9b, 
	0xadb9, 0xb5b9, 0xb5b9, 0xb5b9, 0xb5b9, 0xb5b9, 0xb5b8, 0xb5d8, 0xb5b9, 0xbdd8, 0xbdd8, 0xbdd8, 0xbdd8, 0xbdd8, 0xbdd8, 0xbdd8, 
	0xbdd8, 0xbdd8, 0xc5d8, 0xc5f8, 0xc5d8, 0xc5f8, 0xc5f8, 0xc5f8, 0xc5f8, 0xc5f8, 0xc5f8, 0xc5f8, 0xcdf8, 0xcdf8, 0xcdf8, 0xcdf8, 
	0xcdf8, 0xcdf7, 0xcdf7, 0xce17, 0xce17, 0xd617, 0xd617, 0xd617, 0xd617, 0xd617, 0xd617, 0xd617, 0xd617, 0xd617, 0xd617, 0xde37, 
	0xde37, 0xde37, 0xde37, 0xde37, 0xde37, 0xde37, 0xde37, 0xde37, 0xde37, 0xde37, 0xde37, 0xe657, 0xe657, 0xe657, 0xe657, 0xe657, 
	0xe657, 0xe657, 0xe657, 0xe657, 0xe657, 0xe657, 0xe657, 0xe657, 0xe657, 0xe657, 0xe677, 0xee77, 0xee77, 0xee77, 0xee77, 0xee77, 
	0xee77, 0xee77, 0xee77, 0xee77, 0xee77, 0xee77, 0xee78, 0xee78, 0xee78, 0xee78, 0xee98, 0xee98, 0xee98, 0xee98, 0xee98, 0xee98, 
	0xee98, 0xee98, 0xee98, 0xee98, 0xee98, 0xee98, 0xeeb8, 0xeeb8, 0xeeb8, 0xeeb8, 0xeeb8, 0xeeb8, 0xeeb8, 0xeeb8, 0xeeb8, 0xeeb8, 
	0xf6b9, 0xf6b9, 0xf6b9, 0xf6d9, 0xf6d9, 0xf6d9, 0xf6d9, 0xf6d9, 0xf6d9, 0xf6d9, 0xf6d9, 0xf6d9, 0xf6d9, 0xf6d9, 0xf6d9, 0xf6d9, 
	0xf6f9, 0xf6f9, 0xf6f9, 0xf6f9, 0xf6f9, 0xf6f9, 0xf6f9, 0xf6f9, 0xf6f9, 0xf6f9, 0xf6f9, 0xf6fa, 0xf6fa, 0xf6fa, 0xf6fa, 0xf6fa, 
	0xf6fa, 0xf71a, 0xf71a, 0xf71a, 0xf71a, 0xf71a, 0xf71a, 0xf71a, 0xf71a, 0xff1a, 0xff1a, 0xff1a, 0xff1a, 0xff1a, 0xff1a, 0xff1a, 
	0xff1a, 0xff1a, 0xff1a, 0xff1a, 0xff1a, 0xff1a, 0xff1a, 0xff1a, 0xff1a, 0xff1a, 0xff1a, 0xff1a, 0xff1a, 0xff1a, 0xff1a, 0xff1a, 
	0xff1a, 0xff1a, 0xff1a, 0xff1a, 0xff1a, 0xff1a, 0xff1a, 0xff1a, 0xff1a, 0xff1a, 0xff1a, 0xff1a, 0xff1a, 0xff1a, 0xff1a, 0xff1a, 
	0xff1a, 0xff1a, 0xff1a, 0xff1a, 0xff1a, 0xff1a, 0xff1a, 0xff1a, 0xff1a, 0xff1a, 0xff1a, 0xff1a, 0xff1a, 0xff1a, 0xff1a, 0xff1a, 
	0xff1a, 0xff1a, 0xff1a, 0xff1a, 0xff1a, 0xff1a, 0xff1a, 0xff1a, 0xff1a, 0xff1a, 0xff1a, 0xff3a, 0xff3a, 0xff3a, 0xff3a, 0xff3a, 
	0xff3a, 0xff3a, 0xff3a, 0xff3a, 0xff3a, 0xff3a, 0xff3a, 0xff3a, 0xff3a, 0xff3a, 0xff3a, 0xff3a, 0xff3a, 0xff3a, 0xff3a, 0xff3a, 
	0xff3a, 0xff3a, 0xff3a, 0xff5a, 0xff5b, 0xff5b, 0xff5b, 0xff5b, 0xff5b, 0xff5b, 0xff5b, 0xff5b, 0xff5b, 0xff5b, 0xff5b, 0xff5b, 
	0xff5b, 0xff5b, 0xff5b, 0xff5b, 0xff5b, 0xff5b, 0xff5b, 0xff5b, 0xff5b, 0xff5b, 0xff5b, 0xff5b, 0xff5b, 0xff5b, 0xff7b, 0xff7b, 
	0xff7b, 0xff7b, 0xff7b, 0xff7b, 0xff7b, 0xff7b, 0xff7b, 0xff7b, 0xff7b, 0xff7b, 0xff7b, 0xff7b, 0xff7b, 0xff7b, 0xff7b, 0xff7b, 
	0xff7b, 0xff7b, 0xff7b, 0xff7b, 0xff7b, 0xff7b, 0xff7b, 0xff7b, 0xff9b, 0xff7b, 0xff9b, 0xff9b, 0xff9b, 0xff9b, 0xff9b, 0xff7b, 
	0xff7b, 0xff7b, 0xff7b, 0xff9b, 0xff9b, 0xff9b, 0xff9b, 0xff9b, 0xff9b, 0xff9b, 0xff9b, 0xff9b, 0xff9b, 0xff9b, 0xff9b, 0xff7b, 
	0xb5b9, 0xb5b9, 0xb5b9, 0xb5b9, 0xb5b9, 0xb5b9, 0xb5b9, 0xb5d8, 0xbdd9, 0xbdd8, 0xbdd8, 0xbdd8, 0xbdd8, 0xbdd8, 0xbdd8, 0xbdd8, 
	0xbdd8, 0xbdd8, 0xc5d8, 0xc5f8, 0xc5d8, 0xc5f8, 0xc5f8, 0xc5f8, 0xc5f8, 0xc5f8, 0xc5f8, 0xc5f8, 0xcdf8, 0xcdf8, 0xcdf8, 0xcdf8, 
	0xcdf8, 0xce18, 0xcdf7, 0xce18, 0xce17, 0xce17, 0xd617, 0xd617, 0xd617, 0xd617, 0xd617, 0xd617, 0xd617, 0xd617, 0xd617, 0xde37, 
	0xde37, 0xde37, 0xde37, 0xde37, 0xde37, 0xde37, 0xde37, 0xde37, 0xde37, 0xde37, 0xe657, 0xe657, 0xe657, 0xe657, 0xe657, 0xe657, 
	0xe657, 0xe657, 0xe657, 0xe657, 0xe657, 0xe657, 0xe657, 0xe657, 0xe657, 0xe677, 0xee77, 0xee77, 0xee77, 0xee77, 0xee77, 0xee77, 
	0xee77, 0xee77, 0xee77, 0xee77, 0xee77, 0xee78, 0xee78, 0xee78, 0xee78, 0xee98, 0xee98, 0xee98, 0xee98, 0xee98, 0xee98, 0xee98, 
	0xee98, 0xee98, 0xee98, 0xee98, 0xee98, 0xee98, 0xeeb8, 0xeeb8, 0xeeb8, 0xeeb8, 0xeeb8, 0xeeb8, 0xeeb8, 0xeeb8, 0xeeb8, 0xf6b8, 
	0xf6b9, 0xf6b9, 0xf6b9, 0xf6d9, 0xf6d9, 0xf6d9, 0xf6d9, 0xf6d9, 0xf6d9, 0xf6d9, 0xf6d9, 0xf6d9, 0xf6d9, 0xf6d9, 0xf6d9, 0xf6d9, 
	0xf6f9, 0xf6f9, 0xf6f9, 0xf6f9, 0xf6f9, 0xf6f9, 0xf6f9, 0xf6f9, 0xf6f9, 0xf6f9, 0xf6f9, 0xf6fa, 0xf6fa, 0xf6fa, 0xf6fa, 0xf6fa, 
	0xf6fa, 0xf6fa, 0xf6fa, 0xf71a, 0xf71a, 0xf71a, 0xf71a, 0xf71a, 0xf71a, 0xf71a, 0xff1a, 0xff1a, 0xff1a, 0xff1a, 0xff1a, 0xff1a, 
	0xff1a, 0xff1a, 0xff1a, 0xff1a, 0xff1a, 0xff1a, 0xff1a, 0xff1a, 0xff1a, 0xff1a, 0xff1a, 0xff1a, 0xff1a, 0xff1a, 0xff1a, 0xff1a, 
	0xff1a, 0xff19, 0xff19, 0xff19, 0xff19, 0xff19, 0xff19, 0xff19, 0xff19, 0xff19, 0xff19, 0xff19, 0xff19, 0xff19, 0xff19, 0xff19, 
	0xff19, 0xff19, 0xff19, 0xff19, 0xff19, 0xff19, 0xff19, 0xff19, 0xff1a, 0xff1a, 0xff1a, 0xff1a, 0xff1a, 0xff1a, 0xff1a, 0xff1a, 
	0xff1a, 0xff1a, 0xff1a, 0xff1a, 0xff1a, 0xff1a, 0xff1a, 0xff1a, 0xff1a, 0xff1a, 0xff1a, 0xff1a, 0xff1a, 0xff1a, 0xff3a, 0xff3a, 
	0xff3a, 0xff3a, 0xff3a, 0xff3a, 0xff3a, 0xff3a, 0xff3a, 0xff3a, 0xff3a, 0xff3a, 0xff3a, 0xff3a, 0xff3a, 0xff3a, 0xff3a, 0xff3a, 
	0xff3a, 0xff3a, 0xff3a, 0xff3a, 0xff3a, 0xff3a, 0xff5b, 0xff5b, 0xff5b, 0xff5b, 0xff5b, 0xff5b, 0xff5b, 0xff5b, 0xff5b, 0xff5b, 
	0xff5b, 0xff5b, 0xff5b, 0xff5b, 0xff5b, 0xff5b, 0xff5b, 0xff5b, 0xff5b, 0xff5b, 0xff5b, 0xff5b, 0xff5b, 0xff5b, 0xff5b, 0xff5b, 
	0xff5b, 0xff5b, 0xff5b, 0xff5b, 0xff7b, 0xff7b, 0xff7b, 0xff7b, 0xff7b, 0xff7b, 0xff7b, 0xff7b, 0xff7b, 0xff7b, 0xff7b, 0xff7b, 
	0xff7b, 0xff7b, 0xff7b, 0xff7b, 0xff7b, 0xff7b, 0xff7b, 0xff7b, 0xff7b, 0xff9b, 0xff7b, 0xff9b, 0xff9b, 0xff9b, 0xff9b, 0xff7b, 
	0xff7b, 0xff9b, 0xff9b, 0xff9b, 0xff9b, 0xff9b, 0xff9b, 0xff9b, 0xff9b, 0xff9b, 0xff9b, 0xff9b, 0xff9b, 0xff9b, 0xff9b, 0xff7b, 
	0xb5b9, 0xb5b9, 0xb5b9, 0xb5b9, 0xb5b9, 0xb5b9, 0xb5b9, 0xb5d8, 0xbdd9, 0xbdd8, 0xbdd8, 0xbdd8, 0xbdd8, 0xbdd8, 0xbdd8, 0xbdd8, 
	0xbdd8, 0xbdd8, 0xc5d8, 0xc5f8, 0xc5d8, 0xc5f8, 0xc5f8, 0xc5f8, 0xc5f8, 0xc5f8, 0xc5f8, 0xc5f8, 0xcdf8, 0xcdf8, 0xce18, 0xcdf8, 
	0xce18, 0xce18, 0xce18, 0xce17, 0xce18, 0xd617, 0xd617, 0xd617, 0xd617, 0xd617, 0xd617, 0xd617, 0xd637, 0xde37, 0xde37, 0xde37, 
	0xde37, 0xde37, 0xde37, 0xde37, 0xde37, 0xde37, 0xde37, 0xde37, 0xde37, 0xe637, 0xe657, 0xe657, 0xe657, 0xe657, 0xe657, 0xe657, 
	0xe657, 0xe657, 0xe657, 0xe657, 0xe657, 0xe657, 0xe657, 0xee57, 0xee57, 0xee77, 0xee77, 0xee77, 0xee77, 0xee77, 0xee77, 0xee77, 
	0xee77, 0xee78, 0xee78, 0xee78, 0xee98, 0xee98, 0xee98, 0xee98, 0xee98, 0xee98, 0xee98, 0xee98, 0xee98, 0xee98, 0xee98, 0xee98, 
	0xee98, 0xee98, 0xeeb8, 0xeeb8, 0xeeb8, 0xeeb8, 0xeeb8, 0xeeb8, 0xeeb8, 0xeeb8, 0xeeb8, 0xeeb8, 0xeeb8, 0xeeb9, 0xf6b9, 0xf6b9, 
	0xf6d9, 0xf6d9, 0xf6d9, 0xf6d9, 0xf6d9, 0xf6d9, 0xf6d9, 0xf6d9, 0xf6d9, 0xf6d9, 0xf6d9, 0xf6d9, 0xf6d9, 0xf6d9, 0xf6f9, 0xf6f9, 
	0xf6f9, 0xf6f9, 0xf6f9, 0xf6f9, 0xf6f9, 0xf6f9, 0xf6f9, 0xf6f9, 0xf6fa, 0xf6fa, 0xf6fa, 0xf6fa, 0xf71a, 0xf71a, 0xf71a, 0xf71a, 
	0xf71a, 0xf71a, 0xf71a, 0xf71a, 0xff1a, 0xff1a, 0xff1a, 0xff1a, 0xff1a, 0xff1a, 0xff1a, 0xff1a, 0xff1a, 0xff1a, 0xff1a, 0xff1a, 
	0xff1a, 0xff1a, 0xff1a, 0xff1a, 0xff1a, 0xff1a, 0xff1a, 0xff1a, 0xff1a, 0xff1a, 0xff1a, 0xff1a, 0xff1a, 0xff1a, 0xff1a, 0xff1a, 
	0xff1a, 0xff1a, 0xff1a, 0xff19, 0xff19, 0xff19, 0xff19, 0xff19, 0xff19, 0xff19, 0xff19, 0xff19, 0xff19, 0xff19, 0xff19, 0xff19, 
	0xff19, 0xff19, 0xff19, 0xff19, 0xff19, 0xff19, 0xff19, 0xff1a, 0xff1a, 0xff1a, 0xff1a, 0xff1a, 0xff1a, 0xff1a, 0xff1a, 0xff1a, 
	0xff1a, 0xff1a, 0xff1a, 0xff1a, 0xff1a, 0xff1a, 0xff1a, 0xff1a, 0xff1a, 0xff1a, 0xff1a, 0xff1a, 0xff3a, 0xff3a, 0xff3a, 0xff3a, 
	0xff3a, 0xff3a, 0xff3a, 0xff3a, 0xff3a, 0xff3a, 0xff3a, 0xff3a, 0xff3a, 0xff3a, 0xff3a, 0xff3a, 0xff3a, 0xff3a, 0xff3a, 0xff3a, 
	0xff3a, 0xff3a, 0xff3a, 0xff3a, 0xff5a, 0xff5b, 0xff5b, 0xff5b, 0xff5b, 0xff5b, 0xff5b, 0xff5b, 0xff5b, 0xff5b, 0xff5b, 0xff5b, 
	0xff5b, 0xff5b, 0xff5b, 0xff5b, 0xff5b, 0xff5b, 0xff5b, 0xff5b, 0xff5b, 0xff5b, 0xff5b, 0xff5b, 0xff5b, 0xff5b, 0xff5b, 0xff5b, 
	0xff5b, 0xff7b, 0xff7b, 0xff7b, 0xff7b, 0xff7b, 0xff7b, 0xff7b, 0xff7b, 0xff7b, 0xff7b, 0xff7b, 0xff7b, 0xff7b, 0xff7b, 0xff7b, 
	0xff7b, 0xff7b, 0xff7b, 0xff7b, 0xff7b, 0xff7b, 0xff7b, 0xff7b, 0xff7b, 0xff7b, 0xff9b, 0xff7b, 0xff9b, 0xff7b, 0xff7b, 0xff7b, 
	0xff9b, 0xff9b, 0xff9b, 0xff9b, 0xff9b, 0xff9b, 0xff9b, 0xff9b, 0xff9b, 0xff9b, 0xff7b, 0xff9b, 0xff7b, 0xff7b, 0xff9b, 0xff7b, 
	0xb5b9, 0xb5b9, 0xb5b9, 0xb5b9, 0xb5b9, 0xb5b9, 0xb5b8, 0xb5d8, 0xbdd8, 0xbdd8, 0xbdd8, 0xbdd8, 0xbdd8, 0xbdd8, 0xbdd8, 0xbdd8, 
	0xbdd8, 0xc5d8, 0xc5f8, 0xc5f8, 0xc5f8, 0xc5f8, 0xc5f8, 0xc5f8, 0xc5f8, 0xc5f8, 0xc5f8, 0xcdf8, 0xcdf8, 0xcdf8, 0xce18, 0xcdf8, 
	0xce18, 0xce18, 0xce18, 0xce17, 0xd617, 0xd618, 0xd618, 0xd617, 0xd617, 0xd617, 0xd637, 0xd617, 0xd637, 0xde37, 0xde37, 0xde37, 
	0xde37, 0xde37, 0xde37, 0xde37, 0xde37, 0xde37, 0xde37, 0xe657, 0xe657, 0xe657, 0xe657, 0xe657, 0xe657, 0xe657, 0xe657, 0xe657, 
	0xe657, 0xe657, 0xe657, 0xe657, 0xe657, 0xe657, 0xe657, 0xee57, 0xee77, 0xee77, 0xee77, 0xee77, 0xee77, 0xee77, 0xee77, 0xee77, 
	0xee77, 0xee78, 0xee78, 0xee78, 0xee98, 0xee98, 0xee98, 0xee98, 0xee98, 0xee98, 0xee98, 0xee98, 0xee98, 0xee98, 0xee98, 0xee98, 
	0xee98, 0xee98, 0xeeb8, 0xeeb8, 0xeeb8, 0xeeb8, 0xeeb8, 0xeeb8, 0xeeb8, 0xeeb8, 0xeeb8, 0xeeb8, 0xeeb8, 0xeeb9, 0xf6b9, 0xf6b9, 
	0xf6d9, 0xf6d9, 0xf6d9, 0xf6d9, 0xf6d9, 0xf6d9, 0xf6d9, 0xf6d9, 0xf6d9, 0xf6d9, 0xf6d9, 0xf6d9, 0xf6d9, 0xf6d9, 0xf6f9, 0xf6f9, 
	0xf6f9, 0xf6f9, 0xf6f9, 0xf6f9, 0xf6f9, 0xf6f9, 0xf6f9, 0xf6f9, 0xf6f9, 0xf6fa, 0xf6fa, 0xf6fa, 0xf6fa, 0xf71a, 0xf71a, 0xf71a, 
	0xf71a, 0xf71a, 0xf71a, 0xf71a, 0xf71a, 0xff1a, 0xff1a, 0xff1a, 0xff1a, 0xff1a, 0xff1a, 0xff1a, 0xff1a, 0xff1a, 0xff1a, 0xff1a, 
	0xff1a, 0xff1a, 0xff1a, 0xff1a, 0xff1a, 0xff1a, 0xff1a, 0xff1a, 0xff1a, 0xff1a, 0xff1a, 0xff1a, 0xff1a, 0xff1a, 0xff1a, 0xff19, 
	0xff19, 0xff19, 0xff19, 0xff19, 0xff19, 0xff19, 0xff19, 0xff19, 0xff19, 0xff19, 0xff19, 0xff19, 0xff19, 0xff19, 0xff19, 0xff19, 
	0xff19, 0xff19, 0xff19, 0xff19, 0xff19, 0xff19, 0xff19, 0xff19, 0xff19, 0xff19, 0xff19, 0xff19, 0xff19, 0xff19, 0xff19, 0xff19, 
	0xff19, 0xff19, 0xff19, 0xff19, 0xff19, 0xff1a, 0xff1a, 0xff1a, 0xff1a, 0xff1a, 0xff1a, 0xff1a, 0xff1a, 0xff1a, 0xff1a, 0xff1a, 
	0xff3a, 0xff3a, 0xff3a, 0xff3a, 0xff3a, 0xff3a, 0xff3a, 0xff3a, 0xff3a, 0xff3a, 0xff3a, 0xff3a, 0xff3a, 0xff3a, 0xff3a, 0xff3a, 
	0xff3a, 0xff3a, 0xff3a, 0xff3a, 0xff3a, 0xff3a, 0xff3a, 0xff3b, 0xff5b, 0xff5b, 0xff5b, 0xff5b, 0xff5b, 0xff5b, 0xff5b, 0xff5b, 
	0xff5b, 0xff5b, 0xff5b, 0xff5b, 0xff5b, 0xff5b, 0xff5b, 0xff5b, 0xff5b, 0xff5b, 0xff5b, 0xff5b, 0xff5b, 0xff5b, 0xff5b, 0xff7b, 
	0xff7b, 0xff7b, 0xff7b, 0xff7b, 0xff5b, 0xff7b, 0xff7b, 0xff7b, 0xff7b, 0xff7b, 0xff7b, 0xff7b, 0xff7b, 0xff7b, 0xff7b, 0xff7b, 
	0xff7b, 0xff7b, 0xff7b, 0xff7b, 0xff7b, 0xff7b, 0xff7b, 0xff7b, 0xff7b, 0xff7b, 0xff7b, 0xff9b, 0xff7b, 0xff7b, 0xff7b, 0xff7b, 
	0xff7b, 0xff7b, 0xff7b, 0xff7b, 0xff9b, 0xff9b, 0xff9b, 0xff9b, 0xff9b, 0xff7b, 0xff9b, 0xff7b, 0xff9b, 0xff9b, 0xff7b, 0xff7b, 
	0xb5b9, 0xb5b9, 0xb5b9, 0xb5b9, 0xb5b9, 0xb5b9, 0xb5b8, 0xbdd8, 0xbdd8, 0xbdd8, 0xbdd8, 0xbdd8, 0xbdd8, 0xbdd8, 0xbdd8, 0xbdd8, 
	0xbdd8, 0xc5d8, 0xc5f8, 0xc5f8, 0xc5f8, 0xc5f8, 0xc5f8, 0xc5f8, 0xc5f8, 0xc5f8, 0xcdf8, 0xcdf8, 0xcdf8, 0xce18, 0xce18, 0xce18, 
	0xce18, 0xce18, 0xce18, 0xd618, 0xd617, 0xd617, 0xd618, 0xd618, 0xd617, 0xd617, 0xd637, 0xde38, 0xde38, 0xde37, 0xde37, 0xde37, 
	0xde37, 0xde37, 0xde37, 0xde37, 0xde37, 0xde37, 0xde37, 0xe657, 0xe657, 0xe657, 0xe657, 0xe657, 0xe657, 0xe657, 0xe657, 0xe657, 
	0xe657, 0xe657, 0xe657, 0xe677, 0xee77, 0xee77, 0xee77, 0xee77, 0xee77, 0xee77, 0xee77, 0xee77, 0xee77, 0xee78, 0xee78, 0xee78, 
	0xee78, 0xee78, 0xee78, 0xee98, 0xee98, 0xee98, 0xee98, 0xee98, 0xee98, 0xee98, 0xee98, 0xee98, 0xee98, 0xee98, 0xeeb8, 0xeeb8, 
	0xeeb8, 0xeeb8, 0xeeb8, 0xeeb8, 0xeeb8, 0xf6b8, 0xf6b8, 0xf6b8, 0xf6b8, 0xf6b8, 0xf6b9, 0xf6b9, 0xf6b9, 0xf6d9, 0xf6d9, 0xf6d9, 
	0xf6d9, 0xf6d9, 0xf6d9, 0xf6d9, 0xf6d9, 0xf6d9, 0xf6d9, 0xf6d9, 0xf6d9, 0xf6d9, 0xf6f9, 0xf6f9, 0xf6f9, 0xf6f9, 0xf6f9, 0xf6f9, 
	0xf6f9, 0xf6f9, 0xf6f9, 0xf6f9, 0xf6f9, 0xf6fa, 0xf6f9, 0xf6f9, 0xf6f9, 0xf719, 0xf71a, 0xf71a, 0xf71a, 0xf71a, 0xf71a, 0xf71a, 
	0xf71a, 0xff1a, 0xff1a, 0xff1a, 0xff1a, 0xff1a, 0xff1a, 0xff1a, 0xff1a, 0xff1a, 0xff1a, 0xff1a, 0xff1a, 0xff1a, 0xff1a, 0xff1a, 
	0xff1a, 0xff1a, 0xff1a, 0xff1a, 0xff1a, 0xff1a, 0xff1a, 0xff1a, 0xff1a, 0xff1a, 0xff19, 0xff19, 0xff19, 0xff19, 0xff19, 0xff19, 
	0xff19, 0xff19, 0xff19, 0xff19, 0xff19, 0xff19, 0xff19, 0xff19, 0xff19, 0xff19, 0xff19, 0xff19, 0xff19, 0xff19, 0xff19, 0xff19, 
	0xff19, 0xff19, 0xff19, 0xff19, 0xff19, 0xff19, 0xff19, 0xff19, 0xff19, 0xff19, 0xff19, 0xff19, 0xff19, 0xff19, 0xff19, 0xff19, 
	0xff19, 0xff19, 0xff19, 0xff19, 0xff19, 0xff19, 0xff19, 0xff19, 0xff1a, 0xff1a, 0xff1a, 0xff1a, 0xff1a, 0xff1a, 0xff3a, 0xff3a, 
	0xff3a, 0xff3a, 0xff3a, 0xff3a, 0xff3a, 0xff3a, 0xff3a, 0xff3a, 0xff3a, 0xff3a, 0xff3a, 0xff3a, 0xff3a, 0xff3a, 0xff3a, 0xff3a, 
	0xff3a, 0xff3a, 0xff3a, 0xff3a, 0xff3a, 0xff3a, 0xff5a, 0xff5a, 0xff5a, 0xff5a, 0xff5a, 0xff5b, 0xff5b, 0xff5b, 0xff5b, 0xff5b, 
	0xff5b, 0xff5b, 0xff5b, 0xff5b, 0xff5b, 0xff5b, 0xff5b, 0xff5b, 0xff5b, 0xff5b, 0xff5b, 0xff5b, 0xff5b, 0xff5b, 0xff5b, 0xff5b, 
	0xff5b, 0xff5b, 0xff5b, 0xff7b, 0xff7b, 0xff7b, 0xff7b, 0xff7b, 0xff7b, 0xff7b, 0xff7b, 0xff7b, 0xff7b, 0xff7b, 0xff7b, 0xff7b, 
	0xff7b, 0xff7b, 0xff7b, 0xff7b, 0xff7b, 0xff7b, 0xff7b, 0xff7b, 0xff7b, 0xff7b, 0xff7b, 0xff7b, 0xff9b, 0xff9b, 0xff7b, 0xff7b, 
	0xff7b, 0xff7b, 0xff7b, 0xff9b, 0xff9b, 0xff7b, 0xff9b, 0xff9b, 0xff9b, 0xff7b, 0xff9b, 0xff9b, 0xff9b, 0xff9b, 0xff9b, 0xff7b, 
	0xb5b9, 0xb5b9, 0xb5b9, 0xb5b9, 0xb5d9, 0xb5b9, 0xbdd9, 0xbdd8, 0xbdd8, 0xbdd8, 0xbdd8, 0xbdd8, 0xbdd8, 0xbdd8, 0xbdd8, 0xbdd8, 
	0xbdd8, 0xc5d8, 0xc5f8, 0xc5f8, 0xc5f8, 0xc5f8, 0xc5f8, 0xc5f8, 0xc5f8, 0xcdf8, 0xcdf8, 0xcdf8, 0xcdf8, 0xce18, 0xce18, 0xce18, 
	0xce18, 0xce18, 0xd618, 0xd618, 0xd618, 0xd617, 0xd618, 0xd618, 0xd638, 0xd637, 0xd637, 0xde37, 0xde38, 0xde38, 0xde38, 0xde37, 
	0xde37, 0xde37, 0xde37, 0xde37, 0xde57, 0xde57, 0xe657, 0xe657, 0xe657, 0xe657, 0xe657, 0xe657, 0xe657, 0xe657, 0xe657, 0xe657, 
	0xe657, 0xe657, 0xe657, 0xee77, 0xee77, 0xee77, 0xee77, 0xee77, 0xee77, 0xee77, 0xee77, 0xee77, 0xee78, 0xee78, 0xee78, 0xee78, 
	0xee78, 0xee78, 0xee78, 0xee98, 0xee98, 0xee98, 0xee98, 0xee98, 0xee98, 0xee98, 0xee98, 0xee98, 0xee98, 0xee98, 0xeeb8, 0xeeb8, 
	0xeeb8, 0xeeb8, 0xeeb8, 0xeeb8, 0xeeb8, 0xf6b8, 0xf6b8, 0xf6b8, 0xf6b8, 0xf6b8, 0xf6b9, 0xf6b9, 0xf6d9, 0xf6d9, 0xf6d9, 0xf6d9, 
	0xf6d9, 0xf6d9, 0xf6d9, 0xf6d9, 0xf6d9, 0xf6d9, 0xf6d9, 0xf6d9, 0xf6d9, 0xf6d9, 0xf6f9, 0xf6f9, 0xf6f9, 0xf6f9, 0xf6f9, 0xf6f9, 
	0xf6f9, 0xf6f9, 0xf6f9, 0xf6f9, 0xf6f9, 0xf6f9, 0xf6f9, 0xf6f9, 0xf6f9, 0xf6f9, 0xf719, 0xf719, 0xf71a, 0xf71a, 0xf71a, 0xf71a, 
	0xf71a, 0xff1a, 0xff1a, 0xff1a, 0xff1a, 0xff1a, 0xff1a, 0xff1a, 0xff1a, 0xff1a, 0xff1a, 0xff1a, 0xff1a, 0xff1a, 0xff1a, 0xff1a, 
	0xff1a, 0xff1a, 0xff1a, 0xff1a, 0xff1a, 0xff1a, 0xff1a, 0xff19, 0xff19, 0xff19, 0xff19, 0xff19, 0xff19, 0xff19, 0xff19, 0xff19, 
	0xff19, 0xff19, 0xff19, 0xff19, 0xff19, 0xff19, 0xff19, 0xff19, 0xff19, 0xff19, 0xff19, 0xff19, 0xff19, 0xff19, 0xff19, 0xff19, 
	0xff19, 0xff19, 0xff19, 0xff19, 0xff19, 0xff19, 0xff19, 0xff19, 0xff19, 0xff19, 0xff19, 0xff19, 0xff19, 0xff19, 0xff19, 0xff19, 
	0xff19, 0xff19, 0xff19, 0xff19, 0xff19, 0xff19, 0xff19, 0xff19, 0xff19, 0xff19, 0xff1a, 0xff1a, 0xff1a, 0xff1a, 0xff1a, 0xff1a, 
	0xff1a, 0xff3a, 0xff3a, 0xff3a, 0xff3a, 0xff3a, 0xff3a, 0xff3a, 0xff3a, 0xff3a, 0xff3a, 0xff3a, 0xff3a, 0xff3a, 0xff3a, 0xff3a, 
	0xff3a, 0xff3a, 0xff3a, 0xff3a, 0xff3a, 0xff3a, 0xff3a, 0xff3a, 0xff5a, 0xff5a, 0xff5a, 0xff5a, 0xff5a, 0xff5b, 0xff5b, 0xff5b, 
	0xff5b, 0xff5b, 0xff5b, 0xff5b, 0xff5b, 0xff5b, 0xff5b, 0xff5b, 0xff5b, 0xff5b, 0xff5b, 0xff5b, 0xff5b, 0xff5b, 0xff5b, 0xff5b, 
	0xff5b, 0xff7b, 0xff7b, 0xff7b, 0xff7b, 0xff7b, 0xff5b, 0xff7b, 0xff7b, 0xff7b, 0xff7b, 0xff7b, 0xff7b, 0xff7b, 0xff7b, 0xff7b, 
	0xff7b, 0xff7b, 0xff7b, 0xff7b, 0xff7b, 0xff7b, 0xff7b, 0xff7b, 0xff7b, 0xff7b, 0xff7b, 0xff7b, 0xff7b, 0xff7b, 0xff7b, 0xff7b, 
	0xff7b, 0xff9b, 0xff9b, 0xff9b, 0xff9b, 0xff9b, 0xff9b, 0xff9b, 0xff9b, 0xff9b, 0xff7b, 0xff9b, 0xff7b, 0xff7b, 0xff9b, 0xff7b, 
	0xb5b9, 0xb5b8, 0xb5b9, 0xb5b8, 0xb5d8, 0xb5b8, 0xbdd8, 0xbdd8, 0xbdd8, 0xbdd8, 0xbdd8, 0xbdd8, 0xbdd8, 0xbdd8, 0xbdd8, 0xbdf8, 
	0xc5f8, 0xc5d8, 0xc5f8, 0xc5f8, 0xc5f8, 0xc5f8, 0xc5f8, 0xc5f8, 0xcdf8, 0xcdf8, 0xcdf8, 0xcdf8, 0xcdf8, 0xce18, 0xce18, 0xce18, 
	0xce18, 0xce18, 0xd618, 0xd618, 0xd618, 0xd618, 0xd618, 0xd638, 0xd638, 0xd638, 0xd638, 0xde37, 0xde37, 0xde38, 0xde38, 0xde38, 
	0xde38, 0xde38, 0xde37, 0xde37, 0xde57, 0xe657, 0xe657, 0xe657, 0xe657, 0xe657, 0xe657, 0xe657, 0xe657, 0xe657, 0xe657, 0xe657, 
	0xe657, 0xe657, 0xe677, 0xee77, 0xee77, 0xee77, 0xee77, 0xee77, 0xee77, 0xee77, 0xee77, 0xee77, 0xee78, 0xee78, 0xee78, 0xee78, 
	0xee78, 0xee78, 0xee98, 0xee98, 0xee98, 0xee98, 0xee98, 0xee98, 0xee98, 0xee98, 0xee98, 0xee98, 0xee98, 0xeeb8, 0xeeb8, 0xeeb8, 
	0xeeb8, 0xeeb8, 0xeeb8, 0xeeb8, 0xf6b8, 0xf6b8, 0xf6b8, 0xf6b8, 0xf6b8, 0xf6b9, 0xf6b9, 0xf6b9, 0xf6d9, 0xf6d9, 0xf6d9, 0xf6d9, 
	0xf6d9, 0xf6d9, 0xf6d9, 0xf6d9, 0xf6d9, 0xf6d9, 0xf6d9, 0xf6d9, 0xf6d9, 0xf6d9, 0xf6f9, 0xf6f9, 0xf6f9, 0xf6f9, 0xf6f9, 0xf6f9, 
	0xf6f9, 0xf6f9, 0xf6f9, 0xf6f9, 0xf6f9, 0xf6f9, 0xf6f9, 0xf6f9, 0xf6f9, 0xf6f9, 0xf6f9, 0xf719, 0xf719, 0xf719, 0xf719, 0xf71a, 
	0xf71a, 0xf71a, 0xff1a, 0xff1a, 0xff1a, 0xff1a, 0xff1a, 0xff1a, 0xff1a, 0xff1a, 0xff1a, 0xff1a, 0xff1a, 0xff1a, 0xff1a, 0xff19, 
	0xff19, 0xff19, 0xff19, 0xff19, 0xff19, 0xff19, 0xff19, 0xff19, 0xff19, 0xff19, 0xff19, 0xff19, 0xff19, 0xff19, 0xff19, 0xff19, 
	0xff19, 0xff19, 0xff19, 0xff19, 0xff19, 0xff19, 0xff19, 0xff19, 0xff19, 0xff19, 0xff19, 0xff19, 0xff19, 0xff19, 0xff19, 0xff19, 
	0xff19, 0xff19, 0xff19, 0xff19, 0xff19, 0xff19, 0xff19, 0xff19, 0xff19, 0xff19, 0xff19, 0xff19, 0xff19, 0xff19, 0xff19, 0xff19, 
	0xff19, 0xff19, 0xff19, 0xff19, 0xff19, 0xff19, 0xff19, 0xff19, 0xff19, 0xff19, 0xff19, 0xff19, 0xff19, 0xff19, 0xff1a, 0xff1a, 
	0xff1a, 0xff1a, 0xff1a, 0xff1a, 0xff1a, 0xff1a, 0xff3a, 0xff3a, 0xff3a, 0xff3a, 0xff3a, 0xff3a, 0xff3a, 0xff3a, 0xff3a, 0xff3a, 
	0xff3a, 0xff3a, 0xff3a, 0xff3a, 0xff3a, 0xff3a, 0xff3a, 0xff3a, 0xff3a, 0xff3a, 0xff3a, 0xff5a, 0xff5a, 0xff5a, 0xff5a, 0xff5a, 
	0xff5a, 0xff5b, 0xff5b, 0xff5b, 0xff5b, 0xff5b, 0xff5b, 0xff5b, 0xff5b, 0xff5b, 0xff5b, 0xff5b, 0xff5b, 0xff5b, 0xff5b, 0xff5b, 
	0xff5b, 0xff5b, 0xff5b, 0xff5b, 0xff5b, 0xff7b, 0xff7b, 0xff7b, 0xff7b, 0xff7b, 0xff7b, 0xff7b, 0xff7b, 0xff7b, 0xff7b, 0xff7b, 
	0xff7b, 0xff7b, 0xff7b, 0xff7b, 0xff7b, 0xff7b, 0xff7b, 0xff7b, 0xff7b, 0xff7b, 0xff7b, 0xff7b, 0xff7b, 0xff7b, 0xff7b, 0xff7b, 
	0xff7b, 0xff7b, 0xff7b, 0xff7b, 0xff7b, 0xff9b, 0xff7b, 0xff9b, 0xff7b, 0xff7b, 0xff7b, 0xff7b, 0xff7b, 0xff7b, 0xff7b, 0xff7b, 
	0xb5b9, 0xb5b8, 0xb5b9, 0xb5b9, 0xb5d8, 0xbdd9, 0xbdd8, 0xbdd8, 0xbdd8, 0xbdd8, 0xbdd8, 0xbdd8, 0xbdd8, 0xbdd8, 0xbdd8, 0xbdf8, 
	0xc5f8, 0xc5f8, 0xc5f8, 0xc5f8, 0xc5f8, 0xc5f8, 0xc5f8, 0xc5f8, 0xcdf8, 0xcdf8, 0xce18, 0xce18, 0xcdf8, 0xce18, 0xce18, 0xce18, 
	0xce18, 0xd618, 0xd618, 0xd618, 0xd618, 0xd618, 0xd618, 0xd638, 0xd638, 0xd638, 0xd638, 0xde38, 0xde37, 0xde37, 0xde38, 0xde38, 
	0xde38, 0xde58, 0xde58, 0xde58, 0xde57, 0xe657, 0xe657, 0xe657, 0xe657, 0xe657, 0xe657, 0xe658, 0xe657, 0xe657, 0xe657, 0xe657, 
	0xe657, 0xe677, 0xe677, 0xee77, 0xee77, 0xee77, 0xee77, 0xee77, 0xee77, 0xee78, 0xee78, 0xee78, 0xee78, 0xee78, 0xee78, 0xee78, 
	0xee78, 0xee98, 0xee98, 0xee98, 0xee98, 0xee98, 0xee98, 0xee98, 0xee98, 0xee98, 0xee98, 0xee98, 0xee98, 0xeeb8, 0xeeb8, 0xeeb8, 
	0xeeb8, 0xeeb8, 0xeeb8, 0xf6b8, 0xf6b8, 0xf6b8, 0xf6b8, 0xf6b8, 0xf6b8, 0xf6b9, 0xf6b9, 0xf6b9, 0xf6d9, 0xf6d9, 0xf6d9, 0xf6d9, 
	0xf6d9, 0xf6d9, 0xf6d9, 0xf6d9, 0xf6d9, 0xf6d9, 0xf6d9, 0xf6d9, 0xf6d9, 0xf6d9, 0xf6f9, 0xf6f9, 0xf6f9, 0xf6f9, 0xf6f9, 0xf6f9, 
	0xf6f9, 0xf6f9, 0xf6f9, 0xf6f9, 0xf6f9, 0xf6f9, 0xf6f9, 0xf6f9, 0xf6f9, 0xf6f9, 0xf6f9, 0xf719, 0xf719, 0xf719, 0xf719, 0xf719, 
	0xf719, 0xf719, 0xf719, 0xff1a, 0xff1a, 0xff1a, 0xff19, 0xff19, 0xff19, 0xff19, 0xff19, 0xff19, 0xff19, 0xff19, 0xff19, 0xff19, 
	0xff19, 0xff19, 0xff19, 0xff19, 0xff19, 0xff19, 0xff19, 0xff19, 0xff19, 0xff19, 0xff19, 0xff19, 0xff19, 0xff19, 0xff19, 0xff19, 
	0xff19, 0xff19, 0xff19, 0xff19, 0xff19, 0xff19, 0xff19, 0xff19, 0xff19, 0xff19, 0xff19, 0xff19, 0xff19, 0xff19, 0xff19, 0xff19, 
	0xff19, 0xff19, 0xff19, 0xff19, 0xff19, 0xff19, 0xff19, 0xff19, 0xff19, 0xff19, 0xff19, 0xff19, 0xff19, 0xff19, 0xff19, 0xff19, 
	0xff19, 0xff19, 0xff19, 0xff19, 0xff19, 0xff19, 0xff19, 0xff19, 0xff19, 0xff19, 0xff19, 0xff19, 0xff19, 0xff19, 0xff19, 0xff19, 
	0xff19, 0xff1a, 0xff1a, 0xff1a, 0xff1a, 0xff1a, 0xff1a, 0xff1a, 0xff3a, 0xff3a, 0xff3a, 0xff3a, 0xff3a, 0xff3a, 0xff3a, 0xff3a, 
	0xff3a, 0xff3a, 0xff3a, 0xff3a, 0xff3a, 0xff3a, 0xff3a, 0xff3a, 0xff3a, 0xff3a, 0xff3a, 0xff3a, 0xff3a, 0xff3a, 0xff5a, 0xff5a, 
	0xff5a, 0xff5a, 0xff5a, 0xff5b, 0xff5b, 0xff5b, 0xff5b, 0xff5b, 0xff5b, 0xff5b, 0xff5b, 0xff5b, 0xff5b, 0xff5b, 0xff5b, 0xff5b, 
	0xff5b, 0xff5b, 0xff5b, 0xff5b, 0xff7b, 0xff7b, 0xff7b, 0xff5b, 0xff7b, 0xff7b, 0xff7b, 0xff7b, 0xff7b, 0xff7b, 0xff7b, 0xff7b, 
	0xff7b, 0xff7b, 0xff7b, 0xff7b, 0xff7b, 0xff7b, 0xff7b, 0xff7b, 0xff7b, 0xff7b, 0xff7b, 0xff7b, 0xff7b, 0xff7b, 0xff7b, 0xff7b, 
	0xff7b, 0xff7b, 0xff7b, 0xff7b, 0xff7b, 0xff7b, 0xff9b, 0xff9b, 0xff7b, 0xff7b, 0xff9b, 0xff7b, 0xff9b, 0xff9b, 0xff7b, 0xff7b, 
	0xb5b8, 0xb5b9, 0xb5b9, 0xb5b9, 0xb5d8, 0xbdd9, 0xbdd8, 0xbdd8, 0xbdd8, 0xbdd8, 0xbdd8, 0xbdd8, 0xbdd8, 0xbdf8, 0xbdd8, 0xc5f8, 
	0xc5f8, 0xc5f8, 0xc5f8, 0xc5f8, 0xc5f8, 0xc5f8, 0xc5f8, 0xc5f8, 0xcdf8, 0xcdf8, 0xce18, 0xce18, 0xce18, 0xce18, 0xce18, 0xce18, 
	0xd618, 0xd618, 0xd618, 0xd618, 0xd618, 0xd638, 0xd618, 0xd638, 0xd638, 0xd638, 0xde38, 0xde38, 0xde38, 0xde38, 0xde38, 0xde38, 
	0xde38, 0xde58, 0xde58, 0xe658, 0xe658, 0xe658, 0xe658, 0xe657, 0xe657, 0xe657, 0xe658, 0xe658, 0xe658, 0xe678, 0xe678, 0xe678, 
	0xe678, 0xee78, 0xee78, 0xee78, 0xee78, 0xee78, 0xee78, 0xee78, 0xee78, 0xee78, 0xee78, 0xee78, 0xee98, 0xee98, 0xee98, 0xee98, 
	0xee98, 0xee98, 0xee98, 0xee98, 0xee98, 0xee98, 0xee98, 0xee98, 0xee98, 0xee98, 0xee98, 0xf698, 0xf6b8, 0xf6b8, 0xf6b8, 0xf6b8, 
	0xf6b8, 0xf6b8, 0xf6b8, 0xf6b8, 0xf6b8, 0xf6b8, 0xf6b9, 0xf6b9, 0xf6b8, 0xf6d9, 0xf6d9, 0xf6d9, 0xf6d9, 0xf6d9, 0xf6d9, 0xf6d9, 
	0xf6d9, 0xf6d9, 0xf6d9, 0xf6d9, 0xf6d9, 0xf6d9, 0xf6f9, 0xf6f9, 0xf6f9, 0xf6f9, 0xf6f9, 0xf6f9, 0xf6f9, 0xf6f9, 0xf6f9, 0xf6f9, 
	0xf6f9, 0xf6f9, 0xf6f9, 0xf6f9, 0xf6f9, 0xf6f9, 0xf6f9, 0xf6f9, 0xf719, 0xf719, 0xf71a, 0xf71a, 0xf71a, 0xf71a, 0xf71a, 0xf71a, 
	0xf71a, 0xf71a, 0xf71a, 0xf71a, 0xff1a, 0xff1a, 0xff1a, 0xff1a, 0xff1a, 0xff1a, 0xff1a, 0xff1a, 0xff1a, 0xff1a, 0xff19, 0xff19, 
	0xff19, 0xff19, 0xff19, 0xff19, 0xff19, 0xff19, 0xff19, 0xff19, 0xff19, 0xff19, 0xff19, 0xff19, 0xff19, 0xff19, 0xff19, 0xff19, 
	0xff19, 0xff19, 0xff19, 0xff19, 0xff19, 0xff19, 0xff19, 0xff19, 0xff19, 0xff19, 0xff19, 0xff19, 0xff19, 0xff19, 0xff19, 0xff19, 
	0xff19, 0xff19, 0xff19, 0xff19, 0xff19, 0xff19, 0xff19, 0xff19, 0xff19, 0xff19, 0xff19, 0xff19, 0xff19, 0xff19, 0xff19, 0xff19, 
	0xff19, 0xff19, 0xff19, 0xff19, 0xff19, 0xff19, 0xff19, 0xff19, 0xff19, 0xff19, 0xff19, 0xff19, 0xff19, 0xff19, 0xff19, 0xff19, 
	0xff1a, 0xff1a, 0xff1a, 0xff1a, 0xff1a, 0xff1a, 0xff3a, 0xff3a, 0xff3a, 0xff3a, 0xff3a, 0xff3a, 0xff3a, 0xff3a, 0xff3a, 0xff3a, 
	0xff3a, 0xff3a, 0xff3a, 0xff3a, 0xff3a, 0xff3a, 0xff3a, 0xff3a, 0xff3a, 0xff3a, 0xff3a, 0xff5a, 0xff5a, 0xff5a, 0xff5a, 0xff5a, 
	0xff5a, 0xff5a, 0xff5b, 0xff5b, 0xff5b, 0xff5b, 0xff5b, 0xff5b, 0xff5b, 0xff5b, 0xff5b, 0xff5b, 0xff5b, 0xff5b, 0xff5b, 0xff5b, 
	0xff5b, 0xff5b, 0xff5b, 0xff5b, 0xff5b, 0xff5b, 0xff7b, 0xff7b, 0xff7b, 0xff7b, 0xff7b, 0xff7b, 0xff7b, 0xff7b, 0xff7b, 0xff7b, 
	0xff7b, 0xff7b, 0xff7b, 0xff7b, 0xff7b, 0xff7b, 0xff7b, 0xff7b, 0xff7b, 0xff7b, 0xff7b, 0xff7b, 0xff7b, 0xff7b, 0xff7b, 0xff7b, 
	0xff7b, 0xff7b, 0xff7b, 0xff7b, 0xff9b, 0xff7b, 0xff9b, 0xff9b, 0xff7b, 0xff7b, 0xff7b, 0xff7b, 0xff7b, 0xff7b, 0xff7b, 0xff7b, 
	0xb5b9, 0xb5b8, 0xb5b9, 0xb5b8, 0xb5d8, 0xbdd8, 0xbdd8, 0xbdd8, 0xbdd8, 0xbdd8, 0xbdd8, 0xbdd8, 0xbdd8, 0xbdf8, 0xc5f8, 0xc5f8, 
	0xc5f8, 0xc5f8, 0xc5f8, 0xc5f8, 0xc5f8, 0xc5f8, 0xc5f8, 0xc5f8, 0xce18, 0xce18, 0xce18, 0xce18, 0xce18, 0xce18, 0xce18, 0xce18, 
	0xd618, 0xd618, 0xd618, 0xd618, 0xd618, 0xd638, 0xd638, 0xd638, 0xd638, 0xde38, 0xde38, 0xde38, 0xde38, 0xde38, 0xde58, 0xde58, 
	0xde58, 0xde58, 0xde58, 0xe658, 0xe658, 0xe658, 0xe658, 0xe658, 0xe658, 0xe658, 0xe658, 0xe658, 0xe678, 0xe678, 0xe678, 0xe678, 
	0xee78, 0xee78, 0xee78, 0xee78, 0xee78, 0xee78, 0xee78, 0xee78, 0xee78, 0xee78, 0xee78, 0xee78, 0xee98, 0xee98, 0xee98, 0xee98, 
	0xee98, 0xee98, 0xee98, 0xee98, 0xee98, 0xee98, 0xee98, 0xee98, 0xee98, 0xee98, 0xf698, 0xf698, 0xf6b8, 0xf6b8, 0xf6b8, 0xf6b8, 
	0xf6b8, 0xf6b8, 0xf6b8, 0xf6b8, 0xf6b8, 0xf6b8, 0xf6b8, 0xf6b8, 0xf6b8, 0xf6d9, 0xf6d9, 0xf6d9, 0xf6d9, 0xf6d9, 0xf6d9, 0xf6d9, 
	0xf6d9, 0xf6d9, 0xf6d9, 0xf6d9, 0xf6d9, 0xf6d9, 0xf6f9, 0xf6f9, 0xf6f9, 0xf6f9, 0xf6f9, 0xf6f9, 0xf6f9, 0xf6f9, 0xf6f9, 0xf6f9, 
	0xf6f9, 0xf6f9, 0xf6f9, 0xf6f9, 0xf6f9, 0xf6f9, 0xf6f9, 0xf6f9, 0xf6f9, 0xf719, 0xf719, 0xf71a, 0xf71a, 0xf71a, 0xf71a, 0xf71a, 
	0xf71a, 0xf71a, 0xf71a, 0xf71a, 0xf71a, 0xff1a, 0xff1a, 0xff1a, 0xff19, 0xff19, 0xff19, 0xff19, 0xff19, 0xff19, 0xff19, 0xff19, 
	0xff19, 0xff19, 0xff19, 0xff19, 0xff19, 0xff19, 0xff19, 0xff19, 0xff19, 0xff19, 0xff19, 0xff19, 0xff19, 0xff19, 0xff19, 0xff19, 
	0xff19, 0xff19, 0xff19, 0xff19, 0xff19, 0xff19, 0xff19, 0xff19, 0xff19, 0xff19, 0xff19, 0xfef9, 0xfef9, 0xfef9, 0xfef9, 0xfef9, 
	0xfef9, 0xfef9, 0xfef9, 0xfef9, 0xfef9, 0xfef9, 0xfef9, 0xfef9, 0xfef9, 0xfef9, 0xfef9, 0xfef9, 0xff19, 0xff19, 0xff19, 0xff19, 
	0xff19, 0xff19, 0xff19, 0xff19, 0xff19, 0xff19, 0xff19, 0xff19, 0xff19, 0xff19, 0xff19, 0xff19, 0xff19, 0xff19, 0xff19, 0xff19, 
	0xff19, 0xff19, 0xff19, 0xff1a, 0xff1a, 0xff1a, 0xff1a, 0xff1a, 0xff1a, 0xff3a, 0xff3a, 0xff3a, 0xff3a, 0xff3a, 0xff3a, 0xff3a, 
	0xff3a, 0xff3a, 0xff3a, 0xff3a, 0xff3a, 0xff3a, 0xff3a, 0xff3a, 0xff3a, 0xff3a, 0xff3a, 0xff3a, 0xff3a, 0xff3a, 0xff5a, 0xff5a, 
	0xff5a, 0xff5a, 0xff5a, 0xff5a, 0xff5b, 0xff5b, 0xff5b, 0xff5b, 0xff5b, 0xff5b, 0xff5b, 0xff5b, 0xff5b, 0xff5b, 0xff5b, 0xff5b, 
	0xff5b, 0xff5b, 0xff5b, 0xff5b, 0xff5b, 0xff7b, 0xff7b, 0xff7b, 0xff5b, 0xff7b, 0xff7b, 0xff7b, 0xff7b, 0xff7b, 0xff7b, 0xff7b, 
	0xff7b, 0xff7b, 0xff7b, 0xff7b, 0xff7b, 0xff7b, 0xff7b, 0xff7b, 0xff7b, 0xff7b, 0xff7b, 0xff7b, 0xff7b, 0xff7b, 0xff7b, 0xff7b, 
	0xff7b, 0xff7b, 0xff7b, 0xff7b, 0xff7b, 0xff9b, 0xff7b, 0xff9b, 0xff7b, 0xff7b, 0xff7b, 0xff7b, 0xff7b, 0xff7b, 0xff7b, 0xff7b, 
	0xb5b8, 0xb5b8, 0xb5b8, 0xb5b8, 0xb5d8, 0xbdd8, 0xbdd8, 0xbdd8, 0xbdd8, 0xbdd8, 0xbdd8, 0xbdd8, 0xbdd8, 0xbdf8, 0xc5f8, 0xc5f8, 
	0xc5f8, 0xc5f8, 0xc5f8, 0xc5f8, 0xc5f8, 0xc5f8, 0xc5f8, 0xcdf8, 0xce18, 0xce18, 0xce18, 0xce18, 0xce18, 0xce18, 0xce18, 0xce18, 
	0xd618, 0xd618, 0xd618, 0xd638, 0xd618, 0xd638, 0xd638, 0xd638, 0xd638, 0xde38, 0xde38, 0xde38, 0xde58, 0xde38, 0xde58, 0xde58, 
	0xde58, 0xde58, 0xe658, 0xe658, 0xe658, 0xe658, 0xe658, 0xe658, 0xe658, 0xe678, 0xe678, 0xe678, 0xe678, 0xe678, 0xee78, 0xee78, 
	0xee78, 0xee78, 0xee78, 0xee78, 0xee78, 0xee78, 0xee78, 0xee98, 0xee98, 0xee98, 0xee98, 0xee98, 0xee98, 0xee98, 0xee98, 0xee98, 
	0xee98, 0xee98, 0xee98, 0xf698, 0xf698, 0xf698, 0xf698, 0xf6b8, 0xf6b8, 0xf6b8, 0xf6b8, 0xf6b8, 0xf6b8, 0xf6b8, 0xf6b8, 0xf6b8, 
	0xf6b8, 0xf6b8, 0xf6b8, 0xf6b8, 0xf6b8, 0xf6b8, 0xf6b9, 0xf6d9, 0xf6d9, 0xf6d9, 0xf6d9, 0xf6d9, 0xf6d9, 0xf6d9, 0xf6d9, 0xf6d9, 
	0xf6d9, 0xf6d9, 0xf6d9, 0xf6d9, 0xf6d9, 0xf6d9, 0xf6f9, 0xf6f9, 0xf6f9, 0xf6f9, 0xf6f9, 0xf6f9, 0xf6f9, 0xf6f9, 0xf6f9, 0xf6f9, 
	0xf6f9, 0xf6f9, 0xf6f9, 0xf6f9, 0xf6f9, 0xf719, 0xf71a, 0xf71a, 0xf71a, 0xf71a, 0xf71a, 0xf71a, 0xf71a, 0xf71a, 0xf71a, 0xff1a, 
	0xff1a, 0xff1a, 0xff1a, 0xff1a, 0xff1a, 0xff1a, 0xff1a, 0xff1a, 0xff1a, 0xff1a, 0xff1a, 0xff1a, 0xff1a, 0xff19, 0xff19, 0xff19, 
	0xff19, 0xff19, 0xff19, 0xff19, 0xff19, 0xff19, 0xff19, 0xff19, 0xff19, 0xff19, 0xff19, 0xff19, 0xff19, 0xff19, 0xff19, 0xff19, 
	0xff19, 0xff19, 0xff19, 0xff19, 0xff19, 0xff19, 0xff19, 0xff19, 0xff19, 0xff19, 0xff19, 0xff19, 0xff19, 0xff19, 0xff19, 0xff19, 
	0xff19, 0xff19, 0xff19, 0xff19, 0xff19, 0xff19, 0xff19, 0xff19, 0xff19, 0xff19, 0xff19, 0xff19, 0xff19, 0xff19, 0xff19, 0xff19, 
	0xff19, 0xff19, 0xff19, 0xff19, 0xff19, 0xff19, 0xff19, 0xff19, 0xff19, 0xff19, 0xff19, 0xff19, 0xff19, 0xff19, 0xff19, 0xff19, 
	0xff19, 0xff19, 0xff19, 0xff1a, 0xff1a, 0xff1a, 0xff1a, 0xff3a, 0xff3a, 0xff3a, 0xff3a, 0xff3a, 0xff3a, 0xff3a, 0xff3a, 0xff3a, 
	0xff3a, 0xff3a, 0xff3a, 0xff3a, 0xff3a, 0xff3a, 0xff3a, 0xff3a, 0xff3a, 0xff3a, 0xff3a, 0xff3a, 0xff5a, 0xff5a, 0xff5a, 0xff5a, 
	0xff5a, 0xff5a, 0xff5a, 0xff5b, 0xff5b, 0xff5b, 0xff5b, 0xff5b, 0xff5b, 0xff5b, 0xff5b, 0xff5b, 0xff5b, 0xff5b, 0xff5b, 0xff5b, 
	0xff5b, 0xff5b, 0xff5b, 0xff5b, 0xff5b, 0xff5b, 0xff5b, 0xff5b, 0xff7b, 0xff7b, 0xff7b, 0xff7b, 0xff7b, 0xff7b, 0xff7b, 0xff7b, 
	0xff7b, 0xff7b, 0xff7b, 0xff7b, 0xff7b, 0xff7b, 0xff7b, 0xff7b, 0xff7b, 0xff7b, 0xff7b, 0xff7b, 0xff7b, 0xff7b, 0xff7b, 0xff7b, 
	0xff7b, 0xff7b, 0xff7b, 0xff7b, 0xff7b, 0xff7b, 0xff7b, 0xff7b, 0xff7b, 0xff7b, 0xff7b, 0xff7b, 0xff7b, 0xff7b, 0xff7b, 0xff7b, 
	0xb5b8, 0xb5b8, 0xb5b8, 0xbdd8, 0xbdd8, 0xbdd8, 0xbdd8, 0xbdd8, 0xbdd8, 0xbdd8, 0xbdd8, 0xbdd8, 0xbdd8, 0xc5f8, 0xc5f8, 0xc5f8, 
	0xc5f8, 0xc5f8, 0xc5f8, 0xc5f8, 0xc5f8, 0xc5f8, 0xc5f8, 0xcdf8, 0xce18, 0xce18, 0xce18, 0xce18, 0xce18, 0xce18, 0xce18, 0xd618, 
	0xd618, 0xd618, 0xd638, 0xd638, 0xd638, 0xd638, 0xd638, 0xd638, 0xde38, 0xde38, 0xde38, 0xde58, 0xde58, 0xde58, 0xde58, 0xde58, 
	0xde58, 0xe658, 0xe658, 0xe658, 0xe658, 0xe658, 0xe658, 0xe658, 0xe658, 0xe678, 0xe678, 0xe678, 0xe678, 0xee78, 0xee78, 0xee78, 
	0xee78, 0xee78, 0xee78, 0xee78, 0xee78, 0xee78, 0xee78, 0xee98, 0xee98, 0xee98, 0xee98, 0xee98, 0xee98, 0xee98, 0xee98, 0xee98, 
	0xee98, 0xee98, 0xee98, 0xf698, 0xf698, 0xf698, 0xf6b8, 0xf6b8, 0xf6b8, 0xf6b8, 0xf6b8, 0xf6b8, 0xf6b8, 0xf6b8, 0xf6b8, 0xf6b8, 
	0xf6b8, 0xf6b8, 0xf6b8, 0xf6b8, 0xf6b8, 0xf6b8, 0xf6d9, 0xf6d9, 0xf6d9, 0xf6d9, 0xf6d9, 0xf6d9, 0xf6d9, 0xf6d9, 0xf6d9, 0xf6d9, 
	0xf6d9, 0xf6d9, 0xf6d9, 0xf6d9, 0xf6d9, 0xf6d9, 0xf6f9, 0xf6f9, 0xf6f9, 0xf6f9, 0xf6f9, 0xf6f9, 0xf6f9, 0xf6f9, 0xf6f9, 0xf6f9, 
	0xf6f9, 0xf6f9, 0xf6f9, 0xf6f9, 0xf6f9, 0xf6f9, 0xf719, 0xf71a, 0xf71a, 0xf71a, 0xf71a, 0xf71a, 0xf71a, 0xf71a, 0xf71a, 0xf71a, 
	0xff1a, 0xff1a, 0xff1a, 0xff1a, 0xff1a, 0xff1a, 0xff1a, 0xff1a, 0xff1a, 0xff1a, 0xff19, 0xff19, 0xff19, 0xff19, 0xff19, 0xff19, 
	0xff19, 0xff19, 0xff19, 0xff19, 0xff19, 0xff19, 0xff19, 0xff19, 0xff19, 0xff19, 0xff19, 0xff19, 0xff19, 0xff19, 0xff19, 0xff19, 
	0xff19, 0xff19, 0xff19, 0xff19, 0xff19, 0xff19, 0xff19, 0xff19, 0xff19, 0xff19, 0xff19, 0xfef9, 0xfef9, 0xfef9, 0xfef9, 0xfef9, 
	0xfef9, 0xfef9, 0xfef9, 0xfef9, 0xfef9, 0xfef9, 0xfef9, 0xfef9, 0xfef9, 0xfef9, 0xfef9, 0xfef9, 0xfef9, 0xff19, 0xff19, 0xff19, 
	0xff19, 0xff19, 0xff19, 0xff19, 0xff19, 0xff19, 0xff19, 0xff19, 0xff19, 0xff19, 0xff19, 0xff19, 0xff19, 0xff19, 0xff19, 0xff19, 
	0xff19, 0xff19, 0xff19, 0xff19, 0xff19, 0xff1a, 0xff1a, 0xff1a, 0xff1a, 0xff3a, 0xff3a, 0xff3a, 0xff3a, 0xff3a, 0xff3a, 0xff3a, 
	0xff3a, 0xff3a, 0xff3a, 0xff3a, 0xff3a, 0xff3a, 0xff3a, 0xff3a, 0xff3a, 0xff3a, 0xff3a, 0xff3a, 0xff3a, 0xff3a, 0xff5a, 0xff5a, 
	0xff5a, 0xff5a, 0xff5a, 0xff5a, 0xff5a, 0xff5b, 0xff5b, 0xff5b, 0xff5b, 0xff5b, 0xff5b, 0xff5b, 0xff5b, 0xff5b, 0xff5b, 0xff5b, 
	0xff5b, 0xff5b, 0xff5b, 0xff5b, 0xff5b, 0xff5b, 0xff5b, 0xff7b, 0xff7b, 0xff7b, 0xff5b, 0xff7b, 0xff7b, 0xff7b, 0xff7b, 0xff7b, 
	0xff7b, 0xff7b, 0xff7b, 0xff7b, 0xff7b, 0xff7b, 0xff7b, 0xff7b, 0xff7b, 0xff7b, 0xff7b, 0xff7b, 0xff7b, 0xff7b, 0xff7b, 0xff7b, 
	0xff7b, 0xff7b, 0xff7b, 0xff7b, 0xff7b, 0xff7b, 0xff9b, 0xff7b, 0xff7b, 0xff7b, 0xff7b, 0xff7b, 0xff7b, 0xff7b, 0xff7b, 0xff7b, 
	0xb5b8, 0xb5b8, 0xb5b8, 0xbdd8, 0xbdd8, 0xbdd8, 0xbdd8, 0xbdd8, 0xbdd8, 0xbdd8, 0xbdd8, 0xbdd8, 0xbdd8, 0xc5f8, 0xc5f8, 0xc5f8, 
	0xc5f8, 0xc5f8, 0xc5f8, 0xc5f8, 0xc5f8, 0xc5f8, 0xcdf8, 0xcdf8, 0xce18, 0xce18, 0xce18, 0xce18, 0xce18, 0xce18, 0xce18, 0xd618, 
	0xd618, 0xd638, 0xd638, 0xd638, 0xd638, 0xd638, 0xd638, 0xde38, 0xde38, 0xde38, 0xde38, 0xde58, 0xde58, 0xde58, 0xde58, 0xde58, 
	0xde58, 0xe658, 0xe658, 0xe658, 0xe658, 0xe658, 0xe658, 0xe678, 0xe678, 0xe678, 0xe678, 0xe678, 0xe678, 0xee78, 0xee78, 0xee78, 
	0xee78, 0xee78, 0xee78, 0xee78, 0xee78, 0xee78, 0xee98, 0xee98, 0xee98, 0xee98, 0xee98, 0xee98, 0xee98, 0xee98, 0xee98, 0xee98, 
	0xee98, 0xee98, 0xf698, 0xf698, 0xf698, 0xf698, 0xf6b8, 0xf6b8, 0xf6b8, 0xf6b8, 0xf6b8, 0xf6b8, 0xf6b8, 0xf6b8, 0xf6b8, 0xf6b8, 
	0xf6b8, 0xf6b8, 0xf6b8, 0xf6b8, 0xf6b8, 0xf6b9, 0xf6d9, 0xf6d9, 0xf6d9, 0xf6d9, 0xf6d9, 0xf6d9, 0xf6d9, 0xf6d9, 0xf6d9, 0xf6d9, 
	0xf6d9, 0xf6d9, 0xf6d9, 0xf6d9, 0xf6d9, 0xf6d9, 0xf6f9, 0xf6f9, 0xf6f9, 0xf6f9, 0xf6f9, 0xf6f9, 0xf6f9, 0xf6f9, 0xf6f9, 0xf6f9, 
	0xf6f9, 0xf6f9, 0xf6f9, 0xf6f9, 0xf6f9, 0xf6f9, 0xf6f9, 0xf719, 0xf719, 0xf719, 0xf71a, 0xf71a, 0xf71a, 0xf71a, 0xf71a, 0xf71a, 
	0xf71a, 0xf71a, 0xff1a, 0xff1a, 0xff1a, 0xff19, 0xff19, 0xff19, 0xff19, 0xff19, 0xff19, 0xff19, 0xff19, 0xff19, 0xff19, 0xff19, 
	0xff19, 0xff19, 0xff19, 0xff19, 0xff19, 0xff19, 0xff19, 0xff19, 0xff19, 0xff19, 0xff19, 0xff19, 0xff19, 0xff19, 0xff19, 0xff19, 
	0xff19, 0xff19, 0xff19, 0xff19, 0xfef9, 0xfef9, 0xfef9, 0xfef9, 0xfef9, 0xfef9, 0xfef9, 0xfef9, 0xfef9, 0xfef9, 0xfef9, 0xfef9, 
	0xfef9, 0xfef9, 0xfef9, 0xfef9, 0xfef9, 0xfef9, 0xfef9, 0xfef9, 0xfef9, 0xfef9, 0xfef9, 0xfef9, 0xfef9, 0xfef9, 0xfef9, 0xfef9, 
	0xfef9, 0xfef9, 0xfef9, 0xfef9, 0xff19, 0xff19, 0xff19, 0xff19, 0xff19, 0xff19, 0xff19, 0xff19, 0xff19, 0xff19, 0xff19, 0xff19, 
	0xff19, 0xff19, 0xff19, 0xff19, 0xff19, 0xff19, 0xff19, 0xff19, 0xff1a, 0xff1a, 0xff1a, 0xff1a, 0xff3a, 0xff3a, 0xff3a, 0xff3a, 
	0xff3a, 0xff3a, 0xff3a, 0xff3a, 0xff3a, 0xff3a, 0xff3a, 0xff3a, 0xff3a, 0xff3a, 0xff3a, 0xff3a, 0xff3a, 0xff3a, 0xff3a, 0xff3a, 
	0xff3a, 0xff3a, 0xff3a, 0xff3a, 0xff5a, 0xff5a, 0xff5a, 0xff5a, 0xff5b, 0xff5b, 0xff5b, 0xff5b, 0xff5b, 0xff5b, 0xff5b, 0xff5b, 
	0xff5b, 0xff5b, 0xff5b, 0xff5b, 0xff5b, 0xff5b, 0xff5b, 0xff5b, 0xff5b, 0xff7b, 0xff7b, 0xff7b, 0xff7b, 0xff7b, 0xff7b, 0xff7b, 
	0xff7b, 0xff7b, 0xff7b, 0xff7b, 0xff7b, 0xff7b, 0xff7b, 0xff7b, 0xff7b, 0xff7b, 0xff7b, 0xff7b, 0xff7b, 0xff7b, 0xff7b, 0xff7b, 
	0xff7b, 0xff7b, 0xff7b, 0xff7b, 0xff7b, 0xff9b, 0xff7b, 0xff7b, 0xff7b, 0xff7b, 0xff7b, 0xff7b, 0xff7b, 0xff7b, 0xff7b, 0xff7b, 
	0xb5b8, 0xb5b8, 0xb5b8, 0xbdd8, 0xbdd8, 0xbdd8, 0xbdd8, 0xbdd8, 0xbdd8, 0xbdd8, 0xbdd8, 0xbdd8, 0xbdd8, 0xc5f8, 0xc5f8, 0xc5f8, 
	0xc5f8, 0xc5f8, 0xc5f8, 0xc5f8, 0xc5f8, 0xcdf8, 0xcdf8, 0xcdf8, 0xce18, 0xce18, 0xce18, 0xce18, 0xce18, 0xce18, 0xce18, 0xd618, 
	0xd618, 0xd638, 0xd638, 0xd638, 0xd638, 0xd638, 0xde38, 0xde38, 0xde38, 0xde38, 0xde38, 0xde58, 0xde58, 0xde58, 0xde58, 0xde58, 
	0xde58, 0xe658, 0xe658, 0xe658, 0xe658, 0xe678, 0xe658, 0xe678, 0xe678, 0xe678, 0xe678, 0xee78, 0xee78, 0xee78, 0xee78, 0xee78, 
	0xee78, 0xee78, 0xee98, 0xee98, 0xee98, 0xee98, 0xee98, 0xee98, 0xee98, 0xee98, 0xee98, 0xee98, 0xee98, 0xee98, 0xee98, 0xf698, 
	0xf698, 0xf698, 0xf6b8, 0xf6b8, 0xf6b8, 0xf6b8, 0xf6b8, 0xf6b8, 0xf6b8, 0xf6b8, 0xf6b8, 0xf6b8, 0xf6b8, 0xf6b8, 0xf6b8, 0xf6b8, 
	0xf6b8, 0xf6b8, 0xf6d9, 0xf6d9, 0xf6d9, 0xf6d9, 0xf6d9, 0xf6d9, 0xf6d9, 0xf6d9, 0xf6d9, 0xf6d9, 0xf6d9, 0xf6d9, 0xf6d9, 0xf6d9, 
	0xf6d9, 0xf6d9, 0xf6d9, 0xf6f9, 0xf6f9, 0xf6f9, 0xf6f9, 0xf6f9, 0xf6f9, 0xf6f9, 0xf6f9, 0xf6f9, 0xf6f9, 0xf6f9, 0xf6f9, 0xf6f9, 
	0xf6f9, 0xf6f9, 0xf6f9, 0xf719, 0xf71a, 0xf71a, 0xf71a, 0xf71a, 0xf71a, 0xf71a, 0xf71a, 0xf71a, 0xff1a, 0xff1a, 0xff1a, 0xff1a, 
	0xff1a, 0xff1a, 0xff1a, 0xff1a, 0xff1a, 0xff1a, 0xff1a, 0xff1a, 0xff1a, 0xff1a, 0xff19, 0xff19, 0xff19, 0xff19, 0xff19, 0xff19, 
	0xff19, 0xff19, 0xff19, 0xff19, 0xff19, 0xff19, 0xff19, 0xff19, 0xff19, 0xff19, 0xff19, 0xff19, 0xff19, 0xff19, 0xff19, 0xff19, 
	0xff19, 0xff19, 0xff19, 0xff19, 0xff19, 0xff19, 0xff19, 0xff19, 0xfef9, 0xfef9, 0xfef9, 0xfef9, 0xfef9, 0xfef9, 0xfef9, 0xfef9, 
	0xfef9, 0xfef9, 0xfef9, 0xfef9, 0xfef9, 0xfef9, 0xfef9, 0xfef9, 0xfef9, 0xfef9, 0xfef9, 0xfef9, 0xfef9, 0xfef9, 0xfef9, 0xfef9, 
	0xff19, 0xff19, 0xff19, 0xff19, 0xff19, 0xff19, 0xff19, 0xff19, 0xff19, 0xff19, 0xff19, 0xff19, 0xff19, 0xff19, 0xff19, 0xff19, 
	0xff19, 0xff19, 0xff19, 0xff19, 0xff19, 0xff19, 0xff19, 0xff1a, 0xff1a, 0xff1a, 0xff3a, 0xff3a, 0xff3a, 0xff3a, 0xff3a, 0xff3a, 
	0xff3a, 0xff3a, 0xff3a, 0xff3a, 0xff3a, 0xff3a, 0xff3a, 0xff3a, 0xff3a, 0xff3a, 0xff3a, 0xff3a, 0xff3a, 0xff3a, 0xff3a, 0xff3a, 
	0xff5a, 0xff5a, 0xff5a, 0xff5a, 0xff5a, 0xff5a, 0xff5a, 0xff5a, 0xff5a, 0xff5a, 0xff5b, 0xff5b, 0xff5b, 0xff5b, 0xff5b, 0xff5b, 
	0xff5b, 0xff5b, 0xff5b, 0xff5b, 0xff5b, 0xff5b, 0xff5b, 0xff7b, 0xff7b, 0xff5b, 0xff5b, 0xff5b, 0xff7b, 0xff7b, 0xff7b, 0xff7b, 
	0xff7b, 0xff7b, 0xff7b, 0xff7b, 0xff7b, 0xff7b, 0xff7b, 0xff7b, 0xff7b, 0xff7b, 0xff7b, 0xff7b, 0xff7b, 0xff7b, 0xff7b, 0xff7b, 
	0xff7b, 0xff7b, 0xff7b, 0xff7b, 0xff7b, 0xff7b, 0xff7b, 0xff7b, 0xff7b, 0xff7b, 0xff7b, 0xff7b, 0xff7b, 0xff7b, 0xff7b, 0xff7a, 
	0xb5b8, 0xb5b8, 0xbdd8, 0xbdd8, 0xbdd8, 0xbdd8, 0xbdd8, 0xbdd8, 0xbdd8, 0xbdd8, 0xbdd8, 0xbdf8, 0xc5f8, 0xc5f8, 0xc5f8, 0xc5f8, 
	0xc5f8, 0xc5f8, 0xc5f8, 0xc618, 0xc618, 0xce18, 0xce18, 0xce18, 0xce18, 0xce18, 0xce18, 0xce18, 0xce38, 0xd638, 0xd638, 0xd638, 
	0xd638, 0xd638, 0xd638, 0xd638, 0xd658, 0xde58, 0xde58, 0xde58, 0xde58, 0xde58, 0xde58, 0xde58, 0xde58, 0xde58, 0xde78, 0xe678, 
	0xe678, 0xe678, 0xe678, 0xe678, 0xe678, 0xe678, 0xe678, 0xe678, 0xe678, 0xe678, 0xee78, 0xee78, 0xee98, 0xee98, 0xee98, 0xee98, 
	0xee98, 0xee98, 0xee98, 0xee98, 0xee98, 0xee98, 0xee98, 0xee98, 0xee98, 0xee98, 0xee98, 0xee98, 0xee98, 0xee98, 0xee98, 0xf698, 
	0xf698, 0xf6b8, 0xf6b8, 0xf6b8, 0xf6b8, 0xf6b8, 0xf6b8, 0xf6b8, 0xf6b8, 0xf6b8, 0xf6b8, 0xf6b8, 0xf6b8, 0xf6b8, 0xf6b8, 0xf6b8, 
	0xf6b8, 0xf6b8, 0xf6d9, 0xf6d9, 0xf6d9, 0xf6d9, 0xf6d9, 0xf6d9, 0xf6d9, 0xf6d9, 0xf6d9, 0xf6d9, 0xf6d9, 0xf6d9, 0xf6d9, 0xf6d9, 
	0xf6d9, 0xf6d9, 0xf6d9, 0xf6f9, 0xf6f9, 0xf6f9, 0xf6f9, 0xf6f9, 0xf6f9, 0xf6f9, 0xf6f9, 0xf6f9, 0xf6f9, 0xf6f9, 0xf6f9, 0xf6f9, 
	0xf6f9, 0xf6f9, 0xf6f9, 0xf6f9, 0xf6f9, 0xf719, 0xf719, 0xf719, 0xf71a, 0xf71a, 0xf71a, 0xf71a, 0xf71a, 0xf71a, 0xf71a, 0xff1a, 
	0xff1a, 0xff1a, 0xff1a, 0xff1a, 0xff1a, 0xff19, 0xff19, 0xff19, 0xff19, 0xff19, 0xff19, 0xff19, 0xff19, 0xff19, 0xff19, 0xff19, 
	0xff19, 0xff19, 0xff19, 0xff19, 0xff19, 0xff19, 0xff19, 0xff19, 0xff19, 0xff19, 0xfef9, 0xfef9, 0xfef9, 0xfef9, 0xfef9, 0xfef9, 
	0xfef9, 0xfef9, 0xfef9, 0xfef9, 0xfef9, 0xfef9, 0xfef9, 0xfef9, 0xfef9, 0xfef9, 0xfef9, 0xfef9, 0xfef9, 0xfef9, 0xfef9, 0xfef9, 
	0xfef9, 0xfef9, 0xfef9, 0xfef9, 0xfef9, 0xfef9, 0xfef9, 0xfef9, 0xfef9, 0xfef9, 0xfef9, 0xfef9, 0xfef9, 0xfef9, 0xfef9, 0xfef9, 
	0xfef9, 0xfef9, 0xfef9, 0xfef9, 0xfef9, 0xfef9, 0xfef9, 0xff19, 0xff19, 0xff19, 0xff19, 0xff19, 0xff19, 0xff19, 0xff19, 0xff19, 
	0xff19, 0xff19, 0xff19, 0xff19, 0xff19, 0xff19, 0xff19, 0xff19, 0xff19, 0xff19, 0xff19, 0xff1a, 0xff1a, 0xff1a, 0xff1a, 0xff3a, 
	0xff3a, 0xff3a, 0xff3a, 0xff3a, 0xff3a, 0xff3a, 0xff3a, 0xff3a, 0xff3a, 0xff3a, 0xff3a, 0xff3a, 0xff3a, 0xff3a, 0xff3a, 0xff3a, 
	0xff3a, 0xff3a, 0xff3a, 0xff3a, 0xff3a, 0xff5a, 0xff5a, 0xff5a, 0xff5a, 0xff5a, 0xff5b, 0xff5b, 0xff5b, 0xff5b, 0xff5b, 0xff5b, 
	0xff5b, 0xff5b, 0xff5b, 0xff5b, 0xff5b, 0xff5b, 0xff5b, 0xff5b, 0xff5b, 0xff7b, 0xff7b, 0xff7b, 0xff5b, 0xff7b, 0xff7b, 0xff7b, 
	0xff7b, 0xff7b, 0xff7b, 0xff7b, 0xff7b, 0xff7b, 0xff7b, 0xff7b, 0xff7b, 0xff7b, 0xff7b, 0xff7b, 0xff7b, 0xff7b, 0xff7b, 0xff7b, 
	0xff7b, 0xff7b, 0xff7b, 0xff7b, 0xff7b, 0xff7b, 0xff7b, 0xff7b, 0xff7b, 0xff7b, 0xff7b, 0xff7b, 0xff7b, 0xff7b, 0xff7b, 0xff7a, 
	0xb5b8, 0xb5b8, 0xbdd8, 0xbdd8, 0xbdd8, 0xbdd8, 0xbdd8, 0xbdd8, 0xbdd8, 0xbdd8, 0xbdd8, 0xbdf8, 0xc5f8, 0xc5f8, 0xc5f8, 0xc5f8, 
	0xc5f8, 0xc5f8, 0xc5f8, 0xc618, 0xc618, 0xce18, 0xce18, 0xce18, 0xce18, 0xce18, 0xce18, 0xce38, 0xce38, 0xd638, 0xd638, 0xd638, 
	0xd638, 0xd638, 0xd638, 0xd658, 0xd658, 0xde58, 0xde58, 0xde58, 0xde58, 0xde58, 0xde58, 0xde58, 0xde78, 0xde78, 0xde78, 0xe678, 
	0xe678, 0xe678, 0xe678, 0xe678, 0xe678, 0xe678, 0xe678, 0xe678, 0xe678, 0xee78, 0xee98, 0xee98, 0xee98, 0xee98, 0xee98, 0xee98, 
	0xee98, 0xee98, 0xee98, 0xee98, 0xee98, 0xee98, 0xee98, 0xee98, 0xee98, 0xee98, 0xee98, 0xf698, 0xf698, 0xf6b8, 0xf6b8, 0xf6b8, 
	0xf6b8, 0xf6b8, 0xf6b8, 0xf6b8, 0xf6b8, 0xf6b8, 0xf6b8, 0xf6b8, 0xf6b8, 0xf6b8, 0xf6b8, 0xf6b8, 0xf6b8, 0xf6b8, 0xf6d9, 0xf6d9, 
	0xf6d9, 0xf6d9, 0xf6d9, 0xf6d9, 0xf6d9, 0xf6d9, 0xf6d9, 0xf6d9, 0xf6d9, 0xf6d9, 0xf6d9, 0xf6d9, 0xf6d9, 0xf6d9, 0xf6d9, 0xf6f9, 
	0xf6f9, 0xf6f9, 0xf6f9, 0xf6f9, 0xf6f9, 0xf6f9, 0xf6f9, 0xf6f9, 0xf6f9, 0xf6f9, 0xf6f9, 0xf6f9, 0xf6f9, 0xf6f9, 0xf6f9, 0xf6f9, 
	0xf6f9, 0xf6f9, 0xf6f9, 0xf6f9, 0xf6f9, 0xf6f9, 0xf719, 0xf719, 0xff19, 0xff19, 0xff19, 0xff19, 0xff1a, 0xff19, 0xff19, 0xff19, 
	0xff19, 0xff19, 0xff19, 0xff19, 0xff19, 0xff19, 0xff19, 0xff19, 0xff19, 0xff19, 0xff19, 0xff19, 0xff19, 0xff19, 0xff19, 0xff19, 
	0xff19, 0xff19, 0xff19, 0xff19, 0xff19, 0xff19, 0xff19, 0xff19, 0xff19, 0xff19, 0xff19, 0xff19, 0xff19, 0xff19, 0xfef9, 0xfef9, 
	0xfef9, 0xfef9, 0xfef9, 0xfef9, 0xfef9, 0xfef9, 0xfef9, 0xfef9, 0xfef9, 0xfef9, 0xfef9, 0xfef9, 0xfef9, 0xfef9, 0xfef9, 0xfef9, 
	0xfef9, 0xfef9, 0xfef9, 0xfef9, 0xfef9, 0xfef9, 0xfef9, 0xfef9, 0xfef9, 0xfef9, 0xfef9, 0xfef9, 0xfef9, 0xfef9, 0xfef9, 0xfef9, 
	0xfef9, 0xfef9, 0xfef9, 0xfef9, 0xfef9, 0xff19, 0xff19, 0xff19, 0xff19, 0xff19, 0xff19, 0xff19, 0xff19, 0xff19, 0xff19, 0xff19, 
	0xff19, 0xff19, 0xff19, 0xff19, 0xff19, 0xff19, 0xff19, 0xff19, 0xff19, 0xff19, 0xff19, 0xff19, 0xff19, 0xff39, 0xff3a, 0xff3a, 
	0xff3a, 0xff3a, 0xff3a, 0xff3a, 0xff3a, 0xff3a, 0xff3a, 0xff3a, 0xff3a, 0xff3a, 0xff3a, 0xff3a, 0xff3a, 0xff3a, 0xff3a, 0xff3a, 
	0xff3a, 0xff3a, 0xff3a, 0xff5a, 0xff5a, 0xff5a, 0xff5a, 0xff5a, 0xff5a, 0xff5a, 0xff5b, 0xff5b, 0xff5b, 0xff5b, 0xff5b, 0xff5b, 
	0xff5b, 0xff5b, 0xff5b, 0xff5b, 0xff5b, 0xff5b, 0xff5b, 0xff5b, 0xff5b, 0xff5b, 0xff5b, 0xff5b, 0xff7b, 0xff7b, 0xff7b, 0xff7b, 
	0xff7b, 0xff7b, 0xff7b, 0xff7b, 0xff7b, 0xff7b, 0xff7b, 0xff7b, 0xff7b, 0xff7b, 0xff7b, 0xff7b, 0xff7b, 0xff7b, 0xff7b, 0xff7b, 
	0xff7b, 0xff7b, 0xff7b, 0xff7b, 0xff7b, 0xff7b, 0xff7b, 0xff7b, 0xff7b, 0xff7b, 0xff7b, 0xff7b, 0xff7b, 0xff7b, 0xff7b, 0xff7a, 
	0xb5b8, 0xb5b8, 0xbdd8, 0xbdd8, 0xbdd8, 0xbdd8, 0xbdd8, 0xbdd8, 0xbdd8, 0xbdf8, 0xbdd8, 0xbdf8, 0xc5f8, 0xc5f8, 0xc5f8, 0xc5f8, 
	0xc5f8, 0xc5f8, 0xc618, 0xc618, 0xce18, 0xce18, 0xce18, 0xce18, 0xce18, 0xce18, 0xce38, 0xce38, 0xce38, 0xd638, 0xd638, 0xd638, 
	0xd638, 0xd638, 0xd658, 0xd658, 0xde58, 0xde58, 0xde58, 0xde58, 0xde58, 0xde58, 0xde58, 0xde78, 0xde78, 0xde78, 0xe678, 0xe678, 
	0xe678, 0xe678, 0xe678, 0xe678, 0xe678, 0xe678, 0xe678, 0xe678, 0xee98, 0xee98, 0xee98, 0xee98, 0xee98, 0xee98, 0xee98, 0xee98, 
	0xee98, 0xee98, 0xee98, 0xee98, 0xee98, 0xee98, 0xee98, 0xee98, 0xee98, 0xee98, 0xee98, 0xee98, 0xf698, 0xf6b8, 0xf6b8, 0xf6b8, 
	0xf6b8, 0xf6b8, 0xf6b8, 0xf6b8, 0xf6b8, 0xf6b8, 0xf6b8, 0xf6b8, 0xf6b8, 0xf6b8, 0xf6b8, 0xf6b8, 0xf6b8, 0xf6b8, 0xf6d9, 0xf6d9, 
	0xf6d9, 0xf6d9, 0xf6d9, 0xf6d9, 0xf6d9, 0xf6d9, 0xf6d9, 0xf6d9, 0xf6d9, 0xf6d9, 0xf6d9, 0xf6d9, 0xf6d9, 0xf6d9, 0xf6d9, 0xf6d9, 
	0xf6f9, 0xf6f9, 0xf6f9, 0xf6f9, 0xf6f9, 0xf6f9, 0xf6f9, 0xf6f9, 0xf6f9, 0xf6f9, 0xf6f9, 0xf6f9, 0xf6f9, 0xf6f9, 0xf6f9, 0xf6f9, 
	0xf6f9, 0xf6f9, 0xf6f9, 0xf6f9, 0xf6f9, 0xf6f9, 0xf6f9, 0xf6f9, 0xf6f9, 0xf719, 0xf719, 0xf719, 0xff19, 0xff19, 0xff19, 0xff19, 
	0xff19, 0xff19, 0xff19, 0xff19, 0xff19, 0xff19, 0xff19, 0xff19, 0xff19, 0xff19, 0xff19, 0xff19, 0xff19, 0xff19, 0xff19, 0xfef9, 
	0xfef9, 0xfef9, 0xfef9, 0xfef9, 0xfef9, 0xfef9, 0xfef9, 0xfef9, 0xfef9, 0xfef9, 0xfef9, 0xfef9, 0xfef9, 0xfef9, 0xfef9, 0xfef9, 
	0xfef9, 0xfef9, 0xfef9, 0xfef9, 0xfef9, 0xfef9, 0xfef9, 0xfef9, 0xfef9, 0xfef9, 0xfef9, 0xfef9, 0xfef9, 0xfef9, 0xfef9, 0xfef9, 
	0xfef9, 0xfef9, 0xfef9, 0xfef9, 0xfef9, 0xfef9, 0xfef9, 0xfef9, 0xfef9, 0xfef9, 0xfef9, 0xfef9, 0xfef9, 0xfef9, 0xfef9, 0xfef9, 
	0xfef9, 0xfef9, 0xfef9, 0xfef9, 0xfef9, 0xfef9, 0xfef9, 0xfef9, 0xfef9, 0xfef9, 0xfef9, 0xfef9, 0xfef9, 0xfef9, 0xff19, 0xff19, 
	0xff19, 0xff19, 0xff19, 0xff19, 0xff19, 0xff19, 0xff19, 0xff19, 0xff19, 0xff19, 0xff19, 0xff19, 0xff19, 0xff19, 0xff19, 0xff19, 
	0xff19, 0xff19, 0xff3a, 0xff3a, 0xff3a, 0xff3a, 0xff3a, 0xff3a, 0xff3a, 0xff3a, 0xff3a, 0xff3a, 0xff3a, 0xff3a, 0xff3a, 0xff3a, 
	0xff3a, 0xff3a, 0xff3a, 0xff3a, 0xff3a, 0xff5a, 0xff5a, 0xff5a, 0xff5a, 0xff5a, 0xff5a, 0xff5a, 0xff5b, 0xff5b, 0xff5b, 0xff5b, 
	0xff5b, 0xff5b, 0xff5b, 0xff5b, 0xff5b, 0xff5b, 0xff5b, 0xff5b, 0xff5b, 0xff5b, 0xff5b, 0xff5b, 0xff5b, 0xff7b, 0xff7b, 0xff7b, 
	0xff7b, 0xff7b, 0xff7b, 0xff7b, 0xff7b, 0xff7b, 0xff7b, 0xff7b, 0xff7b, 0xff7b, 0xff7b, 0xff7b, 0xff7b, 0xff7b, 0xff7b, 0xff7b, 
	0xff7b, 0xff7b, 0xff7b, 0xff7b, 0xff7b, 0xff7b, 0xff7b, 0xff7b, 0xff7b, 0xff7b, 0xff7b, 0xff7b, 0xff7b, 0xff7b, 0xff7b, 0xff7a, 
	0xb5b8, 0xbdd8, 0xbdb8, 0xbdd8, 0xbdd8, 0xbdd8, 0xbdd8, 0xbdd8, 0xbdd8, 0xbdf8, 0xbdf8, 0xc5f8, 0xc5f8, 0xc5f8, 0xc5f8, 0xc5f8, 
	0xc5f8, 0xc618, 0xc618, 0xce18, 0xce18, 0xce18, 0xce18, 0xce18, 0xce18, 0xce18, 0xce38, 0xd638, 0xd638, 0xd638, 0xd638, 0xd638, 
	0xd638, 0xd658, 0xd658, 0xde58, 0xde58, 0xde58, 0xde58, 0xde58, 0xde58, 0xde58, 0xde78, 0xde78, 0xde78, 0xde78, 0xe678, 0xe678, 
	0xe678, 0xe678, 0xe678, 0xe678, 0xe678, 0xe698, 0xe678, 0xe698, 0xee98, 0xee98, 0xee98, 0xee98, 0xee98, 0xee98, 0xee98, 0xee98, 
	0xee98, 0xee98, 0xeeb8, 0xeeb8, 0xeeb8, 0xee98, 0xee98, 0xee98, 0xee98, 0xf6b8, 0xf6b8, 0xf6b8, 0xf6b8, 0xf6b8, 0xf6b8, 0xf6b8, 
	0xf6b8, 0xf6b8, 0xf6b8, 0xf6b8, 0xf6b8, 0xf6b8, 0xf6b8, 0xf6b8, 0xf6b8, 0xf6d8, 0xf6d9, 0xf6d9, 0xf6d9, 0xf6d9, 0xf6d9, 0xf6d9, 
	0xf6d9, 0xf6d9, 0xf6d9, 0xf6d9, 0xf6d9, 0xf6d9, 0xf6d9, 0xf6d9, 0xf6d9, 0xf6d9, 0xf6d9, 0xf6d9, 0xf6f9, 0xf6f9, 0xf6f9, 0xf6f9, 
	0xf6f9, 0xf6f9, 0xf6f9, 0xf6f9, 0xf6f9, 0xf6f9, 0xf6f9, 0xf6f9, 0xf6f9, 0xf6f9, 0xf6f9, 0xf6f9, 0xf6f9, 0xf6f9, 0xf6f9, 0xf6f9, 
	0xf6f9, 0xf6f9, 0xf719, 0xff19, 0xff19, 0xff19, 0xff19, 0xff19, 0xff19, 0xff1a, 0xff1a, 0xff1a, 0xff1a, 0xff1a, 0xff1a, 0xff1a, 
	0xff19, 0xff19, 0xff19, 0xff19, 0xff19, 0xff19, 0xff19, 0xff19, 0xff19, 0xff19, 0xff19, 0xff19, 0xff19, 0xff19, 0xff19, 0xff19, 
	0xff19, 0xff19, 0xff19, 0xff19, 0xff19, 0xff19, 0xfef9, 0xfef9, 0xfef9, 0xfef9, 0xfef9, 0xfef9, 0xfef9, 0xfef9, 0xfef9, 0xfef9, 
	0xfef9, 0xfef9, 0xfef9, 0xfef9, 0xfef9, 0xfef9, 0xfef9, 0xfef9, 0xfef9, 0xfef9, 0xfef9, 0xfef9, 0xfef9, 0xfef9, 0xfef9, 0xfef9, 
	0xfef8, 0xfef8, 0xfef8, 0xfef8, 0xfef8, 0xfef8, 0xfef8, 0xfef8, 0xfef9, 0xfef9, 0xfef9, 0xfef9, 0xfef9, 0xfef9, 0xfef9, 0xfef9, 
	0xfef9, 0xfef9, 0xfef9, 0xfef9, 0xfef9, 0xfef9, 0xfef9, 0xfef9, 0xfef9, 0xfef9, 0xfef9, 0xfef9, 0xfef9, 0xfef9, 0xfef9, 0xfef9, 
	0xfef9, 0xff19, 0xff19, 0xff19, 0xff19, 0xff19, 0xff19, 0xff19, 0xff19, 0xff19, 0xff19, 0xff19, 0xff19, 0xff19, 0xff19, 0xff39, 
	0xff39, 0xff3a, 0xff3a, 0xff3a, 0xff3a, 0xff3a, 0xff3a, 0xff3a, 0xff3a, 0xff3a, 0xff3a, 0xff3a, 0xff3a, 0xff3a, 0xff3a, 0xff3a, 
	0xff3a, 0xff3a, 0xff3a, 0xff3a, 0xff3a, 0xff5a, 0xff5a, 0xff5a, 0xff5a, 0xff5a, 0xff5a, 0xff5a, 0xff5a, 0xff5a, 0xff5a, 0xff5a, 
	0xff5a, 0xff5b, 0xff5b, 0xff5b, 0xff5b, 0xff5b, 0xff5b, 0xff5b, 0xff5b, 0xff5b, 0xff5b, 0xff5b, 0xff7b, 0xff5b, 0xff7b, 0xff7b, 
	0xff7b, 0xff7b, 0xff7b, 0xff7b, 0xff7b, 0xff7b, 0xff7b, 0xff7b, 0xff7b, 0xff7b, 0xff7b, 0xff7b, 0xff7b, 0xff7b, 0xff7b, 0xff7b, 
	0xff7b, 0xff7b, 0xff7b, 0xff7b, 0xff7b, 0xff7b, 0xff7b, 0xff7b, 0xff7b, 0xff7b, 0xff7b, 0xff7b, 0xff7b, 0xff7b, 0xff7b, 0xff7a, 
	0xb5b8, 0xbdb8, 0xbdb8, 0xbdd8, 0xbdd8, 0xbdd8, 0xbdd8, 0xbdd8, 0xbdd8, 0xbdd8, 0xbdd8, 0xc5f8, 0xc5f8, 0xc5f8, 0xc5f8, 0xc5f8, 
	0xc5f8, 0xc5f8, 0xc618, 0xce18, 0xce18, 0xce18, 0xce18, 0xce18, 0xce18, 0xce38, 0xce38, 0xd638, 0xd638, 0xd638, 0xd638, 0xd638, 
	0xd638, 0xd658, 0xd658, 0xde58, 0xde58, 0xde58, 0xde58, 0xde58, 0xde58, 0xde78, 0xde78, 0xde78, 0xde78, 0xde78, 0xe678, 0xe678, 
	0xe678, 0xe678, 0xe678, 0xe698, 0xe698, 0xe698, 0xe698, 0xe698, 0xee98, 0xee98, 0xee98, 0xee98, 0xee98, 0xee98, 0xee98, 0xeeb8, 
	0xeeb8, 0xeeb8, 0xeeb8, 0xeeb8, 0xeeb8, 0xeeb8, 0xee98, 0xee98, 0xee98, 0xeeb8, 0xf6b8, 0xf6b8, 0xf6b8, 0xf6b8, 0xf6b8, 0xf6b8, 
	0xf6b8, 0xf6b8, 0xf6b8, 0xf6b8, 0xf6b8, 0xf6b8, 0xf6b8, 0xf6b8, 0xf6b8, 0xf6d8, 0xf6d9, 0xf6d9, 0xf6d9, 0xf6d9, 0xf6d9, 0xf6d9, 
	0xf6d9, 0xf6d9, 0xf6d9, 0xf6d9, 0xf6d9, 0xf6d9, 0xf6d9, 0xf6d9, 0xf6d9, 0xf6d9, 0xf6d9, 0xf6d9, 0xf6f9, 0xf6f9, 0xf6f9, 0xf6f9, 
	0xf6f9, 0xf6f9, 0xf6f9, 0xf6f9, 0xf6f9, 0xf6f9, 0xf6f9, 0xf6f9, 0xf6f9, 0xf6f9, 0xf6f9, 0xf6f9, 0xf6f9, 0xf6f9, 0xf6f9, 0xf6f9, 
	0xf6f9, 0xf6f9, 0xf6f9, 0xf6f9, 0xf6f9, 0xf6f9, 0xf719, 0xff19, 0xff19, 0xff19, 0xff19, 0xff19, 0xff19, 0xff19, 0xff19, 0xff19, 
	0xff19, 0xff19, 0xff19, 0xff19, 0xff19, 0xff19, 0xff19, 0xff19, 0xff19, 0xff19, 0xff19, 0xff19, 0xff19, 0xff19, 0xfef9, 0xfef9, 
	0xfef9, 0xfef9, 0xfef9, 0xfef9, 0xfef9, 0xfef9, 0xfef9, 0xfef9, 0xfef9, 0xfef9, 0xfef9, 0xfef9, 0xfef9, 0xfef9, 0xfef9, 0xfef9, 
	0xfef9, 0xfef9, 0xfef9, 0xfef9, 0xfef8, 0xfef8, 0xfef8, 0xfef8, 0xfef8, 0xfef8, 0xfef8, 0xfef8, 0xfef8, 0xfef8, 0xfef8, 0xfef8, 
	0xfef8, 0xfef8, 0xfef8, 0xfef8, 0xfef8, 0xfef8, 0xfef8, 0xfef8, 0xfef8, 0xfef8, 0xfef8, 0xfef8, 0xfef8, 0xfef8, 0xfef8, 0xfef8, 
	0xfef8, 0xfef8, 0xfef8, 0xfef8, 0xfef8, 0xfef8, 0xfef8, 0xfef9, 0xfef9, 0xfef9, 0xfef9, 0xfef9, 0xfef9, 0xfef9, 0xfef9, 0xfef9, 
	0xfef9, 0xfef9, 0xfef9, 0xfef9, 0xfef9, 0xff19, 0xff19, 0xff19, 0xff19, 0xff19, 0xff19, 0xff19, 0xff19, 0xff19, 0xff19, 0xff19, 
	0xff19, 0xff19, 0xff19, 0xff19, 0xff3a, 0xff3a, 0xff3a, 0xff3a, 0xff3a, 0xff3a, 0xff3a, 0xff3a, 0xff3a, 0xff3a, 0xff3a, 0xff3a, 
	0xff3a, 0xff3a, 0xff3a, 0xff3a, 0xff3a, 0xff5a, 0xff5a, 0xff5a, 0xff5a, 0xff5a, 0xff5a, 0xff5a, 0xff5a, 0xff5a, 0xff5a, 0xff5a, 
	0xff5b, 0xff5b, 0xff5b, 0xff5b, 0xff5b, 0xff5b, 0xff5b, 0xff5b, 0xff5b, 0xff5b, 0xff5b, 0xff5b, 0xff5b, 0xff7b, 0xff7b, 0xff7b, 
	0xff7b, 0xff7b, 0xff7b, 0xff7b, 0xff7b, 0xff7b, 0xff7b, 0xff7b, 0xff7b, 0xff7b, 0xff7b, 0xff7b, 0xff7b, 0xff7b, 0xff7b, 0xff7b, 
	0xff7b, 0xff7b, 0xff7b, 0xff7b, 0xff7b, 0xff7b, 0xff7b, 0xff7b, 0xff7b, 0xff7b, 0xff7b, 0xff7b, 0xff7b, 0xff7b, 0xff7a, 0xff7a, 
	0xbdb8, 0xbdb8, 0xbdd8, 0xbdd8, 0xbdd8, 0xbdd8, 0xbdd8, 0xbdd8, 0xbdd8, 0xbdd8, 0xc5f8, 0xc5f8, 0xc5f8, 0xc5f8, 0xc5f8, 0xc5f8, 
	0xc5f8, 0xc5f8, 0xc618, 0xce18, 0xce18, 0xce18, 0xce18, 0xce18, 0xce38, 0xce38, 0xce38, 0xd638, 0xd638, 0xd638, 0xd638, 0xd638, 
	0xd658, 0xd658, 0xde58, 0xde58, 0xde58, 0xde58, 0xde58, 0xde58, 0xde78, 0xde78, 0xde78, 0xde78, 0xde78, 0xe678, 0xe678, 0xe678, 
	0xe678, 0xe678, 0xe698, 0xe698, 0xe698, 0xe698, 0xe698, 0xe698, 0xee98, 0xee98, 0xee98, 0xee98, 0xee98, 0xee98, 0xeeb8, 0xeeb8, 
	0xeeb8, 0xeeb8, 0xeeb8, 0xeeb8, 0xeeb8, 0xeeb8, 0xeeb8, 0xeeb8, 0xeeb8, 0xeeb8, 0xf6b8, 0xf6b8, 0xf6b8, 0xf6b8, 0xf6b8, 0xf6b8, 
	0xf6b8, 0xf6b8, 0xf6b8, 0xf6b8, 0xf6d8, 0xf6d8, 0xf6d8, 0xf6d8, 0xf6d8, 0xf6d8, 0xf6d9, 0xf6d9, 0xf6d9, 0xf6d9, 0xf6d9, 0xf6d9, 
	0xf6d9, 0xf6d9, 0xf6d9, 0xf6d9, 0xf6d9, 0xf6d9, 0xf6d9, 0xf6f9, 0xf6f9, 0xf6f9, 0xf6f9, 0xf6f9, 0xf6f9, 0xf6f9, 0xf6f9, 0xf6f9, 
	0xf6f9, 0xf6f9, 0xf6f9, 0xf6f9, 0xf6f9, 0xf6f9, 0xf6f9, 0xf6f9, 0xf6f9, 0xf6f9, 0xf6f9, 0xf719, 0xf719, 0xf719, 0xf719, 0xff19, 
	0xff19, 0xff19, 0xff19, 0xff19, 0xff1a, 0xff1a, 0xff1a, 0xff1a, 0xff1a, 0xff1a, 0xff1a, 0xff1a, 0xff1a, 0xff1a, 0xff1a, 0xff1a, 
	0xff1a, 0xff19, 0xff19, 0xff19, 0xff19, 0xff19, 0xff19, 0xff19, 0xff19, 0xff19, 0xff19, 0xff19, 0xff19, 0xff19, 0xff19, 0xff19, 
	0xff19, 0xff19, 0xff19, 0xff19, 0xff19, 0xfef9, 0xfef9, 0xfef9, 0xfef9, 0xfef9, 0xfef9, 0xfef9, 0xfef9, 0xfef9, 0xfef9, 0xfef9, 
	0xfef9, 0xfef9, 0xfef9, 0xfef9, 0xfef9, 0xfef9, 0xfef9, 0xfef9, 0xfef9, 0xfef8, 0xfef8, 0xfef8, 0xfef8, 0xfef8, 0xfef8, 0xfef8, 
	0xfef8, 0xfef8, 0xfef8, 0xfef8, 0xfef8, 0xfef8, 0xfef8, 0xfef8, 0xfef8, 0xfef8, 0xfef8, 0xfef8, 0xfef8, 0xfef8, 0xfef8, 0xfef8, 
	0xfef8, 0xfef8, 0xfef8, 0xfef8, 0xfef8, 0xfef9, 0xfef9, 0xfef9, 0xfef9, 0xfef9, 0xfef9, 0xfef9, 0xfef9, 0xfef9, 0xfef9, 0xfef9, 
	0xfef9, 0xfef9, 0xfef9, 0xfef9, 0xff19, 0xff19, 0xff19, 0xff19, 0xff19, 0xff19, 0xff19, 0xff19, 0xff19, 0xff19, 0xff19, 0xff19, 
	0xff19, 0xff39, 0xff39, 0xff3a, 0xff3a, 0xff3a, 0xff3a, 0xff3a, 0xff3a, 0xff3a, 0xff3a, 0xff3a, 0xff3a, 0xff3a, 0xff3a, 0xff3a, 
	0xff3a, 0xff3a, 0xff3a, 0xff3a, 0xff3a, 0xff3a, 0xff3a, 0xff5a, 0xff5a, 0xff5a, 0xff5a, 0xff5a, 0xff5a, 0xff5a, 0xff5a, 0xff5a, 
	0xff5a, 0xff5a, 0xff5b, 0xff5b, 0xff5b, 0xff5b, 0xff5b, 0xff5b, 0xff5b, 0xff5b, 0xff5b, 0xff5b, 0xff5b, 0xff5b, 0xff5b, 0xff7b, 
	0xff7b, 0xff7b, 0xff7b, 0xff7b, 0xff7b, 0xff7b, 0xff7b, 0xff7b, 0xff7b, 0xff7b, 0xff7b, 0xff7b, 0xff7b, 0xff7b, 0xff7b, 0xff7b, 
	0xff7b, 0xff7b, 0xff7b, 0xff7b, 0xff7b, 0xff7b, 0xff7b, 0xff7b, 0xff7b, 0xff7b, 0xff7b, 0xff7b, 0xff7b, 0xff7b, 0xff7a, 0xff7a, 
	0xb5b8, 0xbdd8, 0xbdb8, 0xbdd8, 0xbdd8, 0xbdd8, 0xbdd8, 0xbdd8, 0xbdd8, 0xbdd8, 0xc5f8, 0xc5f8, 0xc5f8, 0xc5f8, 0xc5f8, 0xc5f8, 
	0xc5f8, 0xc618, 0xc618, 0xce18, 0xce18, 0xce18, 0xce18, 0xce18, 0xce38, 0xce38, 0xce38, 0xd638, 0xd638, 0xd638, 0xd638, 0xd638, 
	0xd638, 0xd658, 0xd658, 0xde58, 0xde58, 0xde58, 0xde58, 0xde58, 0xde78, 0xde78, 0xde78, 0xde78, 0xde78, 0xe678, 0xe678, 0xe678, 
	0xe678, 0xe699, 0xe698, 0xe698, 0xe698, 0xe699, 0xee99, 0xee98, 0xee98, 0xee98, 0xee98, 0xeeb8, 0xee98, 0xeeb8, 0xeeb8, 0xeeb8, 
	0xeeb8, 0xeeb8, 0xeeb8, 0xeeb8, 0xeeb8, 0xeeb8, 0xeeb8, 0xeeb8, 0xeeb8, 0xeeb8, 0xf6b8, 0xf6b8, 0xf6b8, 0xf6b8, 0xf6b8, 0xf6b8, 
	0xf6b8, 0xf6b8, 0xf6b8, 0xf6d8, 0xf6d8, 0xf6d8, 0xf6d8, 0xf6d8, 0xf6d8, 0xf6d8, 0xf6d9, 0xf6d9, 0xf6d9, 0xf6d9, 0xf6d9, 0xf6d9, 
	0xf6d9, 0xf6d9, 0xf6d9, 0xf6d9, 0xf6d9, 0xf6d9, 0xf6d9, 0xf6f9, 0xf6f9, 0xf6f9, 0xf6f9, 0xf6f9, 0xf6f9, 0xf6f9, 0xf6f9, 0xf6f9, 
	0xf6f9, 0xf6f9, 0xf6f9, 0xf6f9, 0xf6f9, 0xf6f9, 0xf6f9, 0xf6f9, 0xf6f9, 0xf6f9, 0xf6f9, 0xf6f9, 0xf719, 0xf719, 0xf719, 0xf719, 
	0xf719, 0xff19, 0xff19, 0xff19, 0xff19, 0xff19, 0xff19, 0xff19, 0xff19, 0xff19, 0xff19, 0xff19, 0xff19, 0xff19, 0xff19, 0xff19, 
	0xff19, 0xff19, 0xff19, 0xff19, 0xff19, 0xff19, 0xff19, 0xff19, 0xff19, 0xff19, 0xff19, 0xff19, 0xff19, 0xff19, 0xfef9, 0xfef9, 
	0xfef9, 0xfef9, 0xfef9, 0xfef9, 0xfef9, 0xfef9, 0xfef9, 0xfef9, 0xfef9, 0xfef9, 0xfef9, 0xfef9, 0xfef9, 0xfef9, 0xfef9, 0xfef9, 
	0xfef9, 0xfef9, 0xfef8, 0xfef8, 0xfef8, 0xfef8, 0xfef8, 0xfef8, 0xfef8, 0xfef8, 0xfef8, 0xfef8, 0xfef8, 0xfef8, 0xfef8, 0xfef8, 
	0xfef8, 0xfef8, 0xfef8, 0xfef8, 0xfef8, 0xfef8, 0xfef8, 0xfef8, 0xfef8, 0xfef8, 0xfef8, 0xfef8, 0xfef8, 0xfef8, 0xfef8, 0xfef8, 
	0xfef8, 0xfef8, 0xfef8, 0xfef8, 0xfef8, 0xfef8, 0xfef8, 0xfef8, 0xfef8, 0xfef9, 0xfef9, 0xfef9, 0xfef9, 0xfef9, 0xfef9, 0xfef9, 
	0xfef9, 0xfef9, 0xfef9, 0xfef9, 0xfef9, 0xfef9, 0xfef9, 0xfef9, 0xff19, 0xff19, 0xff19, 0xff19, 0xff19, 0xff19, 0xff19, 0xff19, 
	0xff19, 0xff19, 0xff19, 0xff19, 0xff19, 0xff19, 0xff3a, 0xff3a, 0xff3a, 0xff3a, 0xff3a, 0xff3a, 0xff3a, 0xff3a, 0xff3a, 0xff3a, 
	0xff3a, 0xff3a, 0xff3a, 0xff3a, 0xff3a, 0xff3a, 0xff5a, 0xff5a, 0xff5a, 0xff5a, 0xff5a, 0xff5a, 0xff5a, 0xff5a, 0xff5a, 0xff5a, 
	0xff5a, 0xff5a, 0xff5a, 0xff5b, 0xff5b, 0xff5b, 0xff5b, 0xff5b, 0xff5b, 0xff5b, 0xff5b, 0xff5b, 0xff5b, 0xff5b, 0xff5b, 0xff5b, 
	0xff7b, 0xff7b, 0xff5b, 0xff5b, 0xff7b, 0xff7b, 0xff7b, 0xff7b, 0xff7b, 0xff7b, 0xff7b, 0xff7b, 0xff7b, 0xff7b, 0xff7b, 0xff7b, 
	0xff7b, 0xff7b, 0xff7b, 0xff7b, 0xff7b, 0xff7b, 0xff7b, 0xff7b, 0xff7b, 0xff7b, 0xff7b, 0xff7b, 0xff7b, 0xff7b, 0xff7a, 0xff7a, 
	0xb5b8, 0xbdd8, 0xbdd8, 0xbdd8, 0xbdd8, 0xbdd8, 0xbdd8, 0xbdd8, 0xbdd8, 0xbdd8, 0xc5f8, 0xc5f8, 0xc5f8, 0xc5f8, 0xc5f8, 0xc5f8, 
	0xc5f8, 0xc618, 0xc618, 0xce18, 0xce18, 0xce18, 0xce18, 0xce18, 0xce18, 0xce18, 0xce38, 0xd638, 0xd638, 0xd638, 0xd638, 0xd638, 
	0xd658, 0xd658, 0xd658, 0xd658, 0xde58, 0xde58, 0xde58, 0xde58, 0xde78, 0xde78, 0xde78, 0xde78, 0xde78, 0xe678, 0xe678, 0xe678, 
	0xe679, 0xe699, 0xe699, 0xe699, 0xe699, 0xee99, 0xee98, 0xee98, 0xee98, 0xee98, 0xee98, 0xee98, 0xeeb8, 0xeeb8, 0xeeb8, 0xeeb8, 
	0xeeb8, 0xeeb8, 0xeeb8, 0xeeb8, 0xeeb8, 0xeeb8, 0xeeb8, 0xeeb8, 0xf6b8, 0xf6b8, 0xf6b8, 0xf6b8, 0xf6b8, 0xf6b8, 0xf6b8, 0xf6d8, 
	0xf6d8, 0xf6d8, 0xf6d8, 0xf6d8, 0xf6d8, 0xf6d8, 0xf6d9, 0xf6d9, 0xf6d9, 0xf6d9, 0xf6d9, 0xf6d9, 0xf6d9, 0xf6d9, 0xf6d9, 0xf6d9, 
	0xf6d9, 0xf6d9, 0xf6f9, 0xf6f9, 0xf6f9, 0xf6f9, 0xf6f9, 0xf6f9, 0xf6f9, 0xf6f9, 0xf6f9, 0xf6f9, 0xf6f9, 0xf6f9, 0xf6f9, 0xf6f9, 
	0xf6f9, 0xf6f9, 0xf6f9, 0xf6f9, 0xf6f9, 0xf6f9, 0xf719, 0xf719, 0xf719, 0xf719, 0xf719, 0xff19, 0xff1a, 0xff1a, 0xff1a, 0xff1a, 
	0xff1a, 0xff1a, 0xff1a, 0xff1a, 0xff1a, 0xff1a, 0xff1a, 0xff1a, 0xff1a, 0xff1a, 0xff1a, 0xff1a, 0xff1a, 0xff1a, 0xff1a, 0xff1a, 
	0xff1a, 0xff19, 0xff19, 0xff19, 0xff19, 0xff19, 0xff19, 0xff19, 0xff19, 0xff19, 0xff19, 0xff19, 0xff19, 0xff19, 0xff19, 0xff19, 
	0xff19, 0xff19, 0xff19, 0xfef9, 0xfef9, 0xfef9, 0xfef9, 0xfef9, 0xfef9, 0xfef9, 0xfef9, 0xfef9, 0xfef9, 0xfef9, 0xfef9, 0xfef9, 
	0xfef9, 0xfef9, 0xfef9, 0xfef8, 0xfef8, 0xfef8, 0xfef8, 0xfef8, 0xfef8, 0xfef8, 0xfef8, 0xfef8, 0xfef8, 0xfef8, 0xfef8, 0xfef8, 
	0xfef8, 0xfef8, 0xfef8, 0xfef8, 0xfef8, 0xfef8, 0xfef8, 0xfef8, 0xfef8, 0xfef8, 0xfef8, 0xfef8, 0xfef8, 0xfef8, 0xfef8, 0xfef8, 
	0xfef8, 0xfef8, 0xfef8, 0xfef8, 0xfef8, 0xfef8, 0xfef8, 0xfef8, 0xfef8, 0xfef9, 0xfef9, 0xfef9, 0xfef9, 0xfef9, 0xfef9, 0xfef9, 
	0xfef9, 0xfef9, 0xfef9, 0xfef9, 0xfef9, 0xfef9, 0xfef9, 0xff19, 0xff19, 0xff19, 0xff19, 0xff19, 0xff19, 0xff19, 0xff19, 0xff19, 
	0xff19, 0xff19, 0xff19, 0xff19, 0xff19, 0xff1a, 0xff19, 0xff19, 0xff1a, 0xff1a, 0xff3a, 0xff3a, 0xff3a, 0xff3a, 0xff3a, 0xff3a, 
	0xff3a, 0xff3a, 0xff3a, 0xff3a, 0xff3a, 0xff3a, 0xff3a, 0xff3a, 0xff3a, 0xff3a, 0xff5a, 0xff5a, 0xff5a, 0xff5a, 0xff5a, 0xff5a, 
	0xff5a, 0xff5a, 0xff5b, 0xff5a, 0xff5a, 0xff5a, 0xff5a, 0xff5a, 0xff5a, 0xff5b, 0xff5b, 0xff5b, 0xff5b, 0xff5b, 0xff5b, 0xff7b, 
	0xff5b, 0xff5b, 0xff5b, 0xff7b, 0xff5b, 0xff7b, 0xff7b, 0xff7b, 0xff7b, 0xff7b, 0xff7b, 0xff7b, 0xff7b, 0xff7b, 0xff7b, 0xff7b, 
	0xff7b, 0xff7b, 0xff7b, 0xff7b, 0xff7b, 0xff7b, 0xff7b, 0xff7b, 0xff7b, 0xff7b, 0xff7b, 0xff7b, 0xff7b, 0xff7b, 0xff7a, 0xff7a, 
	0xbdb8, 0xbdb8, 0xbdd8, 0xbdd8, 0xbdd8, 0xbdd8, 0xbdd8, 0xbdd8, 0xbdd8, 0xbdd8, 0xc5f8, 0xc5f8, 0xc5f8, 0xc5f8, 0xc5f8, 0xc5f8, 
	0xc5f8, 0xc618, 0xce18, 0xce18, 0xce18, 0xce18, 0xce18, 0xce18, 0xce38, 0xce38, 0xd638, 0xd638, 0xd638, 0xd638, 0xd638, 0xd658, 
	0xd658, 0xd658, 0xd658, 0xde58, 0xde58, 0xde58, 0xde58, 0xde78, 0xde78, 0xde78, 0xde78, 0xde78, 0xde78, 0xe679, 0xe678, 0xe699, 
	0xe699, 0xe699, 0xe699, 0xe699, 0xe699, 0xee99, 0xee98, 0xee98, 0xee98, 0xee98, 0xee98, 0xeeb8, 0xeeb8, 0xeeb8, 0xeeb8, 0xeeb8, 
	0xeeb8, 0xeeb8, 0xeeb8, 0xeeb8, 0xeeb8, 0xeeb8, 0xf6b8, 0xeeb8, 0xf6b8, 0xf6b8, 0xf6b8, 0xf6b8, 0xf6b8, 0xf6b8, 0xf6b8, 0xf6d8, 
	0xf6d8, 0xf6d8, 0xf6d8, 0xf6d8, 0xf6d8, 0xf6d8, 0xf6d9, 0xf6d9, 0xf6d9, 0xf6d9, 0xf6d9, 0xf6d9, 0xf6d9, 0xf6d9, 0xf6d9, 0xf6d9, 
	0xf6d9, 0xf6d9, 0xf6f9, 0xf6f9, 0xf6f9, 0xf6f9, 0xf6f9, 0xf6f9, 0xf6f9, 0xf6f9, 0xf6f9, 0xf6f9, 0xf6f9, 0xf6f9, 0xf6f9, 0xf6f9, 
	0xf6f9, 0xf6f9, 0xf6f9, 0xf6f9, 0xf6f9, 0xf6f9, 0xf6f9, 0xf719, 0xf719, 0xf719, 0xf719, 0xf719, 0xf719, 0xff19, 0xff19, 0xff19, 
	0xff19, 0xff19, 0xff19, 0xff19, 0xff19, 0xff19, 0xff19, 0xff19, 0xff19, 0xff19, 0xff19, 0xff1a, 0xff19, 0xff19, 0xff19, 0xff19, 
	0xff19, 0xff19, 0xff19, 0xff19, 0xff19, 0xff19, 0xff19, 0xff19, 0xff19, 0xff19, 0xff19, 0xff19, 0xff19, 0xfef9, 0xfef9, 0xfef9, 
	0xfef9, 0xfef9, 0xfef9, 0xfef9, 0xfef9, 0xfef9, 0xfef9, 0xfef9, 0xfef9, 0xfef9, 0xfef9, 0xfef9, 0xfef9, 0xfef9, 0xfef9, 0xfef9, 
	0xfef8, 0xfef8, 0xfef8, 0xfef8, 0xfef8, 0xfef8, 0xfef8, 0xfef8, 0xfed8, 0xfed8, 0xfed8, 0xfed8, 0xfed8, 0xfed8, 0xfed8, 0xfed8, 
	0xfed8, 0xfed8, 0xfed8, 0xfed8, 0xfed8, 0xfed8, 0xfed8, 0xfed8, 0xfed8, 0xfed8, 0xfed8, 0xfed8, 0xfed8, 0xfed8, 0xfed8, 0xfed8, 
	0xfef8, 0xfef8, 0xfef8, 0xfef8, 0xfef8, 0xfef8, 0xfef8, 0xfef8, 0xfef8, 0xfef8, 0xfef8, 0xfef8, 0xfef8, 0xfef9, 0xfef9, 0xfef9, 
	0xfef9, 0xfef9, 0xfef9, 0xfef9, 0xfef9, 0xfef9, 0xfef9, 0xfef9, 0xfef9, 0xfef9, 0xff19, 0xff19, 0xff19, 0xff19, 0xff19, 0xff19, 
	0xff19, 0xff19, 0xff19, 0xff19, 0xff19, 0xff19, 0xff19, 0xff19, 0xff19, 0xff19, 0xff19, 0xff1a, 0xff1a, 0xff1a, 0xff3a, 0xff3a, 
	0xff3a, 0xff3a, 0xff3a, 0xff3a, 0xff3a, 0xff3a, 0xff3a, 0xff3a, 0xff3a, 0xff5a, 0xff5a, 0xff5a, 0xff5a, 0xff5a, 0xff5a, 0xff5a, 
	0xff5a, 0xff5a, 0xff5a, 0xff5a, 0xff5a, 0xff5a, 0xff5a, 0xff5a, 0xff5a, 0xff5b, 0xff5b, 0xff5b, 0xff5b, 0xff5b, 0xff5b, 0xff5b, 
	0xff5b, 0xff5b, 0xff5b, 0xff5b, 0xff7b, 0xff7b, 0xff5b, 0xff7b, 0xff7b, 0xff7b, 0xff7b, 0xff7b, 0xff7b, 0xff7b, 0xff7b, 0xff7b, 
	0xff7b, 0xff7b, 0xff7b, 0xff7b, 0xff7b, 0xff7b, 0xff7b, 0xff7b, 0xff7b, 0xff7b, 0xff7b, 0xff7b, 0xff7b, 0xff7b, 0xff7a, 0xff7a, 
	0xbdb8, 0xbdb8, 0xbdd8, 0xbdd8, 0xbdd8, 0xbdd8, 0xbdd8, 0xbdd8, 0xbdd8, 0xc5f8, 0xc5f8, 0xc5f8, 0xc5f8, 0xc5f8, 0xc5f8, 0xc5f8, 
	0xc5f8, 0xce18, 0xce18, 0xce18, 0xce18, 0xce18, 0xce18, 0xce18, 0xce38, 0xce38, 0xd638, 0xd638, 0xd638, 0xd638, 0xd638, 0xd638, 
	0xd658, 0xd658, 0xd658, 0xde58, 0xde58, 0xde58, 0xde58, 0xde58, 0xde78, 0xde78, 0xde78, 0xde78, 0xde78, 0xe678, 0xe678, 0xe698, 
	0xe699, 0xe699, 0xe699, 0xe699, 0xe699, 0xee99, 0xee98, 0xee98, 0xee98, 0xee99, 0xeeb8, 0xee98, 0xeeb8, 0xeeb8, 0xeeb8, 0xeeb8, 
	0xeeb8, 0xeeb8, 0xeeb8, 0xeeb8, 0xeeb8, 0xeeb8, 0xf6b8, 0xf6b8, 0xf6b8, 0xf6b8, 0xf6b8, 0xf6d8, 0xf6d8, 0xf6d8, 0xf6d8, 0xf6d8, 
	0xf6d8, 0xf6d8, 0xf6d9, 0xf6d9, 0xf6d9, 0xf6d9, 0xf6d9, 0xf6d9, 0xf6d9, 0xf6d9, 0xf6d9, 0xf6d9, 0xf6d9, 0xf6d9, 0xf6f9, 0xf6f9, 
	0xf6f9, 0xf6f9, 0xf6f9, 0xf6f9, 0xf6f9, 0xf6f9, 0xf6f9, 0xf6f9, 0xf6f9, 0xf6f9, 0xf6f9, 0xf6f9, 0xf6f9, 0xf6f9, 0xf6f9, 0xf6f9, 
	0xf6f9, 0xf6f9, 0xf719, 0xf719, 0xf719, 0xf719, 0xf719, 0xff19, 0xff19, 0xff19, 0xff19, 0xff19, 0xff19, 0xff19, 0xff19, 0xff19, 
	0xff19, 0xff19, 0xff19, 0xff19, 0xff19, 0xff19, 0xff19, 0xff19, 0xff19, 0xff19, 0xff19, 0xff19, 0xff19, 0xff19, 0xff19, 0xff19, 
	0xff19, 0xff19, 0xff19, 0xff19, 0xff19, 0xff19, 0xff19, 0xff19, 0xff19, 0xff19, 0xff19, 0xff19, 0xff19, 0xff19, 0xff19, 0xff19, 
	0xff19, 0xff19, 0xfef9, 0xfef9, 0xfef9, 0xfef9, 0xfef9, 0xfef9, 0xfef9, 0xfef9, 0xfef9, 0xfef9, 0xfef9, 0xfef9, 0xfef9, 0xfef9, 
	0xfef9, 0xfef8, 0xfef8, 0xfef8, 0xfef8, 0xfef8, 0xfef8, 0xfef8, 0xfef8, 0xfef8, 0xfef8, 0xfef8, 0xfed8, 0xfed8, 0xfed8, 0xfed8, 
	0xfed8, 0xfed8, 0xfed8, 0xfed8, 0xfed8, 0xfed8, 0xfed8, 0xfed8, 0xfed8, 0xfed8, 0xfed8, 0xfed8, 0xfef8, 0xfef8, 0xfef8, 0xfef8, 
	0xfef8, 0xfef8, 0xfef8, 0xfef8, 0xfef8, 0xfef8, 0xfef8, 0xfef8, 0xfef8, 0xfef8, 0xfef8, 0xfef8, 0xfef9, 0xfef9, 0xfef9, 0xfef9, 
	0xfef9, 0xfef9, 0xfef9, 0xfef9, 0xfef9, 0xfef9, 0xfef9, 0xfef9, 0xff19, 0xff19, 0xff19, 0xff19, 0xff19, 0xff19, 0xff19, 0xff19, 
	0xff19, 0xff19, 0xff19, 0xff19, 0xff19, 0xff19, 0xff19, 0xff19, 0xff19, 0xff1a, 0xff1a, 0xff1a, 0xff3a, 0xff3a, 0xff3a, 0xff3a, 
	0xff3a, 0xff3a, 0xff3a, 0xff3a, 0xff3a, 0xff3a, 0xff3a, 0xff3a, 0xff3a, 0xff3a, 0xff3a, 0xff3a, 0xff3a, 0xff5a, 0xff5a, 0xff5a, 
	0xff5a, 0xff5a, 0xff5a, 0xff5a, 0xff5a, 0xff5a, 0xff5a, 0xff5a, 0xff5a, 0xff5a, 0xff5b, 0xff5b, 0xff5b, 0xff5b, 0xff5b, 0xff5b, 
	0xff5b, 0xff5b, 0xff5b, 0xff5b, 0xff5b, 0xff7b, 0xff7b, 0xff5b, 0xff7b, 0xff7b, 0xff7b, 0xff7b, 0xff7b, 0xff7b, 0xff7b, 0xff7b, 
	0xff7b, 0xff7b, 0xff7b, 0xff7b, 0xff7b, 0xff7b, 0xff7b, 0xff7b, 0xff7b, 0xff7b, 0xff7b, 0xff7b, 0xff7b, 0xff7b, 0xff7a, 0xff7a, 
	0xbdb8, 0xbdd8, 0xbdd8, 0xbdd8, 0xbdd8, 0xbdd8, 0xbdd8, 0xbdd8, 0xbdd8, 0xc5f8, 0xc5f8, 0xc5f8, 0xc5f8, 0xc5f8, 0xc5f8, 0xc5f8, 
	0xc618, 0xce18, 0xce18, 0xce18, 0xce18, 0xce18, 0xce18, 0xce18, 0xce38, 0xd638, 0xd638, 0xd638, 0xd638, 0xd638, 0xd638, 0xd638, 
	0xd658, 0xd658, 0xd658, 0xde58, 0xde58, 0xde58, 0xde78, 0xde78, 0xde78, 0xde78, 0xde78, 0xde79, 0xde79, 0xe679, 0xe679, 0xe699, 
	0xe699, 0xe699, 0xe699, 0xe699, 0xe699, 0xe699, 0xee99, 0xee99, 0xeeb9, 0xeeb9, 0xeeb9, 0xeeb8, 0xeeb8, 0xeeb8, 0xeeb8, 0xeeb8, 
	0xeeb8, 0xeeb8, 0xf6b8, 0xeeb8, 0xeeb8, 0xeeb8, 0xf6b8, 0xf6b8, 0xf6b8, 0xf6b8, 0xf6b8, 0xf6d8, 0xf6d8, 0xf6d8, 0xf6d8, 0xf6d8, 
	0xf6d8, 0xf6d8, 0xf6d8, 0xf6d9, 0xf6d9, 0xf6d9, 0xf6d9, 0xf6d9, 0xf6d9, 0xf6d9, 0xf6d9, 0xf6d9, 0xf6d9, 0xf6d9, 0xf6d9, 0xf6f9, 
	0xf6f9, 0xf6f9, 0xf6f9, 0xf6f9, 0xf6f9, 0xf6f9, 0xf6f9, 0xf6f9, 0xf6f9, 0xf6f9, 0xf6f9, 0xf6f9, 0xf6f9, 0xf6f9, 0xf6f9, 0xf6f9, 
	0xf6f9, 0xf6f9, 0xf6f9, 0xf719, 0xf719, 0xf719, 0xf719, 0xf719, 0xf719, 0xf719, 0xf719, 0xff19, 0xff19, 0xff19, 0xff19, 0xff19, 
	0xff19, 0xff19, 0xff19, 0xff19, 0xff19, 0xff19, 0xff19, 0xff19, 0xff19, 0xff19, 0xff19, 0xff19, 0xff19, 0xff19, 0xff19, 0xff19, 
	0xff19, 0xff19, 0xff19, 0xff19, 0xff19, 0xff19, 0xff19, 0xff19, 0xff19, 0xff19, 0xff19, 0xff19, 0xfef9, 0xfef9, 0xfef9, 0xfef9, 
	0xfef9, 0xfef9, 0xfef9, 0xfef9, 0xfef9, 0xfef9, 0xfef9, 0xfef9, 0xfef9, 0xfef9, 0xfef9, 0xfef9, 0xfef9, 0xfef9, 0xfef8, 0xfef8, 
	0xfef8, 0xfef8, 0xfef8, 0xfef8, 0xfed8, 0xfed8, 0xfed8, 0xfed8, 0xfed8, 0xfed8, 0xfed8, 0xfed8, 0xfed8, 0xfed8, 0xfed8, 0xfed8, 
	0xfed8, 0xfed8, 0xfed8, 0xfed8, 0xfed8, 0xfed8, 0xfed8, 0xfed8, 0xfed8, 0xfed8, 0xfed8, 0xfed8, 0xfed8, 0xfed8, 0xfed8, 0xfed8, 
	0xfed8, 0xfed8, 0xfed8, 0xfed8, 0xfed8, 0xfef8, 0xfef8, 0xfef8, 0xfef8, 0xfef8, 0xfef8, 0xfef8, 0xfef8, 0xfef8, 0xfef8, 0xfef8, 
	0xfef9, 0xfef9, 0xfef9, 0xfef9, 0xfef9, 0xfef9, 0xfef9, 0xfef9, 0xfef9, 0xfef9, 0xfef9, 0xfef9, 0xfef9, 0xff19, 0xff19, 0xff19, 
	0xff19, 0xff19, 0xff19, 0xff19, 0xff19, 0xff19, 0xff19, 0xff19, 0xff19, 0xff19, 0xff19, 0xff19, 0xff19, 0xff1a, 0xff1a, 0xff1a, 
	0xff3a, 0xff3a, 0xff3a, 0xff3a, 0xff3a, 0xff3a, 0xff3a, 0xff3a, 0xff3a, 0xff3a, 0xff3a, 0xff3a, 0xff5a, 0xff5a, 0xff5a, 0xff5a, 
	0xff5a, 0xff5a, 0xff5a, 0xff5a, 0xff5a, 0xff5a, 0xff5a, 0xff5a, 0xff5a, 0xff5a, 0xff5a, 0xff5a, 0xff5a, 0xff5a, 0xff5b, 0xff5b, 
	0xff5b, 0xff5b, 0xff5b, 0xff5b, 0xff5b, 0xff7b, 0xff5b, 0xff7b, 0xff7b, 0xff7b, 0xff7b, 0xff7b, 0xff7b, 0xff7b, 0xff7b, 0xff7b, 
	0xff7b, 0xff7b, 0xff7b, 0xff7b, 0xff7b, 0xff7b, 0xff7b, 0xff7b, 0xff7b, 0xff7b, 0xff7b, 0xff7b, 0xff7b, 0xff7a, 0xff7a, 0xff7a, 
	0xbdb8, 0xbdb8, 0xbdd8, 0xbdd8, 0xbdd8, 0xbdd8, 0xbdd8, 0xbdd8, 0xc5f8, 0xc5f8, 0xc5f8, 0xc5f8, 0xc5f8, 0xc5f8, 0xc5f8, 0xc5f8, 
	0xc5f8, 0xce18, 0xce18, 0xce18, 0xce18, 0xce18, 0xce18, 0xce18, 0xce18, 0xce38, 0xd638, 0xd638, 0xd638, 0xd638, 0xd638, 0xd638, 
	0xd658, 0xd658, 0xd658, 0xd658, 0xde58, 0xde58, 0xde58, 0xde58, 0xde78, 0xde78, 0xde78, 0xde78, 0xde78, 0xe678, 0xe679, 0xe699, 
	0xe699, 0xe699, 0xe699, 0xe699, 0xe699, 0xe699, 0xe698, 0xeeb9, 0xeeb9, 0xeeb9, 0xeeb9, 0xeeb9, 0xeeb8, 0xeeb8, 0xeeb8, 0xeeb8, 
	0xeeb8, 0xeeb8, 0xeeb8, 0xeeb8, 0xeeb8, 0xeeb9, 0xf6b9, 0xf6b8, 0xf6b8, 0xf6d8, 0xf6d8, 0xf6d8, 0xf6d8, 0xf6d8, 0xf6d8, 0xf6d9, 
	0xf6d9, 0xf6d9, 0xf6d9, 0xf6d9, 0xf6d9, 0xf6d9, 0xf6d9, 0xf6d9, 0xf6d9, 0xf6d9, 0xf6d9, 0xf6f9, 0xf6f9, 0xf6f9, 0xf6f9, 0xf6f9, 
	0xf6f9, 0xf6f9, 0xf6f9, 0xf6f9, 0xf6f9, 0xf6f9, 0xf6f9, 0xf6f9, 0xf6f9, 0xf6f9, 0xf6f9, 0xf6f9, 0xf6f9, 0xf6f9, 0xf6f9, 0xf6f9, 
	0xf719, 0xf719, 0xf719, 0xf719, 0xf719, 0xf719, 0xff19, 0xff19, 0xff19, 0xff19, 0xff19, 0xff19, 0xff19, 0xff19, 0xff19, 0xff19, 
	0xff19, 0xff19, 0xff19, 0xff19, 0xff19, 0xff19, 0xff19, 0xff19, 0xff19, 0xff19, 0xff19, 0xff19, 0xff19, 0xff19, 0xff19, 0xff19, 
	0xff19, 0xff19, 0xff19, 0xff19, 0xff19, 0xff19, 0xff19, 0xff19, 0xff19, 0xff19, 0xff19, 0xff19, 0xff19, 0xff19, 0xff19, 0xfef9, 
	0xfef9, 0xfef9, 0xfef9, 0xfef9, 0xfef9, 0xfef9, 0xfef9, 0xfef9, 0xfef9, 0xfef9, 0xfef9, 0xfef9, 0xfef8, 0xfef8, 0xfef8, 0xfef8, 
	0xfef8, 0xfef8, 0xfef8, 0xfef8, 0xfef8, 0xfef8, 0xfef8, 0xfed8, 0xfed8, 0xfed8, 0xfed8, 0xfed8, 0xfed8, 0xfed8, 0xfed8, 0xfed8, 
	0xfed8, 0xfed8, 0xfed8, 0xfed8, 0xfed8, 0xfed8, 0xfed8, 0xfed8, 0xfed8, 0xfed8, 0xfed8, 0xfed8, 0xfed8, 0xfed8, 0xfed8, 0xfed8, 
	0xfed8, 0xfed8, 0xfef8, 0xfef8, 0xfef8, 0xfef8, 0xfef8, 0xfef8, 0xfef8, 0xfef8, 0xfef8, 0xfef8, 0xfef8, 0xfef8, 0xfef8, 0xfef8, 
	0xfef8, 0xfef8, 0xfef8, 0xfef8, 0xfef9, 0xfef9, 0xfef9, 0xfef9, 0xfef9, 0xfef9, 0xfef9, 0xfef9, 0xff19, 0xff19, 0xff19, 0xff19, 
	0xff19, 0xff19, 0xff19, 0xff19, 0xff19, 0xff19, 0xff19, 0xff19, 0xff19, 0xff19, 0xff19, 0xff19, 0xff1a, 0xff1a, 0xff1a, 0xff3a, 
	0xff3a, 0xff3a, 0xff3a, 0xff3a, 0xff3a, 0xff3a, 0xff3a, 0xff3a, 0xff3a, 0xff3a, 0xff3a, 0xff3a, 0xff3a, 0xff3a, 0xff3a, 0xff3a, 
	0xff3a, 0xff5a, 0xff5a, 0xff5a, 0xff5a, 0xff5a, 0xff5a, 0xff5a, 0xff5a, 0xff5a, 0xff5a, 0xff5a, 0xff5a, 0xff5b, 0xff5a, 0xff5b, 
	0xff5b, 0xff5b, 0xff5b, 0xff5b, 0xff5b, 0xff5b, 0xff7b, 0xff7b, 0xff7b, 0xff7b, 0xff7b, 0xff7b, 0xff7b, 0xff7b, 0xff7b, 0xff7b, 
	0xff7b, 0xff7b, 0xff7b, 0xff7b, 0xff7b, 0xff7b, 0xff7b, 0xff7b, 0xff7b, 0xff7b, 0xff7b, 0xff7b, 0xff7b, 0xff7a, 0xff7a, 0xff7a, 
	0xbdb8, 0xbdd8, 0xbdd8, 0xbdd8, 0xbdd8, 0xbdd8, 0xbdd8, 0xc5d8, 0xc5f8, 0xc5f8, 0xc5f8, 0xc5f8, 0xc5f8, 0xc5f8, 0xc5f8, 0xc5f8, 
	0xce18, 0xce18, 0xce18, 0xce18, 0xce18, 0xce18, 0xce18, 0xce18, 0xce38, 0xd638, 0xd638, 0xd638, 0xd638, 0xd638, 0xd638, 0xd638, 
	0xd638, 0xd658, 0xd658, 0xd658, 0xd658, 0xde58, 0xde58, 0xde58, 0xde78, 0xde78, 0xde78, 0xde78, 0xde78, 0xde78, 0xde78, 0xe678, 
	0xe698, 0xe698, 0xe699, 0xe699, 0xe698, 0xe698, 0xe698, 0xe698, 0xe6b8, 0xeeb8, 0xeeb8, 0xeeb8, 0xeeb8, 0xeed8, 0xeed8, 0xeeb8, 
	0xeeb8, 0xeeb8, 0xf6b8, 0xf6b8, 0xf6d9, 0xf6d9, 0xf6d9, 0xf6d8, 0xf6d8, 0xf6d8, 0xf6d8, 0xf6d8, 0xf6d8, 0xf6d8, 0xf6d8, 0xf6d8, 
	0xf6d9, 0xf6d9, 0xf6d9, 0xf6d9, 0xf6d9, 0xf6d9, 0xf6f9, 0xf6f9, 0xf6f9, 0xf6f9, 0xf6f9, 0xf6f9, 0xf6f9, 0xf6f9, 0xf6f9, 0xf6f9, 
	0xf6f9, 0xf6f9, 0xf6f9, 0xf6f9, 0xf6f9, 0xf6f9, 0xf6f9, 0xf6f9, 0xf6f9, 0xf6f9, 0xf6f9, 0xf6f9, 0xf6f9, 0xf6f9, 0xf719, 0xf719, 
	0xff19, 0xff19, 0xff19, 0xff19, 0xff19, 0xff19, 0xff19, 0xff19, 0xff1a, 0xff1a, 0xff1a, 0xff1a, 0xff1a, 0xff1a, 0xff1a, 0xff1a, 
	0xff1a, 0xff1a, 0xff1a, 0xff1a, 0xff1a, 0xff1a, 0xff1a, 0xff1a, 0xff1a, 0xff1a, 0xff1a, 0xff19, 0xff19, 0xff19, 0xff19, 0xff19, 
	0xff19, 0xff19, 0xff19, 0xff19, 0xff19, 0xff19, 0xff19, 0xff19, 0xff19, 0xff19, 0xff19, 0xff19, 0xff19, 0xff19, 0xff19, 0xff19, 
	0xfef9, 0xfef9, 0xfef9, 0xfef9, 0xfef9, 0xfef9, 0xfef9, 0xfef9, 0xfef9, 0xfef9, 0xfef9, 0xfef9, 0xfef8, 0xfef8, 0xfef8, 0xfef8, 
	0xfef8, 0xfef8, 0xfef8, 0xfef8, 0xfef8, 0xfef8, 0xfed8, 0xfed8, 0xfed8, 0xfed8, 0xfed8, 0xfed8, 0xfed8, 0xfed8, 0xfed8, 0xfed8, 
	0xfed8, 0xfed8, 0xfed8, 0xfed8, 0xfed8, 0xfed8, 0xfed8, 0xfed8, 0xfed8, 0xfed8, 0xfed8, 0xfed8, 0xfed8, 0xfed8, 0xfed8, 0xfed8, 
	0xfed8, 0xfed8, 0xfed8, 0xfed8, 0xfef8, 0xfef8, 0xfef8, 0xfef8, 0xfef8, 0xfef8, 0xfef8, 0xfef8, 0xfef8, 0xfef8, 0xfef8, 0xfef8, 
	0xfef8, 0xfef8, 0xfef8, 0xfef8, 0xfef8, 0xfef9, 0xfef9, 0xfef9, 0xfef9, 0xfef9, 0xfef9, 0xfef9, 0xff19, 0xff19, 0xff19, 0xff19, 
	0xff19, 0xff19, 0xff19, 0xff19, 0xff19, 0xff19, 0xff19, 0xff19, 0xff19, 0xff19, 0xff19, 0xff19, 0xff19, 0xff1a, 0xff1a, 0xff3a, 
	0xff3a, 0xff3a, 0xff3a, 0xff3a, 0xff3a, 0xff3a, 0xff3a, 0xff3a, 0xff3a, 0xff3a, 0xff3a, 0xff3a, 0xff3a, 0xff3a, 0xff3a, 0xff3a, 
	0xff3a, 0xff3a, 0xff5a, 0xff5a, 0xff5a, 0xff5a, 0xff5a, 0xff5a, 0xff5a, 0xff5a, 0xff5a, 0xff5a, 0xff5a, 0xff5b, 0xff5a, 0xff5b, 
	0xff5a, 0xff5b, 0xff5b, 0xff5b, 0xff5b, 0xff5b, 0xff7b, 0xff5b, 0xff7b, 0xff7b, 0xff7b, 0xff7b, 0xff7b, 0xff7b, 0xff7b, 0xff7b, 
	0xff7b, 0xff7b, 0xff7b, 0xff7b, 0xff7b, 0xff7b, 0xff7b, 0xff7b, 0xff7b, 0xff7b, 0xff7b, 0xff7b, 0xff7b, 0xff7a, 0xff7a, 0xff7a, 
	0xbdb8, 0xbdd8, 0xbdd8, 0xbdd8, 0xbdd8, 0xbdd8, 0xc5d8, 0xc5d8, 0xc5d8, 0xc5f8, 0xc5f8, 0xc5f8, 0xc5f8, 0xc5f8, 0xc5f8, 0xc5f8, 
	0xce18, 0xcdf8, 0xce18, 0xce18, 0xce18, 0xce18, 0xce18, 0xce38, 0xce38, 0xce38, 0xd638, 0xd638, 0xd638, 0xd638, 0xd658, 0xd638, 
	0xd658, 0xd658, 0xd658, 0xd658, 0xd658, 0xde58, 0xde58, 0xde58, 0xde78, 0xde78, 0xde78, 0xde78, 0xde78, 0xde78, 0xde78, 0xe698, 
	0xe698, 0xe698, 0xe698, 0xe698, 0xe698, 0xe698, 0xe698, 0xe6b8, 0xe6b8, 0xe6b8, 0xe6b8, 0xeed8, 0xeed8, 0xeeb8, 0xeed8, 0xeeb8, 
	0xeeb8, 0xeeb8, 0xf6b8, 0xf6b8, 0xf6b9, 0xf6b9, 0xf6d9, 0xf6b8, 0xf6d8, 0xf6d8, 0xf6d8, 0xf6d8, 0xf6d8, 0xf6d8, 0xf6d8, 0xf6d8, 
	0xf6d8, 0xf6d9, 0xf6d9, 0xf6d9, 0xf6d9, 0xf6d9, 0xf6d9, 0xf6d9, 0xf6f9, 0xf6f9, 0xf6f9, 0xf6f9, 0xf6f9, 0xf6f9, 0xf6f9, 0xf6f9, 
	0xf6f9, 0xf6f9, 0xf6f9, 0xf6f9, 0xf6f9, 0xf6f9, 0xf6f9, 0xf6f9, 0xf6f9, 0xf6f9, 0xf6f9, 0xf6f9, 0xf6f9, 0xf6f9, 0xf6f9, 0xf6f9, 
	0xf719, 0xf719, 0xf719, 0xf719, 0xf719, 0xf719, 0xff19, 0xff19, 0xff19, 0xff19, 0xff19, 0xff19, 0xff19, 0xff19, 0xff19, 0xff19, 
	0xff19, 0xff19, 0xff19, 0xff19, 0xff19, 0xff19, 0xff19, 0xff19, 0xff19, 0xff19, 0xff19, 0xff19, 0xff19, 0xff19, 0xff19, 0xff19, 
	0xff19, 0xff19, 0xff19, 0xff19, 0xff19, 0xff19, 0xff19, 0xff19, 0xff19, 0xff19, 0xff19, 0xfef9, 0xfef9, 0xfef9, 0xfef9, 0xfef9, 
	0xfef9, 0xfef9, 0xfef9, 0xfef9, 0xfef9, 0xfef9, 0xfef9, 0xfef9, 0xfef9, 0xfef8, 0xfef8, 0xfef8, 0xfef8, 0xfef8, 0xfef8, 0xfef8, 
	0xfef8, 0xfed8, 0xfed8, 0xfed8, 0xfed8, 0xfed8, 0xfed8, 0xfed8, 0xfed8, 0xfed8, 0xfed8, 0xfed8, 0xfed8, 0xfed8, 0xfed8, 0xfed8, 
	0xfed8, 0xfed8, 0xfed8, 0xfed8, 0xfed8, 0xfed8, 0xfed8, 0xfed8, 0xfed8, 0xfed8, 0xfed8, 0xfed8, 0xfed8, 0xfed8, 0xfed8, 0xfed8, 
	0xfed8, 0xfed8, 0xfed8, 0xfed8, 0xfed8, 0xfed8, 0xfed8, 0xfed8, 0xfed8, 0xfed8, 0xfed8, 0xfed8, 0xfef8, 0xfef8, 0xfef8, 0xfef8, 
	0xfef8, 0xfef8, 0xfef8, 0xfef8, 0xfef8, 0xfef8, 0xfef8, 0xfef8, 0xfef8, 0xfef9, 0xfef9, 0xfef9, 0xfef9, 0xfef9, 0xfef9, 0xfef9, 
	0xff19, 0xff19, 0xff19, 0xff19, 0xff19, 0xff19, 0xff19, 0xff19, 0xff19, 0xff19, 0xff19, 0xff19, 0xff19, 0xff19, 0xff19, 0xff19, 
	0xff19, 0xff1a, 0xff1a, 0xff3a, 0xff3a, 0xff3a, 0xff3a, 0xff3a, 0xff3a, 0xff3a, 0xff3a, 0xff3a, 0xff3a, 0xff3a, 0xff3a, 0xff3a, 
	0xff3a, 0xff5a, 0xff5a, 0xff5a, 0xff5a, 0xff5a, 0xff5a, 0xff5a, 0xff5a, 0xff5a, 0xff5a, 0xff5a, 0xff5a, 0xff5a, 0xff5b, 0xff5a, 
	0xff5a, 0xff5a, 0xff5b, 0xff5b, 0xff5b, 0xff5a, 0xff5b, 0xff7b, 0xff7b, 0xff7b, 0xff7b, 0xff7b, 0xff7b, 0xff7b, 0xff7b, 0xff7b, 
	0xff7b, 0xff7b, 0xff7b, 0xff7b, 0xff7b, 0xff7b, 0xff7b, 0xff7b, 0xff7b, 0xff7b, 0xff7b, 0xff7a, 0xff7a, 0xff7a, 0xff7a, 0xff7a, 
	0xbdd8, 0xbdd8, 0xbdd8, 0xbdd8, 0xbdd8, 0xbdd8, 0xc5d8, 0xc5d8, 0xc5d8, 0xc5d8, 0xc5f8, 0xc5f8, 0xc5f8, 0xc5f8, 0xc5f8, 0xc5f8, 
	0xc618, 0xce18, 0xce18, 0xce18, 0xce18, 0xce18, 0xce38, 0xce38, 0xce38, 0xce38, 0xd638, 0xd638, 0xd638, 0xd658, 0xd658, 0xd658, 
	0xd658, 0xd658, 0xd658, 0xd658, 0xd658, 0xde58, 0xde78, 0xde78, 0xde58, 0xde78, 0xde78, 0xde78, 0xde78, 0xde78, 0xde98, 0xe698, 
	0xe698, 0xe698, 0xe698, 0xe698, 0xe698, 0xe698, 0xe698, 0xe6b8, 0xe6b8, 0xe6b8, 0xe6b8, 0xeeb8, 0xeed8, 0xeed8, 0xeed8, 0xeed8, 
	0xeeb8, 0xeeb8, 0xf6d9, 0xeed9, 0xf6d9, 0xf6d9, 0xf6d9, 0xf6d8, 0xf6d8, 0xf6d8, 0xf6d8, 0xf6d8, 0xf6d8, 0xf6d9, 0xf6d9, 0xf6d9, 
	0xf6d9, 0xf6d9, 0xf6d9, 0xf6d9, 0xf6f9, 0xf6f9, 0xf6f9, 0xf6f9, 0xf6f9, 0xf6f9, 0xf6f9, 0xf6f9, 0xf6f9, 0xf6f9, 0xf6f9, 0xf6f9, 
	0xf6f9, 0xf6f9, 0xf6f9, 0xf6f9, 0xf6f9, 0xf6f9, 0xf6f9, 0xf6f9, 0xf6f9, 0xf6f9, 0xf6f9, 0xf6f9, 0xf6f9, 0xf719, 0xf719, 0xf719, 
	0xf719, 0xf719, 0xf719, 0xf719, 0xf719, 0xf71a, 0xf71a, 0xf71a, 0xf71a, 0xf71a, 0xff1a, 0xff1a, 0xff19, 0xff19, 0xff19, 0xff19, 
	0xff19, 0xff19, 0xff19, 0xff19, 0xff19, 0xff19, 0xff19, 0xff19, 0xff19, 0xff19, 0xff19, 0xff19, 0xff19, 0xff19, 0xff19, 0xff19, 
	0xff19, 0xff19, 0xff19, 0xff19, 0xff19, 0xff19, 0xff19, 0xff19, 0xff19, 0xff19, 0xff19, 0xfef9, 0xfef9, 0xfef9, 0xfef9, 0xfef9, 
	0xfef9, 0xfef9, 0xfef9, 0xfef9, 0xfef9, 0xfef9, 0xfef9, 0xfef9, 0xfef8, 0xfef8, 0xfef8, 0xfef8, 0xfef8, 0xfef8, 0xfef8, 0xfef8, 
	0xfef8, 0xfed8, 0xfed8, 0xfed8, 0xfed8, 0xfed8, 0xfed8, 0xfed8, 0xfed8, 0xfed8, 0xfed8, 0xfed8, 0xfed8, 0xfed8, 0xfed8, 0xfed8, 
	0xfed8, 0xfed8, 0xfed8, 0xfed8, 0xfed8, 0xfed8, 0xfed8, 0xfed8, 0xfed8, 0xfed8, 0xfed8, 0xfed8, 0xfed8, 0xfed8, 0xfed8, 0xfed8, 
	0xfed8, 0xfed8, 0xfed8, 0xfed8, 0xfed8, 0xfed8, 0xfed8, 0xfed8, 0xfed8, 0xfed8, 0xfed8, 0xfed8, 0xfed8, 0xfef8, 0xfef8, 0xfef8, 
	0xfef8, 0xfef8, 0xfef8, 0xfef8, 0xfef8, 0xfef8, 0xfef8, 0xfef8, 0xfef8, 0xfef9, 0xfef9, 0xfef9, 0xfef9, 0xfef9, 0xfef9, 0xfef9, 
	0xfef9, 0xff19, 0xff19, 0xff19, 0xff19, 0xff19, 0xff19, 0xff19, 0xff19, 0xff19, 0xff19, 0xff19, 0xff19, 0xff19, 0xff19, 0xff19, 
	0xff19, 0xff19, 0xff19, 0xff39, 0xff39, 0xff3a, 0xff3a, 0xff3a, 0xff3a, 0xff3a, 0xff3a, 0xff3a, 0xff3a, 0xff3a, 0xff3a, 0xff3a, 
	0xff3a, 0xff3a, 0xff5a, 0xff5a, 0xff5a, 0xff5a, 0xff5a, 0xff5a, 0xff5a, 0xff5a, 0xff5a, 0xff5a, 0xff5a, 0xff5a, 0xff5a, 0xff5a, 
	0xff5a, 0xff5a, 0xff5a, 0xff5b, 0xff5b, 0xff5a, 0xff5b, 0xff7b, 0xff5b, 0xff7b, 0xff7b, 0xff7b, 0xff7b, 0xff7b, 0xff7b, 0xff7b, 
	0xff7b, 0xff7b, 0xff7b, 0xff7b, 0xff7b, 0xff7b, 0xff7b, 0xff7b, 0xff7b, 0xff7b, 0xff7a, 0xff7a, 0xff7a, 0xff7a, 0xff7a, 0xff7a, 
	0xbdd8, 0xbdd8, 0xbdd8, 0xbdd8, 0xbdd8, 0xbdd8, 0xc5d8, 0xc5d8, 0xc5f8, 0xc5f8, 0xc5f8, 0xc5f8, 0xc5f8, 0xc5f8, 0xc5f8, 0xc5f8, 
	0xce18, 0xce18, 0xce18, 0xce18, 0xce18, 0xce18, 0xce38, 0xce38, 0xce38, 0xce38, 0xd638, 0xd638, 0xd658, 0xd658, 0xd658, 0xd658, 
	0xd658, 0xd658, 0xd658, 0xd658, 0xde58, 0xde58, 0xde78, 0xde78, 0xde78, 0xde78, 0xde78, 0xde78, 0xde78, 0xde98, 0xe698, 0xe698, 
	0xe698, 0xe698, 0xe698, 0xe698, 0xe698, 0xe698, 0xe698, 0xe6b8, 0xeeb8, 0xeeb8, 0xeeb8, 0xeed8, 0xeeb8, 0xeeb8, 0xeed8, 0xeed9, 
	0xeed8, 0xeeb8, 0xf6d9, 0xf6d9, 0xf6d9, 0xf6d9, 0xf6d9, 0xf6d8, 0xf6d8, 0xf6d9, 0xf6d9, 0xf6d9, 0xf6d9, 0xf6d9, 0xf6d9, 0xf6d9, 
	0xf6d9, 0xf6f9, 0xf6f9, 0xf6f9, 0xf6f9, 0xf6f9, 0xf6f9, 0xf6f9, 0xf6f9, 0xf6f9, 0xf6f9, 0xf6f9, 0xf6f9, 0xf6f9, 0xf6f9, 0xf6f9, 
	0xf6f9, 0xf6f9, 0xf6f9, 0xf6f9, 0xf6f9, 0xf6f9, 0xf719, 0xf719, 0xf719, 0xf719, 0xf719, 0xf719, 0xf719, 0xf719, 0xf719, 0xf719, 
	0xf719, 0xf719, 0xf719, 0xf719, 0xf719, 0xf719, 0xff19, 0xff19, 0xff19, 0xff1a, 0xff1a, 0xff1a, 0xff1a, 0xff1a, 0xff1a, 0xff1a, 
	0xff19, 0xff19, 0xff19, 0xff19, 0xff19, 0xff19, 0xff19, 0xff19, 0xff19, 0xff19, 0xff19, 0xff19, 0xff19, 0xff19, 0xff19, 0xff19, 
	0xff19, 0xff19, 0xff19, 0xff19, 0xff19, 0xff19, 0xff19, 0xff19, 0xff19, 0xff19, 0xff19, 0xff19, 0xff19, 0xff19, 0xff19, 0xfef9, 
	0xfef9, 0xfef9, 0xfef9, 0xfef9, 0xfef9, 0xfef9, 0xfef9, 0xfef9, 0xfef9, 0xfef8, 0xfef8, 0xfef8, 0xfef8, 0xfef8, 0xfef8, 0xfef8, 
	0xfef8, 0xfef8, 0xfef8, 0xfef8, 0xfed8, 0xfed8, 0xfed8, 0xfed8, 0xfed8, 0xfed8, 0xfed8, 0xfed8, 0xfed8, 0xfed8, 0xfed8, 0xfed8, 
	0xfed8, 0xfed8, 0xfed8, 0xfed8, 0xfed8, 0xfed8, 0xfed8, 0xfed8, 0xfed8, 0xfed8, 0xfed8, 0xfed8, 0xfed8, 0xfed8, 0xfed8, 0xfed8, 
	0xfed8, 0xfed8, 0xfed8, 0xfed8, 0xfed8, 0xfed8, 0xfed8, 0xfed8, 0xfed8, 0xfed8, 0xfed8, 0xfef8, 0xfef8, 0xfef8, 0xfef8, 0xfef8, 
	0xfef8, 0xfef8, 0xfef8, 0xfef8, 0xfef8, 0xfef8, 0xfef8, 0xfef8, 0xfef8, 0xfef9, 0xfef9, 0xfef9, 0xfef9, 0xfef9, 0xfef9, 0xfef9, 
	0xff19, 0xff19, 0xff19, 0xff19, 0xff19, 0xff19, 0xff19, 0xff19, 0xff19, 0xff19, 0xff19, 0xff19, 0xff19, 0xff19, 0xff19, 0xff19, 
	0xff19, 0xff19, 0xff39, 0xff39, 0xff3a, 0xff3a, 0xff3a, 0xff3a, 0xff3a, 0xff3a, 0xff3a, 0xff3a, 0xff3a, 0xff3a, 0xff3a, 0xff3a, 
	0xff3a, 0xff3a, 0xff3a, 0xff5a, 0xff5a, 0xff5a, 0xff5a, 0xff5a, 0xff5a, 0xff5a, 0xff5a, 0xff5a, 0xff5a, 0xff5a, 0xff5a, 0xff5a, 
	0xff5a, 0xff5b, 0xff5b, 0xff5b, 0xff5a, 0xff5b, 0xff5a, 0xff5b, 0xff7a, 0xff7b, 0xff7b, 0xff7a, 0xff7b, 0xff7b, 0xff7a, 0xff7b, 
	0xff7b, 0xff7a, 0xff7b, 0xff7b, 0xff7b, 0xff7b, 0xff7a, 0xff7b, 0xff7a, 0xff7b, 0xff7a, 0xff7a, 0xff7a, 0xff7a, 0xff7a, 0xff7a, 
	0xbdd8, 0xbdd8, 0xbdd8, 0xbdd8, 0xbdd8, 0xc5d8, 0xc5d8, 0xc5d8, 0xc5f8, 0xc5f8, 0xc5f8, 0xc5f8, 0xc5f8, 0xc5f8, 0xc5f8, 0xce18, 
	0xce18, 0xce18, 0xce18, 0xce18, 0xce18, 0xce18, 0xce18, 0xce38, 0xce38, 0xd638, 0xd638, 0xd638, 0xd658, 0xd658, 0xd658, 0xd658, 
	0xd658, 0xd658, 0xd658, 0xde58, 0xde78, 0xde78, 0xde78, 0xde78, 0xde78, 0xde78, 0xde78, 0xde98, 0xde98, 0xe698, 0xe698, 0xe698, 
	0xe698, 0xe698, 0xe698, 0xe698, 0xe698, 0xe698, 0xe698, 0xe6b9, 0xeeb8, 0xeeb8, 0xeeb8, 0xeeb8, 0xeeb8, 0xeeb8, 0xeeb8, 0xeeb8, 
	0xeed9, 0xeeb8, 0xf6b9, 0xeeb9, 0xeed9, 0xf6d9, 0xf6d9, 0xf6b8, 0xf6d8, 0xf6d8, 0xf6d9, 0xf6d9, 0xf6d9, 0xf6d9, 0xf6d9, 0xf6d9, 
	0xf6d9, 0xf6d9, 0xf6d9, 0xf6f9, 0xf6f9, 0xf6f9, 0xf6f9, 0xf6f9, 0xf6f9, 0xf6f9, 0xf6f9, 0xf6f9, 0xf6f9, 0xf6f9, 0xf6f9, 0xf6f9, 
	0xf6f9, 0xf6f9, 0xf6f9, 0xf6f9, 0xf6f9, 0xf6f9, 0xf6f9, 0xf6f9, 0xf6f9, 0xf6f9, 0xf719, 0xf719, 0xf719, 0xf719, 0xf719, 0xf719, 
	0xf719, 0xf719, 0xf719, 0xf719, 0xf719, 0xf719, 0xf719, 0xf719, 0xf719, 0xf719, 0xf719, 0xff19, 0xff19, 0xff19, 0xff19, 0xff19, 
	0xff19, 0xff19, 0xff19, 0xff19, 0xff19, 0xff19, 0xff19, 0xff19, 0xff19, 0xff19, 0xff19, 0xff19, 0xff19, 0xff19, 0xff19, 0xff19, 
	0xff19, 0xff19, 0xff19, 0xff19, 0xff19, 0xff19, 0xff19, 0xff19, 0xff19, 0xff19, 0xfef9, 0xfef9, 0xfef9, 0xfef9, 0xfef9, 0xfef9, 
	0xfef9, 0xfef9, 0xfef9, 0xfef9, 0xfef9, 0xfef8, 0xfef8, 0xfef8, 0xfef8, 0xfef8, 0xfef8, 0xfef8, 0xfed8, 0xfed8, 0xfed8, 0xfed8, 
	0xfed8, 0xfed8, 0xfed8, 0xfed8, 0xfed8, 0xfed8, 0xfed8, 0xfed8, 0xfed8, 0xfed8, 0xfed8, 0xfed8, 0xfed8, 0xfed8, 0xfed8, 0xfed8, 
	0xfed8, 0xfed8, 0xfed8, 0xfed8, 0xfed8, 0xfed8, 0xfed8, 0xfed8, 0xfed8, 0xfed8, 0xfed8, 0xfed8, 0xfed8, 0xfed8, 0xfed8, 0xfed8, 
	0xfed8, 0xfed8, 0xfed8, 0xfed8, 0xfed8, 0xfed8, 0xfed8, 0xfed8, 0xfed8, 0xfed8, 0xfed8, 0xfed8, 0xfed8, 0xfed8, 0xfed8, 0xfed8, 
	0xfed8, 0xfed8, 0xfef8, 0xfef8, 0xfef8, 0xfef8, 0xfef8, 0xfef8, 0xfef8, 0xfef8, 0xfef8, 0xfef8, 0xfef9, 0xfef9, 0xfef8, 0xfef8, 
	0xfef9, 0xfef9, 0xfef9, 0xfef9, 0xfef9, 0xff19, 0xff19, 0xff19, 0xff19, 0xff19, 0xff19, 0xff19, 0xff19, 0xff19, 0xff19, 0xff19, 
	0xff19, 0xff19, 0xff19, 0xff19, 0xff19, 0xff3a, 0xff3a, 0xff3a, 0xff3a, 0xff3a, 0xff3a, 0xff3a, 0xff3a, 0xff3a, 0xff3a, 0xff3a, 
	0xff3a, 0xff3a, 0xff3a, 0xff3a, 0xff5a, 0xff5a, 0xff5a, 0xff5a, 0xff5a, 0xff5a, 0xff5a, 0xff5a, 0xff5a, 0xff5a, 0xff5a, 0xff5a, 
	0xff5a, 0xff5a, 0xff5a, 0xff5a, 0xff5a, 0xff5b, 0xff5a, 0xff5a, 0xff7b, 0xff7a, 0xff7a, 0xff7a, 0xff7b, 0xff7b, 0xff7a, 0xff7b, 
	0xff7a, 0xff7b, 0xff7b, 0xff7a, 0xff7b, 0xff7a, 0xff7a, 0xff7b, 0xff7a, 0xff7a, 0xff7a, 0xff7a, 0xff7a, 0xff7a, 0xff5a, 0xff7a, 
	0xbdd8, 0xbdd8, 0xbdd8, 0xbdd8, 0xbdd8, 0xc5d8, 0xc5d8, 0xc5d8, 0xc5f8, 0xc5f8, 0xc5f8, 0xc5f8, 0xc5f8, 0xc5f8, 0xce18, 0xce18, 
	0xce18, 0xce18, 0xce18, 0xce18, 0xce18, 0xce18, 0xce18, 0xce38, 0xd638, 0xd638, 0xd638, 0xd638, 0xd658, 0xd658, 0xd658, 0xd658, 
	0xd658, 0xde58, 0xd658, 0xde58, 0xde78, 0xde78, 0xde78, 0xde78, 0xde78, 0xde78, 0xde78, 0xde98, 0xde98, 0xe698, 0xe698, 0xe698, 
	0xe698, 0xe698, 0xe698, 0xe698, 0xe698, 0xe698, 0xe699, 0xeeb9, 0xeeb9, 0xeeb9, 0xeeb8, 0xeeb8, 0xeeb8, 0xeeb8, 0xeeb8, 0xeeb9, 
	0xeed9, 0xeeb9, 0xf6b9, 0xf6d9, 0xf6d9, 0xf6d9, 0xf6d9, 0xf6d9, 0xf6d9, 0xf6d9, 0xf6d9, 0xf6d9, 0xf6d9, 0xf6d9, 0xf6d9, 0xf6d9, 
	0xf6f9, 0xf6f9, 0xf6f9, 0xf6f9, 0xf6f9, 0xf6f9, 0xf6f9, 0xf6f9, 0xf6f9, 0xf6f9, 0xf6f9, 0xf6f9, 0xf6f9, 0xf6f9, 0xf6f9, 0xf6f9, 
	0xf6f9, 0xf6f9, 0xf6f9, 0xf6f9, 0xf719, 0xf719, 0xf719, 0xf719, 0xf719, 0xf719, 0xf719, 0xf719, 0xf719, 0xf719, 0xf719, 0xf719, 
	0xf719, 0xf719, 0xf719, 0xf719, 0xf71a, 0xf71a, 0xff1a, 0xff1a, 0xff1a, 0xff1a, 0xff1a, 0xff1a, 0xff1a, 0xff1a, 0xff1a, 0xff1a, 
	0xff1a, 0xff19, 0xff19, 0xff19, 0xff19, 0xff19, 0xff19, 0xff19, 0xff19, 0xff19, 0xff19, 0xff19, 0xff19, 0xff19, 0xff19, 0xff19, 
	0xff19, 0xff19, 0xff19, 0xff19, 0xff19, 0xff19, 0xff19, 0xff19, 0xff19, 0xff19, 0xff19, 0xff19, 0xfef9, 0xfef9, 0xfef9, 0xfef9, 
	0xfef9, 0xfef9, 0xfef9, 0xfef8, 0xfef8, 0xfef8, 0xfef8, 0xfef8, 0xfef8, 0xfef8, 0xfef8, 0xfef8, 0xfef8, 0xfef8, 0xfef8, 0xfed8, 
	0xfed8, 0xfed8, 0xfed8, 0xfed8, 0xfed8, 0xfed8, 0xfed8, 0xfed8, 0xfed8, 0xfed8, 0xfed8, 0xfed8, 0xfed8, 0xfed8, 0xfed8, 0xfed8, 
	0xfed8, 0xfed8, 0xfed8, 0xfed8, 0xfed8, 0xfed8, 0xfed8, 0xfed8, 0xfed8, 0xfed8, 0xfed8, 0xfed8, 0xfed8, 0xfed8, 0xfed8, 0xfed8, 
	0xfed8, 0xfed8, 0xfed8, 0xfed8, 0xfed8, 0xfed8, 0xfed8, 0xfed8, 0xfed8, 0xfed8, 0xfed8, 0xfed8, 0xfed8, 0xfed8, 0xfed8, 0xfed8, 
	0xfef8, 0xfef8, 0xfef8, 0xfef8, 0xfef8, 0xfef8, 0xfef8, 0xfef8, 0xfef8, 0xfef8, 0xfef8, 0xfef8, 0xfef8, 0xfef8, 0xfef8, 0xfef9, 
	0xfef9, 0xfef9, 0xfef9, 0xff19, 0xff19, 0xff19, 0xff19, 0xff19, 0xff19, 0xff19, 0xff19, 0xff19, 0xff19, 0xff19, 0xff19, 0xff19, 
	0xff19, 0xff19, 0xff19, 0xff19, 0xff19, 0xff39, 0xff39, 0xff39, 0xff3a, 0xff3a, 0xff3a, 0xff3a, 0xff3a, 0xff3a, 0xff3a, 0xff3a, 
	0xff3a, 0xff3a, 0xff3a, 0xff3a, 0xff3a, 0xff3a, 0xff3a, 0xff5a, 0xff5a, 0xff5a, 0xff5a, 0xff5a, 0xff5a, 0xff5a, 0xff5a, 0xff5a, 
	0xff5a, 0xff5a, 0xff5a, 0xff5a, 0xff5a, 0xff5a, 0xff5a, 0xff7a, 0xff5a, 0xff7a, 0xff7a, 0xff7b, 0xff7b, 0xff7a, 0xff7b, 0xff7a, 
	0xff7a, 0xff7a, 0xff7a, 0xff7a, 0xff7a, 0xff7a, 0xff7b, 0xff7a, 0xff7a, 0xff7a, 0xff7a, 0xff7a, 0xff7a, 0xff7a, 0xff7a, 0xff7a, 
	0xbdb8, 0xbdd8, 0xbdd8, 0xbdd8, 0xbdd8, 0xc5d8, 0xc5f8, 0xc5f8, 0xc5f8, 0xc5f8, 0xc5f8, 0xc5f8, 0xc5f8, 0xc5f8, 0xce18, 0xce18, 
	0xce18, 0xce18, 0xce18, 0xce18, 0xce18, 0xce38, 0xd638, 0xd638, 0xd638, 0xd638, 0xd638, 0xd658, 0xd658, 0xd658, 0xd658, 0xd658, 
	0xde58, 0xde58, 0xde58, 0xde78, 0xde78, 0xde78, 0xde78, 0xde78, 0xde78, 0xde78, 0xde98, 0xe698, 0xe698, 0xe698, 0xe698, 0xe698, 
	0xe698, 0xe698, 0xe698, 0xe698, 0xe698, 0xe698, 0xee98, 0xeeb9, 0xeeb9, 0xeeb9, 0xeeb9, 0xeeb8, 0xeeb8, 0xeeb8, 0xeeb8, 0xeeb9, 
	0xeeb9, 0xeeb9, 0xf6b9, 0xf6d9, 0xf6d9, 0xf6d9, 0xf6d9, 0xf6d9, 0xf6d9, 0xf6d9, 0xf6d9, 0xf6d9, 0xf6d9, 0xf6d9, 0xf6f9, 0xf6f9, 
	0xf6f9, 0xf6f9, 0xf6f9, 0xf6f9, 0xf6f9, 0xf6f9, 0xf6f9, 0xf6f9, 0xf6f9, 0xf6f9, 0xf6f9, 0xf6f9, 0xf6f9, 0xf6f9, 0xf6f9, 0xf6f9, 
	0xf719, 0xf719, 0xf719, 0xf719, 0xf719, 0xf719, 0xf719, 0xff19, 0xff19, 0xff19, 0xff19, 0xff19, 0xff19, 0xff19, 0xff19, 0xff19, 
	0xff1a, 0xff1a, 0xff1a, 0xff1a, 0xff1a, 0xff1a, 0xff1a, 0xff1a, 0xff1a, 0xff1a, 0xff1a, 0xff1a, 0xff1a, 0xff1a, 0xff1a, 0xff1a, 
	0xff1a, 0xff1a, 0xff1a, 0xff1a, 0xff1a, 0xff1a, 0xff19, 0xff19, 0xff19, 0xff19, 0xff19, 0xff19, 0xff19, 0xff19, 0xff19, 0xff19, 
	0xff19, 0xff19, 0xff19, 0xff19, 0xff19, 0xff19, 0xff19, 0xff19, 0xff19, 0xff19, 0xff19, 0xff19, 0xff19, 0xfef9, 0xfef9, 0xfef9, 
	0xfef9, 0xfef9, 0xfef9, 0xfef8, 0xfef8, 0xfef8, 0xfef8, 0xfef8, 0xfef8, 0xfef8, 0xfef8, 0xfef8, 0xfef8, 0xfef8, 0xfef8, 0xfed8, 
	0xfed8, 0xfed8, 0xfed8, 0xfed8, 0xfed8, 0xfed8, 0xfed8, 0xfed8, 0xfed8, 0xfed8, 0xfed8, 0xfed8, 0xfed8, 0xfed8, 0xfed8, 0xfed8, 
	0xfed8, 0xfed8, 0xfed8, 0xfed8, 0xfed8, 0xfed8, 0xfed8, 0xfed8, 0xfed8, 0xfed8, 0xfed8, 0xfed8, 0xfed8, 0xfed8, 0xfed8, 0xfed8, 
	0xfed8, 0xfed8, 0xfed8, 0xfed8, 0xfed8, 0xfed8, 0xfed8, 0xfed8, 0xfed8, 0xfed8, 0xfed8, 0xfed8, 0xfed8, 0xfed8, 0xfed8, 0xfed8, 
	0xfed8, 0xfef8, 0xfef8, 0xfef8, 0xfef8, 0xfef8, 0xfef8, 0xfef8, 0xfef8, 0xfef8, 0xfef8, 0xfef8, 0xfef8, 0xfef8, 0xfef8, 0xfef8, 
	0xfef9, 0xfef9, 0xfef9, 0xfef9, 0xff19, 0xff19, 0xff19, 0xff19, 0xff19, 0xff19, 0xff19, 0xff19, 0xff19, 0xff19, 0xff19, 0xff19, 
	0xff19, 0xff19, 0xff19, 0xff19, 0xff19, 0xff19, 0xff39, 0xff39, 0xff39, 0xff39, 0xff3a, 0xff3a, 0xff3a, 0xff3a, 0xff3a, 0xff3a, 
	0xff3a, 0xff3a, 0xff3a, 0xff3a, 0xff3a, 0xff3a, 0xff3a, 0xff3a, 0xff5a, 0xff5a, 0xff5a, 0xff5a, 0xff5a, 0xff5a, 0xff5a, 0xff5a, 
	0xff5a, 0xff5a, 0xff5a, 0xff5a, 0xff5a, 0xff5a, 0xff5a, 0xff5a, 0xff5a, 0xff7a, 0xff5a, 0xff5a, 0xff5a, 0xff5a, 0xff7a, 0xff7a, 
	0xff7a, 0xff7a, 0xff7a, 0xff7a, 0xff7a, 0xff7a, 0xff7a, 0xff7a, 0xff7a, 0xff7a, 0xff7a, 0xff7a, 0xff7a, 0xff7a, 0xff5a, 0xff5a, 
	0xbdd8, 0xbdd8, 0xbdd8, 0xbdd8, 0xbdd8, 0xbdd8, 0xc5f8, 0xc5f8, 0xc5f8, 0xc5f8, 0xc5f8, 0xc5f8, 0xc5f8, 0xc5f8, 0xce18, 0xce18, 
	0xce18, 0xce18, 0xce18, 0xce18, 0xce18, 0xce38, 0xd638, 0xd638, 0xd638, 0xd638, 0xd638, 0xd658, 0xd658, 0xd658, 0xde58, 0xde58, 
	0xde58, 0xde58, 0xde58, 0xde78, 0xde78, 0xde78, 0xde78, 0xde78, 0xde78, 0xde78, 0xe678, 0xe698, 0xe698, 0xe698, 0xe698, 0xe698, 
	0xe698, 0xe698, 0xe698, 0xe698, 0xe698, 0xe698, 0xee98, 0xeeb9, 0xeeb9, 0xeeb9, 0xeeb9, 0xeeb8, 0xeeb8, 0xeeb8, 0xeeb8, 0xeeb9, 
	0xeeb8, 0xeeb9, 0xeeb9, 0xeed9, 0xf6d9, 0xf6d9, 0xf6d9, 0xf6d8, 0xf6d9, 0xf6d9, 0xf6d9, 0xf6d9, 0xf6d9, 0xf6d9, 0xf6d9, 0xf6d9, 
	0xf6f9, 0xf6f9, 0xf6f9, 0xf6f9, 0xf6f9, 0xf6f9, 0xf6f9, 0xf6f9, 0xf6f9, 0xf6f9, 0xf6f9, 0xf6f9, 0xf6f9, 0xf6f9, 0xf6f9, 0xf6f9, 
	0xf6f9, 0xf6f9, 0xf719, 0xf719, 0xf719, 0xf719, 0xf719, 0xf719, 0xf719, 0xf719, 0xf719, 0xf719, 0xf719, 0xf719, 0xf719, 0xf719, 
	0xf719, 0xf719, 0xf71a, 0xf71a, 0xf71a, 0xf71a, 0xff1a, 0xff1a, 0xff1a, 0xff1a, 0xff1a, 0xff1a, 0xff1a, 0xff1a, 0xff1a, 0xff1a, 
	0xff1a, 0xff19, 0xff19, 0xff19, 0xff19, 0xff19, 0xff19, 0xff19, 0xff19, 0xff19, 0xff19, 0xff19, 0xff19, 0xff19, 0xff19, 0xff19, 
	0xff19, 0xff19, 0xff19, 0xff19, 0xff19, 0xff19, 0xff19, 0xff19, 0xff19, 0xfef9, 0xfef9, 0xfef9, 0xfef9, 0xfef9, 0xfef9, 0xfef9, 
	0xfef8, 0xfef8, 0xfef8, 0xfef8, 0xfef8, 0xfef8, 0xfef8, 0xfef8, 0xfef8, 0xfef8, 0xfed8, 0xfed8, 0xfed8, 0xfed8, 0xfed8, 0xfed8, 
	0xfed8, 0xfed8, 0xfed8, 0xfed8, 0xfed8, 0xfed8, 0xfed8, 0xfed8, 0xfed8, 0xfed8, 0xfed8, 0xfed8, 0xfed8, 0xfed8, 0xfed8, 0xfed8, 
	0xfed7, 0xfed7, 0xfed7, 0xfed7, 0xfed7, 0xfed7, 0xfed7, 0xfed7, 0xfed7, 0xfed7, 0xfed7, 0xfed8, 0xfed8, 0xfed8, 0xfed8, 0xfed8, 
	0xfed8, 0xfed8, 0xfed8, 0xfed8, 0xfed8, 0xfed8, 0xfed8, 0xfed8, 0xfed8, 0xfed8, 0xfed8, 0xfed8, 0xfed8, 0xfed8, 0xfed8, 0xfed8, 
	0xfed8, 0xfed8, 0xfed8, 0xfed8, 0xfed8, 0xfef8, 0xfef8, 0xfef8, 0xfef8, 0xfef8, 0xfef8, 0xfef8, 0xfef8, 0xfef8, 0xfef8, 0xfef8, 
	0xfef8, 0xfef8, 0xfef8, 0xfef9, 0xfef9, 0xfef9, 0xfef9, 0xfef9, 0xff19, 0xff19, 0xff19, 0xff19, 0xff19, 0xff19, 0xff19, 0xff19, 
	0xff19, 0xff19, 0xff19, 0xff19, 0xff19, 0xff39, 0xff39, 0xff39, 0xff39, 0xff39, 0xff39, 0xff39, 0xff3a, 0xff3a, 0xff3a, 0xff3a, 
	0xff3a, 0xff3a, 0xff3a, 0xff3a, 0xff3a, 0xff3a, 0xff3a, 0xff3a, 0xff3a, 0xff5a, 0xff5a, 0xff5a, 0xff5a, 0xff5a, 0xff5a, 0xff5a, 
	0xff5a, 0xff5a, 0xff5a, 0xff5a, 0xff5a, 0xff5a, 0xff5a, 0xff5a, 0xff7a, 0xff5a, 0xff5a, 0xff5a, 0xff5a, 0xff7a, 0xff7a, 0xff7a, 
	0xff7a, 0xff7a, 0xff7a, 0xff7a, 0xff7a, 0xff7a, 0xff7a, 0xff7a, 0xff7a, 0xff7a, 0xff7a, 0xff7a, 0xff7a, 0xff5a, 0xff7a, 0xff7a, 
	0xbdd8, 0xbdd8, 0xbdd8, 0xbdd8, 0xbdd8, 0xc5d8, 0xc5f8, 0xc5f8, 0xc5f8, 0xc5f8, 0xc5f8, 0xc5f8, 0xc5f8, 0xce18, 0xce18, 0xce18, 
	0xce18, 0xce18, 0xce18, 0xce18, 0xd618, 0xd638, 0xd638, 0xd638, 0xd638, 0xd638, 0xd638, 0xd638, 0xd658, 0xde58, 0xde58, 0xde58, 
	0xde58, 0xde58, 0xde78, 0xde78, 0xde78, 0xde78, 0xde78, 0xde78, 0xde78, 0xe678, 0xe678, 0xe678, 0xe698, 0xe698, 0xe698, 0xe698, 
	0xe698, 0xe698, 0xe698, 0xe698, 0xe6b8, 0xe6b8, 0xeeb8, 0xeeb9, 0xeeb9, 0xeeb9, 0xeeb9, 0xeeb9, 0xeeb8, 0xeeb8, 0xeeb8, 0xeeb8, 
	0xeeb8, 0xeeb8, 0xeed9, 0xeed9, 0xf6d9, 0xf6d9, 0xf6d9, 0xf6d9, 0xf6d9, 0xf6d9, 0xf6d9, 0xf6d9, 0xf6d9, 0xf6d9, 0xf6d9, 0xf6d9, 
	0xf6f9, 0xf6f9, 0xf6f9, 0xf6f9, 0xf6f9, 0xf6f9, 0xf6f9, 0xf6f9, 0xf6f9, 0xf6f9, 0xf6f9, 0xf6f9, 0xf6f9, 0xf719, 0xf719, 0xf719, 
	0xf719, 0xf719, 0xf719, 0xf719, 0xff19, 0xff19, 0xff19, 0xff19, 0xff19, 0xff19, 0xff19, 0xff19, 0xff19, 0xff19, 0xff19, 0xff19, 
	0xff19, 0xff19, 0xff19, 0xff19, 0xff19, 0xff19, 0xff19, 0xff19, 0xff19, 0xff19, 0xff19, 0xff19, 0xff19, 0xff19, 0xff19, 0xff19, 
	0xff19, 0xff19, 0xff19, 0xff19, 0xff19, 0xff19, 0xff19, 0xff19, 0xff19, 0xff19, 0xff19, 0xff19, 0xff19, 0xff19, 0xff19, 0xff19, 
	0xff19, 0xff19, 0xff19, 0xff19, 0xff19, 0xff19, 0xff19, 0xff19, 0xff19, 0xff19, 0xfef9, 0xfef9, 0xfef9, 0xfef9, 0xfef9, 0xfef9, 
	0xfef8, 0xfef8, 0xfef8, 0xfef8, 0xfef8, 0xfef8, 0xfef8, 0xfef8, 0xfef8, 0xfef8, 0xfed8, 0xfed8, 0xfed8, 0xfed8, 0xfed8, 0xfed8, 
	0xfed8, 0xfed8, 0xfed8, 0xfed8, 0xfed8, 0xfed8, 0xfed8, 0xfed8, 0xfed8, 0xfed8, 0xfed7, 0xfeb7, 0xfeb7, 0xfeb7, 0xfeb7, 0xfeb7, 
	0xfeb7, 0xfeb7, 0xfeb7, 0xfeb7, 0xfeb7, 0xfeb7, 0xfeb7, 0xfeb7, 0xfeb7, 0xfeb7, 0xfeb7, 0xfeb7, 0xfeb7, 0xfeb7, 0xfeb7, 0xfeb7, 
	0xfeb7, 0xfeb7, 0xfeb7, 0xfeb7, 0xfeb7, 0xfed7, 0xfed7, 0xfed7, 0xfed7, 0xfed8, 0xfed8, 0xfed8, 0xfed8, 0xfed8, 0xfed8, 0xfed8, 
	0xfed8, 0xfed8, 0xfed8, 0xfed8, 0xfed8, 0xfed8, 0xfef8, 0xfef8, 0xfef8, 0xfef8, 0xfef8, 0xfef8, 0xfef8, 0xfef8, 0xfef8, 0xfef8, 
	0xfef8, 0xfef8, 0xfef8, 0xfef8, 0xfef9, 0xfef9, 0xfef9, 0xfef9, 0xfef9, 0xff19, 0xff19, 0xff19, 0xff19, 0xff19, 0xff19, 0xff19, 
	0xff19, 0xff19, 0xff19, 0xff19, 0xff19, 0xff19, 0xff19, 0xff39, 0xff39, 0xff39, 0xff39, 0xff39, 0xff39, 0xff3a, 0xff3a, 0xff3a, 
	0xff3a, 0xff3a, 0xff3a, 0xff3a, 0xff3a, 0xff3a, 0xff3a, 0xff3a, 0xff3a, 0xff3a, 0xff5a, 0xff5a, 0xff5a, 0xff5a, 0xff5a, 0xff5a, 
	0xff5a, 0xff5a, 0xff5a, 0xff5a, 0xff5a, 0xff5a, 0xff5a, 0xff5a, 0xff5a, 0xff5a, 0xff5a, 0xff5a, 0xff7a, 0xff7a, 0xff7a, 0xff7a, 
	0xff7a, 0xff7a, 0xff7a, 0xff7a, 0xff7a, 0xff7a, 0xff7a, 0xff7a, 0xff7a, 0xff7a, 0xff7a, 0xff7a, 0xff7a, 0xff7a, 0xff7a, 0xff7a, 
	0xbdd8, 0xbdd8, 0xbdd8, 0xbdd8, 0xbdd8, 0xc5d8, 0xc5f8, 0xc5f8, 0xc5f8, 0xc5f8, 0xc5f8, 0xc5f8, 0xc5f8, 0xcdf8, 0xce18, 0xce18, 
	0xce18, 0xce18, 0xce18, 0xce18, 0xd618, 0xd618, 0xd638, 0xd638, 0xd638, 0xd638, 0xd638, 0xd638, 0xde38, 0xde58, 0xde58, 0xde58, 
	0xde58, 0xde58, 0xde78, 0xde78, 0xde78, 0xde78, 0xde78, 0xe678, 0xe678, 0xe678, 0xe678, 0xe698, 0xe698, 0xe698, 0xe698, 0xe698, 
	0xe698, 0xe698, 0xe698, 0xe698, 0xe6b8, 0xe6b8, 0xe6b8, 0xe6b8, 0xe6b9, 0xeeb9, 0xeeb9, 0xeed9, 0xeed9, 0xeeb8, 0xeeb8, 0xeed9, 
	0xeed8, 0xeed9, 0xeed9, 0xf6d9, 0xf6d9, 0xf6d9, 0xf6d9, 0xf6d9, 0xf6d9, 0xf6d9, 0xf6d9, 0xf6d9, 0xf6d9, 0xf6f9, 0xf6f9, 0xf6f9, 
	0xf6f9, 0xf6f9, 0xf6f9, 0xf6f9, 0xf6f9, 0xf6f9, 0xf6f9, 0xf6f9, 0xf6f9, 0xf719, 0xf719, 0xf719, 0xf719, 0xf719, 0xff19, 0xff19, 
	0xff19, 0xff19, 0xff19, 0xff19, 0xff19, 0xff19, 0xff19, 0xff19, 0xff19, 0xff19, 0xff19, 0xff19, 0xff19, 0xff19, 0xff19, 0xff1a, 
	0xff1a, 0xff1a, 0xff1a, 0xff1a, 0xff1a, 0xff1a, 0xff1a, 0xff1a, 0xff1a, 0xff1a, 0xff1a, 0xff1a, 0xff1a, 0xff1a, 0xff1a, 0xff1a, 
	0xff1a, 0xff1a, 0xff19, 0xff19, 0xff19, 0xff19, 0xff19, 0xff19, 0xff19, 0xff19, 0xff19, 0xff19, 0xff19, 0xff19, 0xff19, 0xff19, 
	0xff19, 0xff19, 0xff19, 0xff19, 0xff19, 0xff19, 0xff19, 0xff19, 0xff19, 0xff19, 0xff19, 0xff19, 0xfef9, 0xfef9, 0xfef9, 0xfef9, 
	0xfef9, 0xfef8, 0xfef8, 0xfef8, 0xfef8, 0xfef8, 0xfef8, 0xfef8, 0xfef8, 0xfef8, 0xfef8, 0xfed8, 0xfed8, 0xfed8, 0xfed8, 0xfed8, 
	0xfed8, 0xfed8, 0xfed8, 0xfed8, 0xfed8, 0xfed8, 0xfed8, 0xfed8, 0xfed8, 0xfed8, 0xfed8, 0xfed8, 0xfed7, 0xfed7, 0xfed7, 0xfed7, 
	0xfed7, 0xfed7, 0xfed7, 0xfed7, 0xfed7, 0xfed7, 0xfed7, 0xfed7, 0xfed7, 0xfed7, 0xfed7, 0xfed7, 0xfed7, 0xfed7, 0xfed7, 0xfed7, 
	0xfed7, 0xfed7, 0xfed7, 0xfed7, 0xfed7, 0xfed7, 0xfed7, 0xfed7, 0xfed8, 0xfed8, 0xfed8, 0xfed8, 0xfed8, 0xfed8, 0xfed8, 0xfed8, 
	0xfed8, 0xfed8, 0xfed8, 0xfed8, 0xfed8, 0xfed8, 0xfed8, 0xfed8, 0xfef8, 0xfef8, 0xfef8, 0xfef8, 0xfef8, 0xfef8, 0xfef8, 0xfef8, 
	0xfef8, 0xfef8, 0xfef8, 0xfef8, 0xfef9, 0xfef8, 0xfef9, 0xfef9, 0xff19, 0xff19, 0xff19, 0xff19, 0xff19, 0xff19, 0xff19, 0xff19, 
	0xff19, 0xff19, 0xff19, 0xff19, 0xff19, 0xff19, 0xff19, 0xff19, 0xff39, 0xff39, 0xff39, 0xff39, 0xff3a, 0xff3a, 0xff3a, 0xff3a, 
	0xff3a, 0xff3a, 0xff3a, 0xff3a, 0xff3a, 0xff3a, 0xff3a, 0xff3a, 0xff3a, 0xff3a, 0xff3a, 0xff3a, 0xff5a, 0xff5a, 0xff5a, 0xff5a, 
	0xff5a, 0xff5a, 0xff5a, 0xff5a, 0xff5a, 0xff5a, 0xff5a, 0xff5a, 0xff5a, 0xff5a, 0xff5a, 0xff5a, 0xff5a, 0xff5a, 0xff7a, 0xff7a, 
	0xff7a, 0xff7a, 0xff7a, 0xff7a, 0xff7a, 0xff7a, 0xff7a, 0xff7a, 0xff7a, 0xff5a, 0xff7a, 0xff7a, 0xff7a, 0xff5a, 0xff5a, 0xff7a, 
	0xbdd8, 0xbdd8, 0xbdd8, 0xbdd8, 0xc5d8, 0xc5d8, 0xc5f8, 0xc5f8, 0xc5f8, 0xc5f8, 0xc5f8, 0xc5f8, 0xcdf8, 0xcdf8, 0xce18, 0xce18, 
	0xce18, 0xce18, 0xce18, 0xd618, 0xd618, 0xd618, 0xd638, 0xd638, 0xd638, 0xd638, 0xd638, 0xde58, 0xde58, 0xde58, 0xde58, 0xde58, 
	0xde58, 0xde58, 0xde78, 0xde78, 0xde78, 0xde78, 0xe678, 0xe678, 0xe678, 0xe698, 0xe698, 0xe698, 0xe698, 0xe698, 0xe698, 0xe698, 
	0xe698, 0xe698, 0xe698, 0xe6b8, 0xe6b8, 0xe6b8, 0xe6b8, 0xe6b8, 0xe6b8, 0xeed9, 0xeed9, 0xeed9, 0xeed9, 0xeed8, 0xeed8, 0xeed8, 
	0xeed8, 0xeed8, 0xf6d9, 0xf6d9, 0xf6d9, 0xf6d9, 0xf6d9, 0xf6d9, 0xf6d9, 0xf6d9, 0xf6d9, 0xf6d9, 0xf6f9, 0xf6f9, 0xf6f9, 0xf6f9, 
	0xf6f9, 0xf6f9, 0xf6f9, 0xf6f9, 0xf6f9, 0xf6f9, 0xf6f9, 0xf6f9, 0xf6f9, 0xf6f9, 0xf6f9, 0xf719, 0xf719, 0xff19, 0xff19, 0xff19, 
	0xff19, 0xff19, 0xff19, 0xff19, 0xff19, 0xff19, 0xff19, 0xff19, 0xff19, 0xff19, 0xff19, 0xff1a, 0xff1a, 0xff1a, 0xff1a, 0xff1a, 
	0xff1a, 0xff1a, 0xff1a, 0xff1a, 0xff3a, 0xff3a, 0xff3a, 0xff3a, 0xff3a, 0xff3a, 0xff3a, 0xff3a, 0xff3a, 0xff3a, 0xff3a, 0xff3a, 
	0xff3a, 0xff3a, 0xff1a, 0xff1a, 0xff19, 0xff19, 0xff19, 0xff19, 0xff19, 0xff19, 0xff19, 0xff19, 0xff19, 0xff19, 0xff19, 0xff19, 
	0xff19, 0xff19, 0xff19, 0xff19, 0xff19, 0xff19, 0xff19, 0xff19, 0xff19, 0xff19, 0xff19, 0xfef9, 0xfef9, 0xfef9, 0xfef8, 0xfef8, 
	0xfef8, 0xfef8, 0xfef8, 0xfef8, 0xfef8, 0xfef8, 0xfef8, 0xfed8, 0xfed8, 0xfed8, 0xfed8, 0xfed8, 0xfed8, 0xfed8, 0xfed8, 0xfed8, 
	0xfed8, 0xfed8, 0xfed8, 0xfed8, 0xfed8, 0xfed8, 0xfed8, 0xfed8, 0xfed8, 0xfed8, 0xfed7, 0xfeb7, 0xfeb7, 0xfeb7, 0xfeb7, 0xfeb7, 
	0xfeb7, 0xfeb7, 0xfeb7, 0xfeb7, 0xfeb7, 0xfeb7, 0xfeb7, 0xfeb7, 0xfeb7, 0xfeb7, 0xfeb7, 0xfeb7, 0xfeb7, 0xfeb7, 0xfeb7, 0xfeb7, 
	0xfeb7, 0xfeb7, 0xfeb7, 0xfeb7, 0xfeb7, 0xfeb7, 0xfed7, 0xfed7, 0xfed7, 0xfed8, 0xfed8, 0xfed8, 0xfed8, 0xfed8, 0xfed8, 0xfed8, 
	0xfed8, 0xfed8, 0xfed8, 0xfed8, 0xfed8, 0xfed8, 0xfed8, 0xfed8, 0xfed8, 0xfed8, 0xfed8, 0xfed8, 0xfed8, 0xfef8, 0xfef8, 0xfef8, 
	0xfef8, 0xfef8, 0xfef8, 0xfef8, 0xfef8, 0xfef8, 0xfef8, 0xfef8, 0xfef9, 0xff19, 0xff19, 0xff19, 0xff19, 0xff19, 0xff19, 0xff19, 
	0xff19, 0xff19, 0xff19, 0xff19, 0xff19, 0xff19, 0xff19, 0xff19, 0xff19, 0xff39, 0xff39, 0xff39, 0xff39, 0xff39, 0xff39, 0xff3a, 
	0xff3a, 0xff3a, 0xff3a, 0xff3a, 0xff3a, 0xff3a, 0xff3a, 0xff3a, 0xff3a, 0xff3a, 0xff3a, 0xff5a, 0xff5a, 0xff5a, 0xff5a, 0xff5a, 
	0xff5a, 0xff5a, 0xff5a, 0xff5a, 0xff5a, 0xff5a, 0xff5a, 0xff5a, 0xff5a, 0xff5a, 0xff5a, 0xff5a, 0xff5a, 0xff5a, 0xff7a, 0xff7a, 
	0xff7a, 0xff7a, 0xff7a, 0xff7a, 0xff7a, 0xff7a, 0xff7a, 0xff7a, 0xff7a, 0xff7a, 0xff5a, 0xff7a, 0xff5a, 0xff5a, 0xff5a, 0xf75a, 
	0xbdd8, 0xbdd8, 0xbdd8, 0xbdd8, 0xc5d8, 0xc5d8, 0xc5f8, 0xc5f8, 0xc5f8, 0xc5f8, 0xc5f8, 0xc5f8, 0xcdf8, 0xce18, 0xce18, 0xce18, 
	0xce18, 0xce18, 0xce18, 0xd618, 0xd618, 0xd638, 0xd638, 0xd638, 0xd638, 0xd638, 0xd638, 0xd658, 0xde58, 0xde58, 0xde58, 0xde58, 
	0xde58, 0xde58, 0xde78, 0xde78, 0xde78, 0xde78, 0xe678, 0xe678, 0xe678, 0xe698, 0xe698, 0xe698, 0xe698, 0xe698, 0xe698, 0xe698, 
	0xe698, 0xe698, 0xe698, 0xe6b8, 0xe6b8, 0xe6b8, 0xe6b8, 0xe6b8, 0xe6b8, 0xeed8, 0xeed9, 0xeed9, 0xeed9, 0xeed8, 0xeed8, 0xeed8, 
	0xeed8, 0xeed8, 0xf6d9, 0xf6d9, 0xf6d9, 0xf6d9, 0xf6d9, 0xf6d9, 0xf6d9, 0xf6d9, 0xf6d9, 0xf6d9, 0xf6d9, 0xf6f9, 0xf6f9, 0xf6f9, 
	0xf6f9, 0xf6f9, 0xf6f9, 0xf6f9, 0xf6f9, 0xf6f9, 0xf6f9, 0xf6f9, 0xf6f9, 0xf6f9, 0xf6f9, 0xf6f9, 0xf6f9, 0xf6f9, 0xf719, 0xf719, 
	0xf719, 0xf719, 0xff19, 0xff19, 0xff19, 0xff19, 0xff19, 0xff19, 0xff19, 0xff19, 0xff19, 0xff19, 0xff19, 0xff19, 0xff1a, 0xff1a, 
	0xff1a, 0xff1a, 0xff1a, 0xff1a, 0xff1a, 0xff1a, 0xff1a, 0xff1a, 0xff1a, 0xff1a, 0xff1a, 0xff1a, 0xff1a, 0xff1a, 0xff1a, 0xff1a, 
	0xff19, 0xff19, 0xff19, 0xff19, 0xff19, 0xff19, 0xff19, 0xff19, 0xff19, 0xff19, 0xff19, 0xff19, 0xff19, 0xff19, 0xff19, 0xff19, 
	0xff19, 0xff19, 0xff19, 0xff19, 0xff19, 0xfef9, 0xfef9, 0xfef9, 0xfef9, 0xfef9, 0xfef9, 0xfef9, 0xfef9, 0xfef8, 0xfef8, 0xfef8, 
	0xfef8, 0xfef8, 0xfef8, 0xfef8, 0xfef8, 0xfed8, 0xfed8, 0xfed8, 0xfed8, 0xfed8, 0xfed8, 0xfed8, 0xfed8, 0xfed8, 0xfed8, 0xfed8, 
	0xfed8, 0xfed8, 0xfed8, 0xfed8, 0xfed7, 0xfed7, 0xfed7, 0xfed7, 0xfeb7, 0xfeb7, 0xfeb7, 0xfeb7, 0xfeb7, 0xfeb7, 0xfeb7, 0xfeb7, 
	0xfeb7, 0xfeb7, 0xfeb7, 0xfeb7, 0xfeb7, 0xfeb7, 0xfeb7, 0xfeb7, 0xfeb7, 0xfeb7, 0xfeb7, 0xfeb7, 0xfeb7, 0xfeb7, 0xfeb7, 0xfeb7, 
	0xfeb7, 0xfeb7, 0xfeb7, 0xfeb7, 0xfeb7, 0xfeb7, 0xfeb7, 0xfeb7, 0xfeb7, 0xfeb7, 0xfeb7, 0xfeb7, 0xfed7, 0xfed8, 0xfed8, 0xfed8, 
	0xfed8, 0xfed8, 0xfed8, 0xfed8, 0xfed8, 0xfed8, 0xfed8, 0xfed8, 0xfed8, 0xfed8, 0xfed8, 0xfed8, 0xfed8, 0xfed8, 0xfed8, 0xfed8, 
	0xfef8, 0xfef8, 0xfef8, 0xfef8, 0xfef8, 0xfef8, 0xfef8, 0xfef8, 0xfef8, 0xfef8, 0xfef9, 0xfef9, 0xff19, 0xff19, 0xff19, 0xff19, 
	0xff19, 0xff19, 0xff19, 0xff19, 0xff19, 0xff19, 0xff19, 0xff19, 0xff39, 0xff39, 0xff39, 0xff39, 0xff39, 0xff39, 0xff39, 0xff3a, 
	0xff3a, 0xff3a, 0xff3a, 0xff3a, 0xff3a, 0xff3a, 0xff3a, 0xff3a, 0xff3a, 0xff5a, 0xff5a, 0xff5a, 0xff5a, 0xff5a, 0xff5a, 0xff5a, 
	0xff5a, 0xff5a, 0xff5a, 0xff5a, 0xff5a, 0xff5a, 0xff5a, 0xff5a, 0xff5a, 0xff5a, 0xff5a, 0xff5a, 0xff5a, 0xff7a, 0xff7a, 0xff7a, 
	0xff7a, 0xff5a, 0xff7a, 0xff7a, 0xff7a, 0xff7a, 0xff7a, 0xff7a, 0xff5a, 0xff7a, 0xff5a, 0xff5a, 0xff5a, 0xff5a, 0xff5a, 0xf75a, 
	0xbdd8, 0xbdd8, 0xbdd8, 0xbdd8, 0xc5d8, 0xc5d8, 0xc5f8, 0xc5f8, 0xc5f8, 0xc5f8, 0xc5f8, 0xc5f8, 0xcdf8, 0xce18, 0xce18, 0xce18, 
	0xce18, 0xce18, 0xce18, 0xd638, 0xd638, 0xd638, 0xd638, 0xd638, 0xd638, 0xd638, 0xd658, 0xd658, 0xde58, 0xde58, 0xde58, 0xde58, 
	0xde58, 0xde78, 0xde78, 0xde78, 0xde78, 0xe678, 0xe678, 0xe698, 0xe698, 0xe698, 0xe698, 0xe698, 0xe698, 0xe698, 0xe698, 0xe698, 
	0xe6b8, 0xe6b8, 0xe6b8, 0xeeb8, 0xeeb8, 0xeeb8, 0xeeb8, 0xeeb8, 0xeeb8, 0xeed8, 0xeed8, 0xeed9, 0xeed9, 0xeed9, 0xeed9, 0xeed8, 
	0xf6d9, 0xf6d9, 0xf6d9, 0xf6d9, 0xf6d9, 0xf6d9, 0xf6f9, 0xf6d9, 0xf6f9, 0xf6f9, 0xf6f9, 0xf6f9, 0xf6f9, 0xf6f9, 0xf6f9, 0xf6f9, 
	0xf6f9, 0xf6f9, 0xf6f9, 0xf6f9, 0xf6f9, 0xf6f9, 0xf6f9, 0xf6f9, 0xf719, 0xf719, 0xff19, 0xff19, 0xff19, 0xff19, 0xff19, 0xff19, 
	0xff19, 0xff19, 0xff19, 0xff19, 0xff19, 0xff19, 0xff19, 0xff19, 0xff19, 0xff19, 0xff19, 0xff19, 0xff1a, 0xff1a, 0xff1a, 0xff1a, 
	0xff1a, 0xff1a, 0xff1a, 0xff1a, 0xff1a, 0xff1a, 0xff3a, 0xff3a, 0xff3a, 0xff3a, 0xff3a, 0xff3a, 0xff3a, 0xff3a, 0xff3a, 0xff3a, 
	0xff3a, 0xff39, 0xff39, 0xff39, 0xff39, 0xff39, 0xff39, 0xff19, 0xff19, 0xff19, 0xff19, 0xff19, 0xff19, 0xff19, 0xff19, 0xff19, 
	0xff19, 0xff19, 0xff19, 0xff19, 0xff19, 0xff19, 0xff19, 0xff19, 0xfef9, 0xfef9, 0xfef9, 0xfef9, 0xfef9, 0xfef9, 0xfef9, 0xfef8, 
	0xfef8, 0xfef8, 0xfef8, 0xfef8, 0xfef8, 0xfef8, 0xfef8, 0xfed8, 0xfed8, 0xfed8, 0xfed8, 0xfed8, 0xfed8, 0xfed8, 0xfed8, 0xfed8, 
	0xfed8, 0xfed8, 0xfed8, 0xfed8, 0xfed8, 0xfed8, 0xfed8, 0xfed7, 0xfed7, 0xfed7, 0xfed7, 0xfeb7, 0xfeb7, 0xfeb7, 0xfeb7, 0xfeb7, 
	0xfeb7, 0xfeb7, 0xfeb7, 0xfeb7, 0xfeb7, 0xfeb7, 0xfeb7, 0xfeb7, 0xfeb7, 0xfeb7, 0xfeb7, 0xfeb7, 0xfeb7, 0xfeb7, 0xfeb7, 0xfeb7, 
	0xfeb7, 0xfeb7, 0xfeb7, 0xfeb7, 0xfeb7, 0xfeb7, 0xfeb7, 0xfeb7, 0xfed7, 0xfed7, 0xfed7, 0xfed8, 0xfed8, 0xfed8, 0xfed8, 0xfed8, 
	0xfed8, 0xfed8, 0xfed8, 0xfed8, 0xfed8, 0xfed8, 0xfed8, 0xfed8, 0xfed8, 0xfed8, 0xfed8, 0xfed8, 0xfed8, 0xfed8, 0xfef8, 0xfef8, 
	0xfef8, 0xfef8, 0xfef8, 0xfef8, 0xfef8, 0xfef8, 0xfef8, 0xfef8, 0xfef8, 0xfef9, 0xfef9, 0xfef9, 0xfef9, 0xfef9, 0xff19, 0xff19, 
	0xff19, 0xff19, 0xff19, 0xff19, 0xff19, 0xff19, 0xff19, 0xff19, 0xff19, 0xff19, 0xff39, 0xff39, 0xff39, 0xff39, 0xff39, 0xff39, 
	0xff3a, 0xff3a, 0xff3a, 0xff3a, 0xff3a, 0xff3a, 0xff3a, 0xff3a, 0xff3a, 0xff3a, 0xff3a, 0xff3a, 0xff5a, 0xff5a, 0xff5a, 0xff5a, 
	0xff5a, 0xff5a, 0xff5a, 0xff5a, 0xff5a, 0xff5a, 0xff5a, 0xff5a, 0xff5a, 0xff5a, 0xff5a, 0xff5a, 0xff5a, 0xff5a, 0xff5a, 0xff7a, 
	0xff5a, 0xff5a, 0xff5a, 0xff7a, 0xff7a, 0xff7a, 0xff7a, 0xff5a, 0xff5a, 0xff7a, 0xff5a, 0xff5a, 0xff5a, 0xff5a, 0xf75a, 0xf75a, 
	0xbdd8, 0xbdd8, 0xbdd8, 0xbdd8, 0xc5d8, 0xc5d8, 0xc5f8, 0xc5f8, 0xc5f8, 0xc5f8, 0xc5f8, 0xc5f8, 0xcdf8, 0xce18, 0xce18, 0xce18, 
	0xce18, 0xce18, 0xce38, 0xd638, 0xd638, 0xd638, 0xd638, 0xd638, 0xd638, 0xd638, 0xd658, 0xd658, 0xde58, 0xde58, 0xde58, 0xde58, 
	0xde78, 0xde78, 0xde78, 0xde78, 0xde78, 0xde78, 0xe698, 0xe698, 0xe698, 0xe698, 0xe698, 0xe698, 0xe698, 0xe698, 0xe6b8, 0xe6b8, 
	0xe6b8, 0xe6b8, 0xeeb8, 0xeeb8, 0xeeb8, 0xeeb8, 0xeeb8, 0xeed8, 0xeed8, 0xeed8, 0xeed8, 0xeed9, 0xeed9, 0xeed9, 0xeed9, 0xeed9, 
	0xf6d9, 0xf6d9, 0xf6f9, 0xf6f9, 0xf6f9, 0xf6f9, 0xf6f9, 0xf6f9, 0xf6f9, 0xf6f9, 0xf6f9, 0xf6f9, 0xf6f9, 0xf6f9, 0xf6f9, 0xf6f9, 
	0xf6f9, 0xf6f9, 0xf6f9, 0xf6f9, 0xf6f9, 0xf6f9, 0xf719, 0xf719, 0xf719, 0xf719, 0xf719, 0xf719, 0xff19, 0xff19, 0xff19, 0xff19, 
	0xff19, 0xff19, 0xff19, 0xff19, 0xff19, 0xff19, 0xff19, 0xff19, 0xff1a, 0xff1a, 0xff1a, 0xff1a, 0xff1a, 0xff1a, 0xff1a, 0xff1a, 
	0xff1a, 0xff1a, 0xff1a, 0xff3a, 0xff3a, 0xff3a, 0xff3a, 0xff3a, 0xff3a, 0xff3a, 0xff3a, 0xff3a, 0xff3a, 0xff3a, 0xff3a, 0xff3a, 
	0xff3a, 0xff3a, 0xff3a, 0xff39, 0xff39, 0xff39, 0xff19, 0xff19, 0xff19, 0xff19, 0xff19, 0xff19, 0xff19, 0xff19, 0xff19, 0xff19, 
	0xff19, 0xff19, 0xff19, 0xff19, 0xff19, 0xff19, 0xff19, 0xff19, 0xfef9, 0xfef9, 0xfef9, 0xfef9, 0xfef9, 0xfef9, 0xfef9, 0xfef8, 
	0xfef8, 0xfef8, 0xfef8, 0xfef8, 0xfef8, 0xfef8, 0xfef8, 0xfed8, 0xfed8, 0xfed8, 0xfed8, 0xfed8, 0xfed8, 0xfed8, 0xfed8, 0xfed8, 
	0xfed8, 0xfed8, 0xfed8, 0xfed7, 0xfed7, 0xfed7, 0xfed7, 0xfed7, 0xfed7, 0xfed7, 0xfeb7, 0xfeb7, 0xfeb7, 0xfeb7, 0xfeb7, 0xfeb7, 
	0xfeb7, 0xfeb7, 0xfeb7, 0xfeb7, 0xfeb7, 0xfeb7, 0xfeb7, 0xfeb7, 0xfeb7, 0xfeb7, 0xfeb7, 0xfeb7, 0xfeb7, 0xfeb7, 0xfeb7, 0xfeb7, 
	0xfeb7, 0xfeb7, 0xfeb7, 0xfeb7, 0xfeb7, 0xfeb7, 0xfeb7, 0xfeb7, 0xfeb7, 0xfed7, 0xfed7, 0xfed7, 0xfed7, 0xfed7, 0xfed7, 0xfed7, 
	0xfed8, 0xfed8, 0xfed8, 0xfed8, 0xfed8, 0xfed8, 0xfed8, 0xfed8, 0xfed8, 0xfed8, 0xfed8, 0xfed8, 0xfed8, 0xfed8, 0xfef8, 0xfef8, 
	0xfef8, 0xfef8, 0xfef8, 0xfef8, 0xfef8, 0xfef8, 0xfef8, 0xfef8, 0xfef8, 0xfef9, 0xfef8, 0xfef8, 0xfef9, 0xfef9, 0xff19, 0xff19, 
	0xff19, 0xff19, 0xff19, 0xff19, 0xff19, 0xff19, 0xff19, 0xff19, 0xff19, 0xff19, 0xff19, 0xff19, 0xff39, 0xff39, 0xff39, 0xff39, 
	0xff39, 0xff39, 0xff39, 0xff3a, 0xff3a, 0xff3a, 0xff3a, 0xff3a, 0xff3a, 0xff3a, 0xff3a, 0xff3a, 0xff3a, 0xff3a, 0xff3a, 0xff5a, 
	0xff5a, 0xff5a, 0xff5a, 0xff5a, 0xff5a, 0xff5a, 0xff5a, 0xff5a, 0xff5a, 0xff5a, 0xff5a, 0xff5a, 0xff5a, 0xff5a, 0xff7a, 0xff5a, 
	0xff5a, 0xff5a, 0xff7a, 0xff7a, 0xff7a, 0xff7a, 0xff5a, 0xff5a, 0xff5a, 0xff5a, 0xff5a, 0xff5a, 0xff5a, 0xf75a, 0xf75a, 0xf75a, 
	0xbdd8, 0xbdd8, 0xbdd8, 0xc5d8, 0xc5d8, 0xc5d8, 0xc5d8, 0xc5f8, 0xc5f8, 0xc5f8, 0xc5f8, 0xc5f8, 0xcdf8, 0xce18, 0xce18, 0xce18, 
	0xce18, 0xce18, 0xce18, 0xd638, 0xd638, 0xd638, 0xd638, 0xd638, 0xd638, 0xd638, 0xd658, 0xd658, 0xde58, 0xde58, 0xde58, 0xde58, 
	0xde78, 0xde78, 0xde78, 0xde78, 0xde78, 0xe698, 0xe698, 0xe698, 0xe698, 0xe698, 0xe698, 0xe698, 0xe698, 0xe698, 0xe6b8, 0xe6b8, 
	0xe6b8, 0xeeb8, 0xeeb8, 0xeeb8, 0xeeb8, 0xeeb8, 0xeed8, 0xeed8, 0xeed9, 0xeed9, 0xeed9, 0xeed9, 0xeed9, 0xf6d9, 0xf6d9, 0xf6d9, 
	0xf6f9, 0xf6f9, 0xf6f9, 0xf6f9, 0xf6f9, 0xf6f9, 0xf6f9, 0xf6f9, 0xf6f9, 0xf6f9, 0xf6f9, 0xf6f9, 0xf6f9, 0xf6f9, 0xf6f9, 0xf6f9, 
	0xf6f9, 0xf6f9, 0xf6f9, 0xf6f9, 0xf6f9, 0xf719, 0xf719, 0xf719, 0xf719, 0xf719, 0xf719, 0xf719, 0xf719, 0xf719, 0xf719, 0xf719, 
	0xf719, 0xff19, 0xff19, 0xff19, 0xff19, 0xff19, 0xff1a, 0xff1a, 0xff1a, 0xff1a, 0xff1a, 0xff1a, 0xff1a, 0xff1a, 0xff1a, 0xff1a, 
	0xff1a, 0xff3a, 0xff3a, 0xff3a, 0xff3a, 0xff3a, 0xff3a, 0xff3a, 0xff3a, 0xff3a, 0xff3a, 0xff19, 0xff19, 0xff19, 0xff19, 0xff19, 
	0xff1a, 0xff1a, 0xff1a, 0xff1a, 0xff19, 0xff19, 0xff19, 0xff19, 0xff19, 0xff19, 0xff19, 0xff19, 0xff19, 0xff19, 0xff19, 0xff19, 
	0xff19, 0xff19, 0xff19, 0xff19, 0xff19, 0xff19, 0xff19, 0xff19, 0xfef9, 0xfef9, 0xfef9, 0xfef9, 0xfef8, 0xfef8, 0xfef8, 0xfef8, 
	0xfef8, 0xfef8, 0xfef8, 0xfef8, 0xfef8, 0xfef8, 0xfed8, 0xfed8, 0xfed8, 0xfed8, 0xfed8, 0xfed8, 0xfed8, 0xfed8, 0xfed8, 0xfed8, 
	0xfed8, 0xfed8, 0xfed7, 0xfed7, 0xfed7, 0xfed7, 0xfed7, 0xfed7, 0xfed7, 0xfeb7, 0xfeb7, 0xfeb7, 0xfeb7, 0xfeb7, 0xfeb7, 0xfeb7, 
	0xfeb7, 0xfeb7, 0xfeb7, 0xfeb7, 0xfeb7, 0xfeb7, 0xfeb7, 0xfeb7, 0xfeb7, 0xfeb7, 0xfeb7, 0xfeb7, 0xfeb7, 0xfeb7, 0xfeb7, 0xfeb7, 
	0xfeb7, 0xfeb7, 0xfeb7, 0xfeb7, 0xfeb7, 0xfeb7, 0xfeb7, 0xfeb7, 0xfeb7, 0xfeb7, 0xfeb7, 0xfeb7, 0xfed7, 0xfed7, 0xfed7, 0xfed7, 
	0xfed7, 0xfed7, 0xfed8, 0xfed8, 0xfed8, 0xfed8, 0xfed8, 0xfed8, 0xfed8, 0xfed8, 0xfed8, 0xfed8, 0xfed8, 0xfed8, 0xfed8, 0xfed8, 
	0xfef8, 0xfef8, 0xfef8, 0xfef8, 0xfef8, 0xfef8, 0xfef8, 0xfef8, 0xfef8, 0xfef8, 0xfef8, 0xfef8, 0xfef8, 0xfef9, 0xfef9, 0xfef9, 
	0xff19, 0xff19, 0xff19, 0xff19, 0xff19, 0xff19, 0xff19, 0xff19, 0xff19, 0xff19, 0xff19, 0xff19, 0xff39, 0xff39, 0xff39, 0xff39, 
	0xff39, 0xff39, 0xff3a, 0xff3a, 0xff3a, 0xff3a, 0xff3a, 0xff3a, 0xff3a, 0xff3a, 0xff3a, 0xff3a, 0xff3a, 0xff3a, 0xff5a, 0xff5a, 
	0xff5a, 0xff5a, 0xff5a, 0xff5a, 0xff5a, 0xff5a, 0xff5a, 0xff5a, 0xff5a, 0xff5a, 0xff5a, 0xff5a, 0xff5a, 0xff5a, 0xff5a, 0xff5a, 
	0xff5a, 0xff5a, 0xff5a, 0xff7a, 0xff7a, 0xff5a, 0xff5a, 0xff5a, 0xff5a, 0xff5a, 0xff5a, 0xff5a, 0xff5a, 0xf75a, 0xf75a, 0xf75a, 
	0xbdd8, 0xbdd8, 0xbdd8, 0xbdd8, 0xc5d8, 0xc5d8, 0xc5d8, 0xc5f8, 0xc5f8, 0xc5f8, 0xc5f8, 0xc5f8, 0xcdf8, 0xce18, 0xce18, 0xce18, 
	0xce18, 0xce18, 0xce38, 0xd638, 0xd638, 0xd638, 0xd638, 0xd638, 0xd638, 0xd658, 0xd658, 0xde58, 0xde58, 0xde58, 0xde58, 0xde78, 
	0xde78, 0xde78, 0xde78, 0xde78, 0xde78, 0xe678, 0xe698, 0xe698, 0xe698, 0xe698, 0xe698, 0xe698, 0xe698, 0xe6b8, 0xe6b8, 0xe6b8, 
	0xeeb8, 0xeeb8, 0xeeb8, 0xeeb9, 0xeeb8, 0xeed8, 0xeed9, 0xeed9, 0xeed9, 0xeed9, 0xeed9, 0xeed9, 0xeed9, 0xf6d9, 0xf6d9, 0xf6d9, 
	0xf6d9, 0xf6d9, 0xf6f9, 0xf6f9, 0xf6f9, 0xf6f9, 0xf6d9, 0xf6f9, 0xf6f9, 0xf6f9, 0xf6f9, 0xf6f9, 0xf6f9, 0xf6f9, 0xf6f9, 0xf6f9, 
	0xf6f9, 0xf6f9, 0xf6f9, 0xf6f9, 0xf6f9, 0xf6f9, 0xf6f9, 0xf719, 0xf719, 0xf719, 0xf719, 0xf719, 0xf719, 0xf719, 0xf719, 0xf719, 
	0xf719, 0xf719, 0xf719, 0xf719, 0xf719, 0xf719, 0xff19, 0xff19, 0xff19, 0xff19, 0xff19, 0xff19, 0xff19, 0xff19, 0xff19, 0xff19, 
	0xff19, 0xff19, 0xff19, 0xff19, 0xff19, 0xff19, 0xff19, 0xff19, 0xff19, 0xff19, 0xff19, 0xff19, 0xff19, 0xff19, 0xff19, 0xff19, 
	0xff19, 0xff19, 0xff19, 0xff19, 0xff19, 0xff19, 0xff19, 0xff19, 0xff19, 0xff19, 0xff19, 0xff19, 0xff19, 0xff19, 0xff19, 0xff19, 
	0xff19, 0xff19, 0xff19, 0xff19, 0xff19, 0xff19, 0xfef9, 0xfef9, 0xfef9, 0xfef9, 0xfef9, 0xfef8, 0xfef8, 0xfef8, 0xfef8, 0xfef8, 
	0xfef8, 0xfef8, 0xfef8, 0xfef8, 0xfed8, 0xfed8, 0xfed8, 0xfed8, 0xfed8, 0xfed8, 0xfed8, 0xfed8, 0xfed8, 0xfed8, 0xfed8, 0xfed8, 
	0xfed7, 0xfed7, 0xfed7, 0xfed7, 0xfed7, 0xfeb7, 0xfeb7, 0xfeb7, 0xfeb7, 0xfeb7, 0xfeb7, 0xfeb7, 0xfeb7, 0xfeb7, 0xfeb7, 0xfeb7, 
	0xfeb7, 0xfeb7, 0xfeb7, 0xfeb7, 0xfeb7, 0xfeb7, 0xfeb7, 0xfeb7, 0xfeb7, 0xfeb7, 0xfeb7, 0xfeb7, 0xfeb7, 0xfeb7, 0xfeb7, 0xfeb7, 
	0xfeb7, 0xfeb7, 0xfeb7, 0xfeb7, 0xfeb7, 0xfeb7, 0xfeb7, 0xfeb7, 0xfeb7, 0xfeb7, 0xfeb7, 0xfeb7, 0xfeb7, 0xfeb7, 0xfeb7, 0xfeb7, 
	0xfed7, 0xfed7, 0xfed7, 0xfed7, 0xfed7, 0xfed8, 0xfed8, 0xfed8, 0xfed8, 0xfed8, 0xfed8, 0xfed8, 0xfed8, 0xfed8, 0xfed8, 0xfed8, 
	0xfed8, 0xfed8, 0xfed8, 0xfef8, 0xfef8, 0xfef8, 0xfef8, 0xfef8, 0xfef8, 0xfef8, 0xfef8, 0xfef8, 0xfef8, 0xfef8, 0xfef8, 0xfef9, 
	0xfef9, 0xfef9, 0xfef9, 0xff19, 0xff19, 0xff19, 0xff19, 0xff19, 0xff19, 0xff19, 0xff19, 0xff19, 0xff19, 0xff39, 0xff39, 0xff39, 
	0xff39, 0xff39, 0xff39, 0xff3a, 0xff3a, 0xff3a, 0xff3a, 0xff3a, 0xff3a, 0xff3a, 0xff3a, 0xff3a, 0xff3a, 0xff3a, 0xff3a, 0xff5a, 
	0xff5a, 0xff5a, 0xff5a, 0xff5a, 0xff5a, 0xff5a, 0xff5a, 0xff5a, 0xff5a, 0xff5a, 0xff5a, 0xff5a, 0xff5a, 0xff5a, 0xff5a, 0xff5a, 
	0xff5a, 0xff5a, 0xff5a, 0xff7a, 0xff5a, 0xff5a, 0xff5a, 0xff5a, 0xff5a, 0xf75a, 0xff5a, 0xff5a, 0xf75a, 0xf75a, 0xf75a, 0xf75a, 
	0xbdd8, 0xbdd8, 0xbdd8, 0xc5d8, 0xc5d8, 0xc5d8, 0xc5d8, 0xc5f8, 0xc5f8, 0xc5f8, 0xc5f8, 0xc5f8, 0xcdf8, 0xce18, 0xce18, 0xce18, 
	0xce18, 0xce18, 0xd638, 0xd638, 0xd638, 0xd638, 0xd638, 0xd638, 0xd638, 0xd658, 0xd658, 0xde58, 0xde58, 0xde58, 0xde78, 0xde78, 
	0xde78, 0xde78, 0xde78, 0xde78, 0xe678, 0xe698, 0xe698, 0xe698, 0xe698, 0xe698, 0xe698, 0xe698, 0xe6b8, 0xe6b8, 0xeeb8, 0xeeb8, 
	0xeeb8, 0xeeb8, 0xeeb8, 0xeeb8, 0xeed9, 0xeed9, 0xeed9, 0xeed9, 0xeed9, 0xeed9, 0xeed9, 0xf6d9, 0xf6d9, 0xf6d9, 0xf6d9, 0xf6d9, 
	0xf6f9, 0xf6f9, 0xf6f9, 0xf6f9, 0xf6f9, 0xf6f9, 0xf6f9, 0xf6f9, 0xf6f9, 0xf6f9, 0xf6f9, 0xf6f9, 0xf6f9, 0xf6f9, 0xf6f9, 0xf6f9, 
	0xf6f9, 0xf6f9, 0xf719, 0xf719, 0xf719, 0xf719, 0xf719, 0xf719, 0xf719, 0xf719, 0xf719, 0xf719, 0xff19, 0xff19, 0xff19, 0xff19, 
	0xff19, 0xff19, 0xff19, 0xff19, 0xff19, 0xff19, 0xff19, 0xff1a, 0xff1a, 0xff1a, 0xff1a, 0xff3a, 0xff3a, 0xff3a, 0xff3a, 0xff3a, 
	0xff3a, 0xff3a, 0xff3a, 0xff3a, 0xff3a, 0xff3a, 0xff3a, 0xff3a, 0xff3a, 0xff3a, 0xff3a, 0xff3a, 0xff3a, 0xff3a, 0xff3a, 0xff3a, 
	0xff39, 0xff39, 0xff39, 0xff19, 0xff19, 0xff19, 0xff19, 0xff19, 0xff19, 0xff19, 0xff19, 0xff19, 0xff19, 0xff19, 0xff19, 0xff19, 
	0xff19, 0xff19, 0xff19, 0xff19, 0xff19, 0xff19, 0xff19, 0xff19, 0xfef9, 0xfef9, 0xfef9, 0xfef9, 0xfef9, 0xfef8, 0xfef8, 0xfef8, 
	0xfef8, 0xfef8, 0xfef8, 0xfef8, 0xfef8, 0xfef8, 0xfef8, 0xfed8, 0xfed8, 0xfed8, 0xfed8, 0xfed8, 0xfed8, 0xfed8, 0xfed8, 0xfed8, 
	0xfed8, 0xfed7, 0xfed7, 0xfed7, 0xfed7, 0xfed7, 0xfeb7, 0xfeb7, 0xfeb7, 0xfeb7, 0xfeb7, 0xfeb7, 0xfeb7, 0xfeb7, 0xfeb7, 0xfeb7, 
	0xfeb7, 0xfeb7, 0xfeb7, 0xfeb7, 0xfeb7, 0xfeb7, 0xfeb7, 0xfeb7, 0xfeb7, 0xfeb7, 0xfeb7, 0xfeb7, 0xfeb7, 0xfeb7, 0xfeb7, 0xfeb7, 
	0xfeb7, 0xfeb7, 0xfeb7, 0xfeb7, 0xfeb7, 0xfeb7, 0xfeb7, 0xfeb7, 0xfeb7, 0xfeb7, 0xfeb7, 0xfeb7, 0xfeb7, 0xfeb7, 0xfeb7, 0xfeb7, 
	0xfed7, 0xfed7, 0xfed7, 0xfed8, 0xfed8, 0xfed8, 0xfed8, 0xfed8, 0xfed8, 0xfed8, 0xfed8, 0xfed8, 0xfed8, 0xfed8, 0xfed8, 0xfed8, 
	0xfed8, 0xfef8, 0xfef8, 0xfef8, 0xfef8, 0xfef8, 0xfef8, 0xfef8, 0xfef8, 0xfef8, 0xfef8, 0xfef8, 0xfef8, 0xfef8, 0xfef9, 0xfef9, 
	0xfef9, 0xff19, 0xff19, 0xff19, 0xff19, 0xff19, 0xff19, 0xff19, 0xff19, 0xff19, 0xff19, 0xff19, 0xff19, 0xff19, 0xff19, 0xff39, 
	0xff39, 0xff39, 0xff39, 0xff39, 0xff39, 0xff39, 0xff39, 0xff3a, 0xff3a, 0xff3a, 0xff3a, 0xff3a, 0xff3a, 0xff3a, 0xff5a, 0xff5a, 
	0xff5a, 0xff5a, 0xff5a, 0xff5a, 0xff5a, 0xff5a, 0xff5a, 0xff5a, 0xff5a, 0xff5a, 0xff5a, 0xff5a, 0xff5a, 0xff5a, 0xff5a, 0xff5a, 
	0xff5a, 0xff5a, 0xff7a, 0xff5a, 0xff5a, 0xff5a, 0xff5a, 0xff5a, 0xff5a, 0xf75a, 0xff5a, 0xf75a, 0xf75a, 0xf75a, 0xf75a, 0xf75a, 
	0xbdb8, 0xbdd8, 0xbdd8, 0xc5d8, 0xc5d8, 0xc5d8, 0xc5f8, 0xc5f8, 0xc5f8, 0xc5f8, 0xc5f8, 0xcdf8, 0xcdf8, 0xce18, 0xce18, 0xce18, 
	0xce18, 0xce18, 0xd618, 0xd638, 0xd638, 0xd638, 0xd638, 0xd638, 0xd658, 0xd658, 0xde58, 0xde58, 0xde58, 0xde58, 0xde58, 0xde78, 
	0xde78, 0xde78, 0xde78, 0xe678, 0xe678, 0xe678, 0xe698, 0xe698, 0xe698, 0xe698, 0xe698, 0xe698, 0xe698, 0xe6b8, 0xeeb8, 0xeeb8, 
	0xeeb8, 0xeeb8, 0xeeb8, 0xeeb8, 0xeeb9, 0xeed9, 0xeed9, 0xeed9, 0xeed9, 0xeed9, 0xeed9, 0xf6d9, 0xf6d9, 0xf6d9, 0xf6d9, 0xf6d9, 
	0xf6f9, 0xf6f9, 0xf6f9, 0xf6f9, 0xf6f9, 0xf6d9, 0xf6d9, 0xf6f9, 0xf6f9, 0xf6f9, 0xf6f9, 0xf6f9, 0xf6f9, 0xf6f9, 0xf6f9, 0xf6f9, 
	0xf6f9, 0xf6f9, 0xf6f9, 0xf719, 0xf719, 0xf719, 0xf719, 0xf719, 0xf719, 0xf719, 0xf719, 0xf719, 0xf719, 0xf719, 0xf719, 0xf719, 
	0xf719, 0xf719, 0xf719, 0xf719, 0xf719, 0xf719, 0xf719, 0xff19, 0xff19, 0xff19, 0xff1a, 0xff1a, 0xff1a, 0xff1a, 0xff1a, 0xff3a, 
	0xff3a, 0xff3a, 0xff3a, 0xff3a, 0xff3a, 0xff3a, 0xff3a, 0xff3a, 0xff3a, 0xff3a, 0xff3a, 0xff3a, 0xff19, 0xff19, 0xff19, 0xff19, 
	0xff19, 0xff19, 0xff19, 0xff19, 0xff19, 0xff19, 0xff19, 0xff19, 0xff19, 0xff19, 0xff19, 0xff19, 0xff19, 0xff19, 0xff19, 0xff19, 
	0xff19, 0xff19, 0xff19, 0xff19, 0xff19, 0xff19, 0xfef9, 0xfef9, 0xfef9, 0xfef9, 0xfef9, 0xfef8, 0xfef8, 0xfef8, 0xfef8, 0xfef8, 
	0xfef8, 0xfef8, 0xfef8, 0xfef8, 0xfed8, 0xfed8, 0xfed8, 0xfed8, 0xfed8, 0xfed8, 0xfed8, 0xfed8, 0xfed8, 0xfed7, 0xfed7, 0xfed7, 
	0xfeb7, 0xfeb7, 0xfeb7, 0xfeb7, 0xfeb7, 0xfeb7, 0xfeb7, 0xfeb7, 0xfeb7, 0xfeb7, 0xfeb7, 0xfeb7, 0xfeb7, 0xfeb7, 0xfeb7, 0xfeb7, 
	0xfeb7, 0xfeb7, 0xfeb7, 0xfeb7, 0xfeb7, 0xfeb7, 0xfeb7, 0xfeb7, 0xfeb7, 0xfeb7, 0xfeb7, 0xfeb7, 0xfeb7, 0xfeb7, 0xfeb7, 0xfeb7, 
	0xfeb7, 0xfeb7, 0xfeb7, 0xfeb7, 0xfeb7, 0xfeb7, 0xfeb7, 0xfeb7, 0xfeb7, 0xfeb7, 0xfeb7, 0xfeb7, 0xfeb7, 0xfeb7, 0xfeb7, 0xfeb7, 
	0xfeb7, 0xfeb7, 0xfeb7, 0xfeb7, 0xfeb7, 0xfeb7, 0xfeb8, 0xfed8, 0xfed8, 0xfed8, 0xfed8, 0xfed8, 0xfed8, 0xfed8, 0xfed8, 0xfed8, 
	0xfed8, 0xfed8, 0xfed8, 0xfed8, 0xfef8, 0xfef8, 0xfef8, 0xfef8, 0xfef8, 0xfef8, 0xfef8, 0xfef8, 0xfef8, 0xfef8, 0xfef8, 0xfef8, 
	0xfef9, 0xfef9, 0xfef9, 0xfef9, 0xff19, 0xff19, 0xff19, 0xff19, 0xff19, 0xff19, 0xff19, 0xff19, 0xff19, 0xff39, 0xff39, 0xff39, 
	0xff39, 0xff39, 0xff39, 0xff39, 0xff39, 0xff3a, 0xff3a, 0xff3a, 0xff3a, 0xff3a, 0xff3a, 0xff3a, 0xff3a, 0xff3a, 0xff3a, 0xff5a, 
	0xff5a, 0xff5a, 0xff5a, 0xff5a, 0xff5a, 0xff5a, 0xff5a, 0xff5a, 0xff5a, 0xff5a, 0xff5a, 0xff5a, 0xff5a, 0xff5a, 0xff5a, 0xff5a, 
	0xff5a, 0xff5a, 0xff5a, 0xff5a, 0xff5a, 0xff5a, 0xff5a, 0xff5a, 0xf75a, 0xff5a, 0xf75a, 0xff5a, 0xf75a, 0xf75a, 0xf75a, 0xf75a, 
	0xbdb8, 0xbdd8, 0xbdd8, 0xc5d8, 0xc5d8, 0xc5d8, 0xc5d8, 0xc5f8, 0xc5f8, 0xc5f8, 0xcdf8, 0xcdf8, 0xce18, 0xce18, 0xce18, 0xce18, 
	0xce18, 0xd618, 0xd638, 0xd638, 0xd638, 0xd638, 0xd638, 0xd638, 0xd638, 0xd658, 0xde58, 0xde58, 0xde58, 0xde58, 0xde78, 0xde78, 
	0xde78, 0xde78, 0xe678, 0xe678, 0xe678, 0xe698, 0xe698, 0xe698, 0xe698, 0xe698, 0xe698, 0xe698, 0xe6b8, 0xeeb8, 0xeeb8, 0xeeb8, 
	0xeeb8, 0xeeb8, 0xeeb8, 0xeeb9, 0xeeb9, 0xeed9, 0xeed9, 0xeed9, 0xeed9, 0xf6d9, 0xf6d9, 0xf6d9, 0xf6d9, 0xf6f9, 0xf6f9, 0xf6f9, 
	0xf6f9, 0xf6f9, 0xf6d9, 0xf6f9, 0xf6f9, 0xf6f9, 0xf6f9, 0xf6f9, 0xf6f9, 0xf6f9, 0xf6f9, 0xf6f9, 0xf6f9, 0xf6f9, 0xf719, 0xf719, 
	0xf719, 0xf719, 0xf719, 0xf719, 0xf719, 0xf719, 0xf719, 0xf719, 0xf719, 0xff19, 0xff19, 0xff19, 0xff19, 0xff19, 0xff19, 0xff19, 
	0xff39, 0xff39, 0xff39, 0xff39, 0xff39, 0xff39, 0xff39, 0xff39, 0xff3a, 0xff3a, 0xff3a, 0xff3a, 0xff3a, 0xff3a, 0xff3a, 0xff3a, 
	0xff3a, 0xff3a, 0xff3a, 0xff3a, 0xff3a, 0xff3a, 0xff3a, 0xff3a, 0xff3a, 0xff3a, 0xff3a, 0xff3a, 0xff3a, 0xff39, 0xff39, 0xff39, 
	0xff39, 0xff39, 0xff39, 0xff39, 0xff39, 0xff39, 0xff39, 0xff19, 0xff19, 0xff19, 0xff19, 0xff19, 0xff19, 0xff19, 0xff19, 0xff19, 
	0xff19, 0xff19, 0xff19, 0xff19, 0xff19, 0xff19, 0xff19, 0xff19, 0xff19, 0xfef9, 0xfef9, 0xfef8, 0xfef8, 0xfef8, 0xfef8, 0xfef8, 
	0xfef8, 0xfef8, 0xfef8, 0xfef8, 0xfed8, 0xfed8, 0xfed8, 0xfed8, 0xfed8, 0xfed8, 0xfed8, 0xfed8, 0xfed8, 0xfed8, 0xfed8, 0xfed7, 
	0xfed7, 0xfed7, 0xfeb7, 0xfeb7, 0xfeb7, 0xfeb7, 0xfeb7, 0xfeb7, 0xfeb7, 0xfeb7, 0xfeb7, 0xfeb7, 0xfeb7, 0xfeb7, 0xfeb7, 0xfeb7, 
	0xfeb7, 0xfeb7, 0xfeb7, 0xfeb7, 0xfeb7, 0xfeb7, 0xfeb7, 0xfeb7, 0xfeb7, 0xfeb7, 0xfeb7, 0xfeb7, 0xfeb7, 0xfeb7, 0xfeb7, 0xfeb7, 
	0xfeb7, 0xfeb7, 0xfeb7, 0xfeb7, 0xfeb7, 0xfeb7, 0xfeb7, 0xfeb7, 0xfeb7, 0xfeb7, 0xfeb7, 0xfeb7, 0xfeb7, 0xfeb7, 0xfeb7, 0xfeb7, 
	0xfeb7, 0xfeb7, 0xfeb7, 0xfeb7, 0xfeb7, 0xfed7, 0xfed7, 0xfed7, 0xfed8, 0xfed8, 0xfed8, 0xfed8, 0xfed8, 0xfed8, 0xfed8, 0xfed8, 
	0xfed8, 0xfed8, 0xfed8, 0xfef8, 0xfef8, 0xfef8, 0xfef8, 0xfef8, 0xfef8, 0xfef8, 0xfef8, 0xfef8, 0xfef8, 0xfef8, 0xfef8, 0xfef8, 
	0xfef8, 0xfef9, 0xff19, 0xff19, 0xff19, 0xff19, 0xff19, 0xff19, 0xff19, 0xff19, 0xff19, 0xff19, 0xff19, 0xff19, 0xff19, 0xff19, 
	0xff19, 0xff19, 0xff39, 0xff39, 0xff39, 0xff39, 0xff39, 0xff39, 0xff39, 0xff39, 0xff3a, 0xff3a, 0xff3a, 0xff3a, 0xff5a, 0xff5a, 
	0xff3a, 0xff5a, 0xff5a, 0xff5a, 0xff5a, 0xff5a, 0xff5a, 0xff5a, 0xff5a, 0xff5a, 0xff5a, 0xff5a, 0xff5a, 0xff5a, 0xff5a, 0xff5a, 
	0xff5a, 0xff5a, 0xff5a, 0xff5a, 0xff5a, 0xff5a, 0xff5a, 0xf75a, 0xff5a, 0xff5a, 0xf75a, 0xf75a, 0xf75a, 0xf75a, 0xf75a, 0xf75a, 
	0xbdd8, 0xbdd8, 0xbdd8, 0xc5d8, 0xc5d8, 0xc5d8, 0xc5f8, 0xc5f8, 0xc5f8, 0xc5f8, 0xcdf8, 0xcdf8, 0xcdf8, 0xcdf8, 0xcdf8, 0xce18, 
	0xce18, 0xce18, 0xd618, 0xd618, 0xd618, 0xd638, 0xd638, 0xd638, 0xd638, 0xd638, 0xd638, 0xde38, 0xde38, 0xde58, 0xde58, 0xde58, 
	0xde58, 0xde58, 0xde58, 0xe678, 0xe678, 0xe678, 0xe678, 0xe678, 0xe678, 0xe678, 0xe698, 0xe698, 0xe698, 0xe698, 0xee98, 0xee98, 
	0xee98, 0xeeb8, 0xeeb8, 0xeeb8, 0xeeb8, 0xeeb8, 0xeeb8, 0xeeb8, 0xeed8, 0xeed9, 0xeed9, 0xeed9, 0xf6d9, 0xf6d9, 0xf6d9, 0xf6d9, 
	0xf6d9, 0xf6d9, 0xf6f9, 0xf6f9, 0xf6f9, 0xf6f9, 0xf6f9, 0xf6f9, 0xf6f9, 0xf6f9, 0xf6f9, 0xf6f9, 0xf6f9, 0xf6f9, 0xf6f9, 0xf6f9, 
	0xf719, 0xf719, 0xf719, 0xf719, 0xf719, 0xf719, 0xf719, 0xff19, 0xff19, 0xff19, 0xff19, 0xff19, 0xff19, 0xff39, 0xff39, 0xff39, 
	0xff39, 0xff39, 0xff39, 0xff39, 0xff3a, 0xff3a, 0xff3a, 0xff3a, 0xff3a, 0xff3a, 0xff3a, 0xff3a, 0xff3a, 0xff3a, 0xff3a, 0xff3a, 
	0xff3a, 0xff3a, 0xff3a, 0xff3a, 0xff3a, 0xff3a, 0xff3a, 0xff3a, 0xff3a, 0xff3a, 0xff3a, 0xff3a, 0xff3a, 0xff3a, 0xff3a, 0xff39, 
	0xff39, 0xff39, 0xff39, 0xff39, 0xff39, 0xff39, 0xff39, 0xff39, 0xff19, 0xff19, 0xff19, 0xff19, 0xff19, 0xff19, 0xff19, 0xff19, 
	0xff19, 0xff19, 0xff19, 0xff19, 0xff19, 0xff19, 0xff19, 0xff19, 0xff19, 0xfef9, 0xfef9, 0xfef8, 0xfef8, 0xfef8, 0xfef8, 0xfef8, 
	0xfef8, 0xfef8, 0xfef8, 0xfef8, 0xfed8, 0xfed8, 0xfed8, 0xfed8, 0xfed8, 0xfed8, 0xfed8, 0xfed8, 0xfed8, 0xfed8, 0xfed7, 0xfed7, 
	0xfed7, 0xfeb7, 0xfeb7, 0xfeb7, 0xfeb7, 0xfeb7, 0xfeb7, 0xfeb7, 0xfeb7, 0xfeb7, 0xfeb7, 0xfeb7, 0xfeb7, 0xfeb7, 0xfeb7, 0xfeb7, 
	0xfeb7, 0xfeb7, 0xfeb7, 0xfeb7, 0xfeb7, 0xfeb7, 0xfeb7, 0xfeb7, 0xfeb7, 0xfeb7, 0xfeb7, 0xfeb7, 0xfeb7, 0xfeb7, 0xfeb7, 0xfeb7, 
	0xfeb7, 0xfeb7, 0xfeb7, 0xfeb7, 0xfeb7, 0xfeb7, 0xfeb7, 0xfeb7, 0xfeb7, 0xfeb7, 0xfeb7, 0xfeb7, 0xfeb7, 0xfeb7, 0xfeb7, 0xfeb7, 
	0xfeb7, 0xfeb7, 0xfeb7, 0xfeb7, 0xfeb7, 0xfeb7, 0xfed7, 0xfed7, 0xfed7, 0xfed8, 0xfed8, 0xfed8, 0xfed8, 0xfed8, 0xfed8, 0xfed8, 
	0xfed8, 0xfed8, 0xfed8, 0xfed8, 0xfed8, 0xfed8, 0xfef8, 0xfef8, 0xfef8, 0xfef8, 0xfef8, 0xfef8, 0xfef8, 0xfef8, 0xfef8, 0xfef8, 
	0xfef8, 0xfef9, 0xff19, 0xff19, 0xff19, 0xff19, 0xff19, 0xff19, 0xff19, 0xff19, 0xff19, 0xff19, 0xff19, 0xff19, 0xff19, 0xff19, 
	0xff19, 0xff19, 0xff39, 0xff39, 0xff39, 0xff39, 0xff39, 0xff39, 0xff39, 0xff39, 0xff3a, 0xff3a, 0xff3a, 0xff3a, 0xff3a, 0xff5a, 
	0xff3a, 0xff5a, 0xff5a, 0xff5a, 0xff5a, 0xff3a, 0xff5a, 0xff5a, 0xff5a, 0xff5a, 0xff5a, 0xff5a, 0xff5a, 0xff5a, 0xff5a, 0xff5a, 
	0xff5a, 0xff5a, 0xff5a, 0xff5a, 0xff5a, 0xff5a, 0xff5a, 0xff5a, 0xff5a, 0xff5a, 0xf75a, 0xf75a, 0xf75a, 0xf75a, 0xf75a, 0xf75a, 
	0xbdb8, 0xbdd8, 0xbdd8, 0xc5d8, 0xc5d8, 0xc5d8, 0xc5f8, 0xc5d8, 0xc5f8, 0xc5f8, 0xcdf8, 0xcdf8, 0xcdf8, 0xcdf8, 0xce18, 0xce18, 
	0xce18, 0xce18, 0xd618, 0xd618, 0xd618, 0xd618, 0xd638, 0xd638, 0xd638, 0xd638, 0xde38, 0xde38, 0xde58, 0xde58, 0xde58, 0xde58, 
	0xde58, 0xde58, 0xde78, 0xe678, 0xe678, 0xe678, 0xe678, 0xe678, 0xe698, 0xe678, 0xe698, 0xe698, 0xe698, 0xee98, 0xe698, 0xee98, 
	0xeeb8, 0xeeb8, 0xeeb8, 0xeeb8, 0xeeb8, 0xeeb8, 0xeeb8, 0xeeb8, 0xeeb8, 0xeed8, 0xeed8, 0xeed9, 0xf6d9, 0xf6d9, 0xf6d9, 0xf6d9, 
	0xf6d9, 0xf6f9, 0xf6f9, 0xf6f9, 0xf6f9, 0xf6f9, 0xf6f9, 0xf6f9, 0xf6f9, 0xf6f9, 0xf6f9, 0xf6f9, 0xf6f9, 0xf6f9, 0xf6f9, 0xf719, 
	0xf719, 0xf719, 0xf719, 0xf719, 0xf719, 0xf719, 0xf719, 0xf719, 0xff19, 0xff19, 0xff19, 0xff39, 0xff39, 0xff39, 0xff39, 0xff39, 
	0xff39, 0xff39, 0xff3a, 0xff3a, 0xff3a, 0xff3a, 0xff3a, 0xff3a, 0xff3a, 0xff3a, 0xff3a, 0xff3a, 0xff3a, 0xff3a, 0xff3a, 0xff3a, 
	0xff3a, 0xff3a, 0xff3a, 0xff3a, 0xff3a, 0xff3a, 0xff3a, 0xff3a, 0xff3a, 0xff3a, 0xff3a, 0xff3a, 0xff3a, 0xff3a, 0xff3a, 0xff3a, 
	0xff39, 0xff39, 0xff39, 0xff39, 0xff39, 0xff39, 0xff39, 0xff39, 0xff19, 0xff19, 0xff19, 0xff19, 0xff19, 0xff19, 0xff19, 0xff19, 
	0xff19, 0xff19, 0xff19, 0xff19, 0xff19, 0xff19, 0xfef9, 0xfef9, 0xfef9, 0xfef9, 0xfef9, 0xfef8, 0xfef8, 0xfef8, 0xfef8, 0xfef8, 
	0xfef8, 0xfef8, 0xfef8, 0xfed8, 0xfed8, 0xfed8, 0xfed8, 0xfed8, 0xfed8, 0xfed8, 0xfed8, 0xfed8, 0xfed8, 0xfed8, 0xfed7, 0xfed7, 
	0xfeb7, 0xfeb7, 0xfeb7, 0xfeb7, 0xfeb7, 0xfeb7, 0xfeb7, 0xfeb7, 0xfeb7, 0xfeb7, 0xfeb7, 0xfeb7, 0xfeb7, 0xfeb7, 0xfeb7, 0xfeb7, 
	0xfeb7, 0xfeb7, 0xfeb7, 0xfeb7, 0xfeb7, 0xfeb7, 0xfeb7, 0xfeb7, 0xfeb7, 0xfeb7, 0xfeb7, 0xfeb7, 0xfeb7, 0xfeb7, 0xfeb7, 0xfeb7, 
	0xfeb7, 0xfeb7, 0xfeb7, 0xfeb7, 0xfeb7, 0xfeb7, 0xfeb7, 0xfeb7, 0xfeb7, 0xfeb7, 0xfeb7, 0xfeb7, 0xfeb7, 0xfeb7, 0xfeb7, 0xfeb7, 
	0xfeb7, 0xfeb7, 0xfeb7, 0xfeb7, 0xfeb7, 0xfeb7, 0xfeb7, 0xfeb7, 0xfed7, 0xfed7, 0xfed7, 0xfed8, 0xfed8, 0xfed8, 0xfed8, 0xfed8, 
	0xfed8, 0xfed8, 0xfed8, 0xfed8, 0xfed8, 0xfed8, 0xfed8, 0xfed8, 0xfef8, 0xfef8, 0xfef8, 0xfef8, 0xfef8, 0xfef8, 0xfef8, 0xfef8, 
	0xfef8, 0xfef8, 0xfef9, 0xfef9, 0xff19, 0xff19, 0xff19, 0xff19, 0xff19, 0xff19, 0xff19, 0xff19, 0xff19, 0xff19, 0xff19, 0xff19, 
	0xff19, 0xff19, 0xff39, 0xff39, 0xff39, 0xff39, 0xff39, 0xff39, 0xff39, 0xff39, 0xff39, 0xff39, 0xff39, 0xff39, 0xff5a, 0xff3a, 
	0xff3a, 0xff3a, 0xff3a, 0xff3a, 0xff3a, 0xff5a, 0xff3a, 0xff5a, 0xff5a, 0xff5a, 0xff5a, 0xff5a, 0xff5a, 0xff5a, 0xff5a, 0xff5a, 
	0xff5a, 0xff5a, 0xff5a, 0xff5a, 0xff5a, 0xff5a, 0xff5a, 0xff5a, 0xf75a, 0xf75a, 0xf75a, 0xf75a, 0xf75a, 0xf75a, 0xf75a, 0xf75a, 
	0xbdb8, 0xbdd8, 0xbdd8, 0xc5d8, 0xc5d8, 0xc5d8, 0xc5d8, 0xc5f8, 0xc5f8, 0xcdf8, 0xcdf8, 0xcdf8, 0xcdf8, 0xcdf8, 0xcdf8, 0xce18, 
	0xce18, 0xce18, 0xd618, 0xd618, 0xd618, 0xd638, 0xd638, 0xd638, 0xd638, 0xd638, 0xd638, 0xde58, 0xde58, 0xde58, 0xde58, 0xde58, 
	0xde58, 0xde58, 0xe678, 0xe678, 0xe678, 0xe678, 0xe678, 0xe678, 0xe678, 0xe698, 0xe698, 0xe698, 0xe698, 0xe698, 0xee98, 0xee98, 
	0xeeb8, 0xeeb8, 0xeeb8, 0xeeb8, 0xeeb8, 0xeeb8, 0xeeb8, 0xeeb8, 0xeed8, 0xeed8, 0xeed9, 0xeed8, 0xeed9, 0xf6d9, 0xf6d9, 0xf6d9, 
	0xf6d9, 0xf6d9, 0xf6f9, 0xf6f9, 0xf6f9, 0xf6f9, 0xf6f9, 0xf6f9, 0xf6f9, 0xf6f9, 0xf6f9, 0xf6f9, 0xf6f9, 0xf6f9, 0xf6f9, 0xf6f9, 
	0xf6f9, 0xf719, 0xf719, 0xf719, 0xf719, 0xf719, 0xf719, 0xf719, 0xf719, 0xf719, 0xf719, 0xf719, 0xf719, 0xf739, 0xff39, 0xff39, 
	0xff39, 0xff39, 0xff39, 0xff39, 0xff39, 0xff3a, 0xff3a, 0xff3a, 0xff3a, 0xff3a, 0xff3a, 0xff3a, 0xff3a, 0xff3a, 0xff3a, 0xff3a, 
	0xff3a, 0xff3a, 0xff3a, 0xff3a, 0xff3a, 0xff3a, 0xff3a, 0xff3a, 0xff3a, 0xff3a, 0xff3a, 0xff39, 0xff39, 0xff39, 0xff39, 0xff39, 
	0xff39, 0xff39, 0xff39, 0xff39, 0xff19, 0xff19, 0xff19, 0xff19, 0xff19, 0xff19, 0xff19, 0xff19, 0xff19, 0xff19, 0xff19, 0xff19, 
	0xff19, 0xff19, 0xff19, 0xff19, 0xff19, 0xfef9, 0xfef9, 0xfef9, 0xfef9, 0xfef8, 0xfef8, 0xfef8, 0xfef8, 0xfef8, 0xfef8, 0xfef8, 
	0xfef8, 0xfed8, 0xfed8, 0xfed8, 0xfed8, 0xfed8, 0xfed8, 0xfed8, 0xfed8, 0xfed8, 0xfed7, 0xfed7, 0xfed7, 0xfeb7, 0xfeb7, 0xfeb7, 
	0xfeb7, 0xfeb7, 0xfeb7, 0xfeb7, 0xfeb7, 0xfeb7, 0xfeb7, 0xfeb7, 0xfeb7, 0xfeb7, 0xfeb7, 0xfeb7, 0xfeb7, 0xfeb7, 0xfeb7, 0xfeb7, 
	0xfeb7, 0xfeb7, 0xfeb7, 0xfeb7, 0xfeb7, 0xfeb7, 0xfeb7, 0xfeb7, 0xfeb7, 0xfeb7, 0xfeb7, 0xfeb7, 0xfeb7, 0xfeb7, 0xfeb7, 0xfeb7, 
	0xfeb7, 0xfeb7, 0xfeb7, 0xfeb7, 0xfeb7, 0xfeb7, 0xfeb7, 0xfeb7, 0xfeb7, 0xfeb7, 0xfeb7, 0xfeb7, 0xfeb7, 0xfeb7, 0xfeb7, 0xfeb7, 
	0xfeb7, 0xfeb7, 0xfeb7, 0xfeb7, 0xfeb7, 0xfeb7, 0xfeb7, 0xfeb7, 0xfeb7, 0xfeb7, 0xfeb7, 0xfed7, 0xfed7, 0xfed7, 0xfed7, 0xfed7, 
	0xfed7, 0xfed8, 0xfed8, 0xfed8, 0xfed8, 0xfed8, 0xfed8, 0xfed8, 0xfed8, 0xfed8, 0xfed8, 0xfef8, 0xfef8, 0xfef8, 0xfef8, 0xfef8, 
	0xfef8, 0xfef8, 0xfef8, 0xfef8, 0xfef8, 0xfef9, 0xfef9, 0xfef9, 0xff19, 0xff19, 0xff19, 0xff19, 0xff19, 0xff19, 0xff19, 0xff19, 
	0xff19, 0xff19, 0xff19, 0xff39, 0xff39, 0xff39, 0xff39, 0xff39, 0xff39, 0xff39, 0xff39, 0xff39, 0xff3a, 0xff3a, 0xff3a, 0xff3a, 
	0xff3a, 0xff3a, 0xff3a, 0xff3a, 0xff3a, 0xff3a, 0xff5a, 0xff5a, 0xff5a, 0xff5a, 0xff5a, 0xff5a, 0xff5a, 0xff5a, 0xff5a, 0xff5a, 
	0xff5a, 0xff5a, 0xff5a, 0xff5a, 0xff5a, 0xf75a, 0xff5a, 0xff5a, 0xf75a, 0xf75a, 0xf75a, 0xf75a, 0xf75a, 0xf75a, 0xf75a, 0xf73a, 
	0xbdb8, 0xbdd8, 0xc5d8, 0xc5d8, 0xc5d8, 0xc5d8, 0xc5f8, 0xc5f8, 0xc5f8, 0xc5f8, 0xcdf8, 0xcdf8, 0xcdf8, 0xcdf8, 0xcdf8, 0xce18, 
	0xce18, 0xd618, 0xd618, 0xd618, 0xd618, 0xd638, 0xd638, 0xd638, 0xd638, 0xd638, 0xde38, 0xde58, 0xde58, 0xde58, 0xde58, 0xde58, 
	0xde58, 0xde78, 0xde78, 0xe678, 0xe678, 0xe678, 0xe678, 0xe678, 0xe698, 0xe698, 0xe698, 0xe698, 0xee98, 0xee98, 0xee98, 0xee98, 
	0xeeb8, 0xeeb8, 0xeeb8, 0xeeb8, 0xeeb8, 0xeeb8, 0xeed8, 0xeeb8, 0xeed8, 0xeed8, 0xeed9, 0xeed9, 0xeed9, 0xf6d9, 0xf6d9, 0xf6f9, 
	0xf6f9, 0xf6f9, 0xf6f9, 0xf6f9, 0xf6f9, 0xf6f9, 0xf6f9, 0xf6f9, 0xf6f9, 0xf6f9, 0xf6f9, 0xf6f9, 0xf6f9, 0xf719, 0xf719, 0xf719, 
	0xf719, 0xf719, 0xf719, 0xf719, 0xf719, 0xf719, 0xf719, 0xf719, 0xf719, 0xff19, 0xff19, 0xff19, 0xff19, 0xff39, 0xff39, 0xff39, 
	0xff39, 0xff39, 0xff39, 0xff39, 0xff3a, 0xff3a, 0xff3a, 0xff3a, 0xff3a, 0xff3a, 0xff3a, 0xff3a, 0xff3a, 0xff3a, 0xff3a, 0xff3a, 
	0xff3a, 0xff3a, 0xff3a, 0xff3a, 0xff3a, 0xff3a, 0xff3a, 0xff3a, 0xff3a, 0xff3a, 0xff3a, 0xff39, 0xff39, 0xff39, 0xff39, 0xff39, 
	0xff39, 0xff39, 0xff39, 0xff39, 0xff39, 0xff39, 0xff39, 0xff39, 0xff39, 0xff39, 0xff19, 0xff19, 0xff19, 0xff19, 0xff19, 0xff19, 
	0xff19, 0xff19, 0xff19, 0xff19, 0xff19, 0xff19, 0xfef9, 0xfef9, 0xfef8, 0xfef8, 0xfef8, 0xfef8, 0xfef8, 0xfef8, 0xfef8, 0xfef8, 
	0xfef8, 0xfef8, 0xfef8, 0xfed8, 0xfed8, 0xfed8, 0xfed8, 0xfed8, 0xfed8, 0xfed8, 0xfed8, 0xfed7, 0xfed7, 0xfed7, 0xfed7, 0xfeb7, 
	0xfeb7, 0xfeb7, 0xfeb7, 0xfeb7, 0xfeb7, 0xfeb7, 0xfeb7, 0xfeb7, 0xfeb7, 0xfeb7, 0xfeb7, 0xfeb7, 0xfeb7, 0xfeb7, 0xfeb7, 0xfeb7, 
	0xfeb7, 0xfe97, 0xfe97, 0xfe97, 0xfe97, 0xfe97, 0xfe97, 0xfe97, 0xfe97, 0xfe97, 0xfe97, 0xfe97, 0xfe97, 0xfe97, 0xfe97, 0xfe97, 
	0xfe97, 0xfe97, 0xfe97, 0xfe97, 0xfe97, 0xfe97, 0xfe97, 0xfeb7, 0xfeb7, 0xfeb7, 0xfeb7, 0xfeb7, 0xfeb7, 0xfeb7, 0xfeb7, 0xfeb7, 
	0xfeb7, 0xfeb7, 0xfeb7, 0xfeb7, 0xfeb7, 0xfeb7, 0xfeb7, 0xfeb7, 0xfeb7, 0xfed7, 0xfed7, 0xfed7, 0xfed7, 0xfed7, 0xfed7, 0xfed7, 
	0xfed8, 0xfed8, 0xfed8, 0xfed8, 0xfed8, 0xfed8, 0xfed8, 0xfed8, 0xfed8, 0xfef8, 0xfef8, 0xfef8, 0xfef8, 0xfef8, 0xfef8, 0xfef8, 
	0xfef8, 0xfef8, 0xfef8, 0xfef8, 0xfef8, 0xfef9, 0xfef9, 0xfef9, 0xfef9, 0xff19, 0xff19, 0xff19, 0xff19, 0xff19, 0xff19, 0xff19, 
	0xff19, 0xff19, 0xff19, 0xff19, 0xff19, 0xff19, 0xff19, 0xff39, 0xff39, 0xff39, 0xff39, 0xff39, 0xff39, 0xff39, 0xff39, 0xff39, 
	0xff39, 0xff3a, 0xff3a, 0xff3a, 0xff3a, 0xff5a, 0xff3a, 0xff5a, 0xff5a, 0xff5a, 0xff5a, 0xff5a, 0xff5a, 0xff5a, 0xff5a, 0xff5a, 
	0xff5a, 0xff5a, 0xff5a, 0xff5a, 0xff5a, 0xff5a, 0xff5a, 0xf75a, 0xf75a, 0xf75a, 0xf75a, 0xf75a, 0xf75a, 0xf75a, 0xf75a, 0xf759, 
	0xbdb8, 0xbdd8, 0xbdd8, 0xc5d8, 0xc5d8, 0xc5d8, 0xc5f8, 0xc5d8, 0xc5f8, 0xcdf8, 0xcdf8, 0xcdf8, 0xcdf8, 0xcdf8, 0xce18, 0xce18, 
	0xce18, 0xd618, 0xd618, 0xd618, 0xd618, 0xd638, 0xd638, 0xd638, 0xd638, 0xd638, 0xde38, 0xde38, 0xde58, 0xde58, 0xde58, 0xde58, 
	0xde58, 0xde58, 0xde78, 0xe678, 0xe678, 0xe678, 0xe678, 0xe678, 0xe678, 0xe698, 0xe698, 0xe698, 0xee98, 0xee98, 0xee98, 0xee98, 
	0xee98, 0xeeb8, 0xeeb8, 0xeeb8, 0xeeb8, 0xeeb8, 0xeeb8, 0xeeb8, 0xeed8, 0xeed9, 0xeed9, 0xeed9, 0xf6d9, 0xf6d9, 0xf6d9, 0xf6d9, 
	0xf6f9, 0xf6f9, 0xf6f9, 0xf6f9, 0xf6f9, 0xf6f9, 0xf6f9, 0xf6f9, 0xf6f9, 0xf6f9, 0xf6f9, 0xf719, 0xf719, 0xf719, 0xf719, 0xf719, 
	0xf719, 0xf719, 0xf719, 0xf719, 0xf719, 0xf719, 0xf719, 0xf719, 0xf719, 0xf719, 0xf719, 0xf719, 0xff39, 0xff39, 0xff39, 0xff39, 
	0xff39, 0xff3a, 0xff3a, 0xff3a, 0xff3a, 0xff3a, 0xff3a, 0xff3a, 0xff3a, 0xff3a, 0xff3a, 0xff3a, 0xff3a, 0xff3a, 0xff3a, 0xff3a, 
	0xff3a, 0xff3a, 0xff3a, 0xff3a, 0xff3a, 0xff3a, 0xff3a, 0xff3a, 0xff3a, 0xff3a, 0xff3a, 0xff3a, 0xff3a, 0xff39, 0xff39, 0xff39, 
	0xff39, 0xff39, 0xff39, 0xff39, 0xff19, 0xff19, 0xff19, 0xff19, 0xff19, 0xff19, 0xff19, 0xff19, 0xff19, 0xff19, 0xff19, 0xff19, 
	0xff19, 0xff19, 0xff19, 0xff19, 0xff19, 0xff19, 0xfef9, 0xfef9, 0xfef9, 0xfef8, 0xfef8, 0xfef8, 0xfef8, 0xfef8, 0xfef8, 0xfef8, 
	0xfef8, 0xfef8, 0xfef8, 0xfed8, 0xfed8, 0xfed8, 0xfed8, 0xfed8, 0xfed8, 0xfed8, 0xfed8, 0xfed8, 0xfed7, 0xfeb7, 0xfeb7, 0xfeb7, 
	0xfeb7, 0xfeb7, 0xfeb7, 0xfeb7, 0xfeb7, 0xfeb7, 0xfeb7, 0xfeb7, 0xfeb7, 0xfeb7, 0xfeb7, 0xfeb7, 0xfeb7, 0xfeb7, 0xfeb7, 0xfeb7, 
	0xfeb7, 0xfeb7, 0xfe97, 0xfe97, 0xfe97, 0xfe97, 0xfe97, 0xfe97, 0xfe97, 0xfe97, 0xfe97, 0xfe97, 0xfe97, 0xfe97, 0xfe97, 0xfe97, 
	0xfe97, 0xfe97, 0xfe97, 0xfe97, 0xfe97, 0xfe97, 0xfe97, 0xfeb7, 0xfeb7, 0xfeb7, 0xfeb7, 0xfeb7, 0xfeb7, 0xfeb7, 0xfeb7, 0xfeb7, 
	0xfeb7, 0xfeb7, 0xfeb7, 0xfeb7, 0xfeb7, 0xfeb7, 0xfeb7, 0xfeb7, 0xfeb7, 0xfeb7, 0xfeb7, 0xfeb7, 0xfed7, 0xfed7, 0xfed7, 0xfed7, 
	0xfed8, 0xfed8, 0xfed8, 0xfed8, 0xfed8, 0xfed8, 0xfed8, 0xfed8, 0xfed8, 0xfef8, 0xfef8, 0xfef8, 0xfef8, 0xfef8, 0xfef8, 0xfef8, 
	0xfef8, 0xfef8, 0xfef8, 0xfef8, 0xfef8, 0xfef8, 0xfef9, 0xfef9, 0xfef9, 0xff19, 0xff19, 0xff19, 0xff19, 0xff19, 0xff19, 0xff19, 
	0xff19, 0xff19, 0xff19, 0xff19, 0xff19, 0xff19, 0xff19, 0xff39, 0xff39, 0xff39, 0xff39, 0xff39, 0xff39, 0xff39, 0xff39, 0xff39, 
	0xff39, 0xff3a, 0xff39, 0xff3a, 0xff3a, 0xff5a, 0xff3a, 0xff5a, 0xff5a, 0xff3a, 0xff5a, 0xff5a, 0xff5a, 0xff5a, 0xff5a, 0xff5a, 
	0xff5a, 0xff5a, 0xff5a, 0xff5a, 0xff5a, 0xff5a, 0xf75a, 0xf75a, 0xf75a, 0xf75a, 0xf75a, 0xf75a, 0xf75a, 0xf759, 0xf75a, 0xf739, 
	0xbdb8, 0xbdd8, 0xbdd8, 0xc5d8, 0xc5d8, 0xc5d8, 0xc5d8, 0xc5f8, 0xc5f8, 0xc5f8, 0xcdf8, 0xcdf8, 0xcdf8, 0xcdf8, 0xce18, 0xce18, 
	0xce18, 0xd618, 0xd618, 0xd618, 0xd618, 0xd618, 0xd638, 0xd638, 0xd638, 0xde38, 0xde38, 0xde38, 0xde58, 0xde58, 0xde58, 0xde58, 
	0xde58, 0xde58, 0xe678, 0xe678, 0xe678, 0xe678, 0xe678, 0xe678, 0xe678, 0xe698, 0xe698, 0xe698, 0xe698, 0xe698, 0xee98, 0xeeb8, 
	0xeeb8, 0xeeb8, 0xeeb8, 0xeeb8, 0xeeb8, 0xeeb8, 0xeed8, 0xeed8, 0xeed8, 0xeed9, 0xeed9, 0xeed9, 0xeed9, 0xf6d9, 0xf6d9, 0xf6d9, 
	0xf6d9, 0xf6f9, 0xf6f9, 0xf6f9, 0xf6f9, 0xf6f9, 0xf6f9, 0xf6f9, 0xf6f9, 0xf6f9, 0xf6f9, 0xf719, 0xf719, 0xf719, 0xf719, 0xf719, 
	0xf719, 0xf719, 0xf719, 0xf719, 0xf719, 0xf719, 0xf719, 0xf719, 0xf719, 0xf719, 0xf719, 0xf719, 0xf719, 0xf739, 0xff39, 0xff39, 
	0xff39, 0xff39, 0xff39, 0xff39, 0xff39, 0xff39, 0xff39, 0xff39, 0xff39, 0xff39, 0xff39, 0xff3a, 0xff3a, 0xff3a, 0xff3a, 0xff3a, 
	0xff3a, 0xff3a, 0xff3a, 0xff3a, 0xff3a, 0xff39, 0xff39, 0xff39, 0xff39, 0xff39, 0xff39, 0xff39, 0xff39, 0xff39, 0xff39, 0xff39, 
	0xff39, 0xff39, 0xff19, 0xff19, 0xff19, 0xff19, 0xff19, 0xff19, 0xff19, 0xff19, 0xff19, 0xff19, 0xff19, 0xff19, 0xff19, 0xff19, 
	0xff19, 0xff19, 0xff19, 0xff19, 0xff19, 0xfef8, 0xfef8, 0xfef8, 0xfef8, 0xfef8, 0xfef8, 0xfef8, 0xfef8, 0xfef8, 0xfef8, 0xfef8, 
	0xfef8, 0xfed8, 0xfed8, 0xfed8, 0xfed8, 0xfed8, 0xfed8, 0xfed8, 0xfed8, 0xfed7, 0xfeb7, 0xfeb7, 0xfeb7, 0xfeb7, 0xfeb7, 0xfeb7, 
	0xfeb7, 0xfeb7, 0xfeb7, 0xfeb7, 0xfeb7, 0xfeb7, 0xfeb7, 0xfeb7, 0xf6b7, 0xf6b7, 0xf6b7, 0xf6b7, 0xf6b7, 0xf697, 0xf697, 0xf697, 
	0xf697, 0xf697, 0xf697, 0xf697, 0xf697, 0xf697, 0xf697, 0xf697, 0xf697, 0xf697, 0xf697, 0xf697, 0xf697, 0xf697, 0xf697, 0xf697, 
	0xf697, 0xf697, 0xf697, 0xf697, 0xf697, 0xf697, 0xf697, 0xf697, 0xf697, 0xf697, 0xf697, 0xf697, 0xf697, 0xf6b7, 0xf6b7, 0xf6b7, 
	0xf6b7, 0xfeb7, 0xfeb7, 0xfeb7, 0xfeb7, 0xfeb7, 0xfeb7, 0xfeb7, 0xfeb7, 0xfeb7, 0xfeb7, 0xfeb7, 0xfeb7, 0xfeb7, 0xfeb7, 0xfeb7, 
	0xfed7, 0xfed7, 0xfed7, 0xfed7, 0xfed8, 0xfed8, 0xfed8, 0xfed8, 0xfed8, 0xfed8, 0xfed8, 0xfed8, 0xfef8, 0xfef8, 0xfef8, 0xfef8, 
	0xfef8, 0xfef8, 0xfef8, 0xfef8, 0xfef8, 0xfef8, 0xfef8, 0xff18, 0xff19, 0xff19, 0xff19, 0xff19, 0xff19, 0xff19, 0xff19, 0xff19, 
	0xff19, 0xff19, 0xff19, 0xff19, 0xff19, 0xff39, 0xff39, 0xff39, 0xff39, 0xff39, 0xff39, 0xff39, 0xff39, 0xff39, 0xff39, 0xff39, 
	0xff39, 0xff39, 0xff3a, 0xff3a, 0xff3a, 0xff39, 0xff3a, 0xff3a, 0xff3a, 0xff5a, 0xff3a, 0xff5a, 0xff5a, 0xff5a, 0xff5a, 0xff5a, 
	0xff5a, 0xff5a, 0xff5a, 0xff5a, 0xff5a, 0xf75a, 0xf75a, 0xf75a, 0xf75a, 0xf75a, 0xf75a, 0xf75a, 0xf75a, 0xf739, 0xf739, 0xf739, 
	0xbdb8, 0xbdd8, 0xbdd8, 0xc5d8, 0xc5d8, 0xc5d8, 0xc5d8, 0xc5f8, 0xc5f8, 0xc5f8, 0xcdf8, 0xcdf8, 0xcdf8, 0xce18, 0xce18, 0xce18, 
	0xce18, 0xd618, 0xd618, 0xd618, 0xd618, 0xd638, 0xd638, 0xd638, 0xd638, 0xd638, 0xde38, 0xde58, 0xde58, 0xde58, 0xde58, 0xde58, 
	0xde58, 0xde58, 0xde78, 0xe678, 0xe678, 0xe678, 0xe678, 0xe678, 0xe678, 0xe698, 0xe698, 0xe698, 0xe698, 0xe698, 0xee98, 0xeeb8, 
	0xeeb8, 0xeeb8, 0xeeb8, 0xeeb8, 0xeeb8, 0xeeb8, 0xeeb8, 0xeed8, 0xeed8, 0xeed9, 0xeed9, 0xeed9, 0xeed9, 0xf6d9, 0xf6d9, 0xf6f9, 
	0xf6f9, 0xf6f9, 0xf6f9, 0xf6f9, 0xf6f9, 0xf6f9, 0xf6f9, 0xf6f9, 0xf6f9, 0xf6f9, 0xf719, 0xf719, 0xf719, 0xf719, 0xf719, 0xf719, 
	0xf719, 0xf719, 0xf719, 0xf719, 0xf719, 0xf719, 0xf719, 0xf719, 0xf739, 0xff39, 0xff39, 0xff39, 0xff39, 0xff39, 0xff39, 0xff39, 
	0xff3a, 0xff3a, 0xff3a, 0xff3a, 0xff3a, 0xff3a, 0xff3a, 0xff3a, 0xff3a, 0xff3a, 0xff3a, 0xff3a, 0xff3a, 0xff3a, 0xff3a, 0xff3a, 
	0xff3a, 0xff3a, 0xff3a, 0xff3a, 0xff3a, 0xff3a, 0xff3a, 0xff3a, 0xff3a, 0xff3a, 0xff3a, 0xff3a, 0xff39, 0xff39, 0xff39, 0xff39, 
	0xff39, 0xff39, 0xff39, 0xff39, 0xff39, 0xff39, 0xff39, 0xff39, 0xff19, 0xff19, 0xff19, 0xff19, 0xff19, 0xff19, 0xff19, 0xff19, 
	0xff19, 0xff19, 0xff19, 0xff19, 0xff19, 0xff19, 0xff19, 0xfef8, 0xfef8, 0xfef8, 0xfef8, 0xfef8, 0xfef8, 0xfef8, 0xfef8, 0xfef8, 
	0xfed8, 0xfed8, 0xfed8, 0xfed8, 0xfed8, 0xfed8, 0xfed8, 0xfed8, 0xfed8, 0xfed8, 0xfed7, 0xfed7, 0xfeb7, 0xfeb7, 0xfeb7, 0xfeb7, 
	0xfeb7, 0xfeb7, 0xfeb7, 0xfeb7, 0xfeb7, 0xfeb7, 0xfeb7, 0xfeb7, 0xfeb7, 0xfeb7, 0xfeb7, 0xfeb7, 0xfeb7, 0xfeb7, 0xfeb7, 0xfeb7, 
	0xfeb7, 0xfeb7, 0xfe97, 0xfe97, 0xfe97, 0xfe97, 0xfe97, 0xfe97, 0xfe97, 0xfe97, 0xfe97, 0xfe97, 0xfe97, 0xfe97, 0xfe97, 0xfe97, 
	0xfe97, 0xfe97, 0xfe97, 0xfe97, 0xfe97, 0xfe97, 0xfe97, 0xfe97, 0xfeb7, 0xfeb7, 0xfeb7, 0xfeb7, 0xfeb7, 0xfeb7, 0xfeb7, 0xfeb7, 
	0xfeb7, 0xfeb7, 0xfeb7, 0xfeb7, 0xfeb7, 0xfeb7, 0xfeb7, 0xfeb7, 0xfeb7, 0xfeb7, 0xfeb7, 0xfeb7, 0xfeb7, 0xfeb7, 0xfed7, 0xfed7, 
	0xfed7, 0xfed7, 0xfed7, 0xfed8, 0xfed8, 0xfed8, 0xfed8, 0xfed8, 0xfed8, 0xfed8, 0xfed8, 0xfed8, 0xfed8, 0xfef8, 0xfef8, 0xfef8, 
	0xfef8, 0xfef8, 0xfef8, 0xfef8, 0xfef8, 0xfef8, 0xfef8, 0xfef8, 0xfef8, 0xff18, 0xff19, 0xff19, 0xff19, 0xff19, 0xff19, 0xff19, 
	0xff19, 0xff19, 0xff19, 0xff19, 0xff19, 0xff19, 0xff39, 0xff39, 0xff39, 0xff39, 0xff39, 0xff39, 0xff39, 0xff39, 0xff39, 0xff39, 
	0xff39, 0xff39, 0xff39, 0xff39, 0xff39, 0xff39, 0xff3a, 0xff3a, 0xff3a, 0xff3a, 0xff3a, 0xff5a, 0xff5a, 0xff5a, 0xff5a, 0xff5a, 
	0xff5a, 0xff5a, 0xff5a, 0xff5a, 0xf75a, 0xf75a, 0xf75a, 0xf75a, 0xf75a, 0xf75a, 0xf75a, 0xf75a, 0xf739, 0xf739, 0xf739, 0xf739, 
	0xbdb8, 0xbdb8, 0xc5d8, 0xc5d8, 0xc5d8, 0xc5d8, 0xc5d8, 0xc5f8, 0xc5f8, 0xcdf8, 0xcdf8, 0xcdf8, 0xcdf8, 0xce18, 0xce18, 0xce18, 
	0xce18, 0xd618, 0xd618, 0xd618, 0xd618, 0xd638, 0xd638, 0xd638, 0xd638, 0xd638, 0xde38, 0xde58, 0xde58, 0xde58, 0xde58, 0xde58, 
	0xde58, 0xde58, 0xde78, 0xe678, 0xe678, 0xe678, 0xe678, 0xe698, 0xe698, 0xe698, 0xe698, 0xe698, 0xee98, 0xee98, 0xee98, 0xeeb8, 
	0xeeb8, 0xeeb8, 0xeeb8, 0xeeb8, 0xeeb8, 0xeeb8, 0xeed8, 0xeed8, 0xeed8, 0xeed9, 0xeed8, 0xeed9, 0xeed9, 0xf6d9, 0xf6d9, 0xf6f9, 
	0xf6f9, 0xf6f9, 0xf6f9, 0xf6f9, 0xf6f9, 0xf6f9, 0xf6f9, 0xf6f9, 0xf6f9, 0xf6f9, 0xf6f9, 0xf719, 0xf719, 0xf719, 0xf719, 0xf719, 
	0xf719, 0xf719, 0xf719, 0xf719, 0xf719, 0xf719, 0xf719, 0xf719, 0xf739, 0xf739, 0xf739, 0xf739, 0xf739, 0xf739, 0xf739, 0xf739, 
	0xf739, 0xf739, 0xf739, 0xf739, 0xff39, 0xff39, 0xff39, 0xff39, 0xff39, 0xff39, 0xff3a, 0xff3a, 0xff3a, 0xff3a, 0xff3a, 0xff3a, 
	0xff3a, 0xff3a, 0xff3a, 0xff3a, 0xff3a, 0xff39, 0xff39, 0xff39, 0xff39, 0xff39, 0xff39, 0xff39, 0xff39, 0xff39, 0xff39, 0xff39, 
	0xff39, 0xff39, 0xff39, 0xff39, 0xff39, 0xff39, 0xff19, 0xff19, 0xff19, 0xff19, 0xff19, 0xff19, 0xff19, 0xff19, 0xff19, 0xff19, 
	0xff19, 0xff19, 0xff19, 0xff19, 0xff18, 0xff18, 0xfef8, 0xfef8, 0xfef8, 0xfef8, 0xfef8, 0xfef8, 0xfef8, 0xfef8, 0xfed8, 0xfed8, 
	0xf6d8, 0xfed8, 0xfed8, 0xfed8, 0xfed8, 0xfed8, 0xfed8, 0xfed8, 0xfed8, 0xfed7, 0xfed7, 0xfeb7, 0xfeb7, 0xf6b7, 0xf6b7, 0xf6b7, 
	0xf6b7, 0xf6b7, 0xf6b7, 0xf6b7, 0xf6b7, 0xf6b7, 0xf6b7, 0xf6b7, 0xf6b7, 0xf6b7, 0xf6b7, 0xf6b7, 0xf697, 0xf697, 0xf697, 0xf697, 
	0xf697, 0xf697, 0xf697, 0xf696, 0xf696, 0xf696, 0xf696, 0xf696, 0xf696, 0xf696, 0xf696, 0xf696, 0xf696, 0xf696, 0xf696, 0xf696, 
	0xf696, 0xf696, 0xf696, 0xf696, 0xf697, 0xf697, 0xf697, 0xf697, 0xf697, 0xf697, 0xf697, 0xf697, 0xf697, 0xf6b7, 0xf6b7, 0xf6b7, 
	0xf6b7, 0xf6b7, 0xf6b7, 0xf6b7, 0xf6b7, 0xf6b7, 0xf6b7, 0xf6b7, 0xf6b7, 0xf6b7, 0xf6b7, 0xf6b7, 0xf6b7, 0xf6b7, 0xfeb7, 0xfeb7, 
	0xfeb7, 0xfed7, 0xfed7, 0xfed7, 0xfed7, 0xfed8, 0xfed8, 0xfed8, 0xfed8, 0xfed8, 0xfed8, 0xfed8, 0xfed8, 0xfed8, 0xfed8, 0xfef8, 
	0xfef8, 0xfef8, 0xfef8, 0xfef8, 0xfef8, 0xfef8, 0xfef8, 0xfef8, 0xfef8, 0xfef8, 0xff18, 0xff18, 0xff19, 0xff19, 0xff19, 0xff19, 
	0xff19, 0xff19, 0xff19, 0xff19, 0xff19, 0xff19, 0xff39, 0xff39, 0xff39, 0xff39, 0xff39, 0xff39, 0xff39, 0xff39, 0xff39, 0xff39, 
	0xff39, 0xff39, 0xff39, 0xff39, 0xff39, 0xff3a, 0xff39, 0xff39, 0xff3a, 0xff3a, 0xff5a, 0xff5a, 0xff5a, 0xff3a, 0xff3a, 0xff5a, 
	0xff5a, 0xf75a, 0xf75a, 0xf75a, 0xf75a, 0xf75a, 0xf75a, 0xf75a, 0xf75a, 0xf75a, 0xf75a, 0xf739, 0xf739, 0xf739, 0xf739, 0xf739, 
	0xbdb8, 0xbdd8, 0xc5d8, 0xc5d8, 0xc5d8, 0xc5d8, 0xc5d8, 0xc5f8, 0xc5f8, 0xc5f8, 0xcdf8, 0xcdf8, 0xcdf8, 0xcdf8, 0xce18, 0xce18, 
	0xce18, 0xd618, 0xd617, 0xd618, 0xd638, 0xd638, 0xd638, 0xd638, 0xd638, 0xde38, 0xde58, 0xde58, 0xde58, 0xde58, 0xde58, 0xde58, 
	0xde58, 0xde78, 0xde58, 0xe678, 0xe678, 0xe678, 0xe678, 0xe678, 0xe698, 0xe698, 0xe698, 0xe698, 0xe698, 0xee98, 0xee98, 0xeeb8, 
	0xeeb8, 0xeeb8, 0xeeb8, 0xeeb8, 0xeeb8, 0xeeb8, 0xeed8, 0xeed8, 0xeed8, 0xeed9, 0xeed8, 0xeed9, 0xeed9, 0xf6d9, 0xf6f9, 0xf6f9, 
	0xf6f9, 0xf6f9, 0xf6f9, 0xf6f9, 0xf6f9, 0xf6f9, 0xf6f9, 0xf6f9, 0xf6f9, 0xf6f9, 0xf719, 0xf719, 0xf719, 0xf719, 0xf719, 0xf719, 
	0xf719, 0xf719, 0xf719, 0xf719, 0xf719, 0xf719, 0xf739, 0xf739, 0xf739, 0xf739, 0xf739, 0xff39, 0xff39, 0xff39, 0xff39, 0xff39, 
	0xff39, 0xff39, 0xff39, 0xff39, 0xff39, 0xff3a, 0xff3a, 0xff3a, 0xff3a, 0xff3a, 0xff3a, 0xff3a, 0xff3a, 0xff3a, 0xff3a, 0xff3a, 
	0xff3a, 0xff3a, 0xff3a, 0xff3a, 0xff3a, 0xff3a, 0xff3a, 0xff39, 0xff39, 0xff39, 0xff39, 0xff39, 0xff39, 0xff39, 0xff39, 0xff39, 
	0xff39, 0xff39, 0xff39, 0xff39, 0xff39, 0xff39, 0xff39, 0xff39, 0xff19, 0xff19, 0xff19, 0xff19, 0xff19, 0xff19, 0xff19, 0xff19, 
	0xff19, 0xff19, 0xff19, 0xfef9, 0xfef9, 0xfef8, 0xfef8, 0xfef8, 0xfef8, 0xfef8, 0xfef8, 0xfef8, 0xf6f8, 0xf6f8, 0xf6f8, 0xf6d8, 
	0xfed8, 0xfed8, 0xfed8, 0xfed8, 0xfed8, 0xfed8, 0xfed8, 0xf6d8, 0xf6d8, 0xf6d7, 0xf6d7, 0xf6b7, 0xf6b7, 0xf6b7, 0xf6b7, 0xf6b7, 
	0xf6b7, 0xf6b7, 0xf6b7, 0xf6b7, 0xf6b7, 0xf6b7, 0xf6b7, 0xf6b7, 0xf697, 0xf697, 0xf697, 0xf697, 0xf697, 0xf697, 0xf697, 0xf697, 
	0xf697, 0xf697, 0xf697, 0xf696, 0xf696, 0xf696, 0xf696, 0xf696, 0xf696, 0xf696, 0xf696, 0xf696, 0xf696, 0xf696, 0xf696, 0xf696, 
	0xf696, 0xf696, 0xf696, 0xf696, 0xf697, 0xf697, 0xf697, 0xf697, 0xf697, 0xf697, 0xf697, 0xf697, 0xf697, 0xf697, 0xf697, 0xf697, 
	0xf697, 0xf697, 0xf697, 0xf6b7, 0xf6b7, 0xf6b7, 0xf6b7, 0xf6b7, 0xf6b7, 0xf6b7, 0xf6b7, 0xf6b7, 0xf6b7, 0xf6b7, 0xf6b7, 0xf6b7, 
	0xf6b7, 0xf6d7, 0xf6d7, 0xf6d7, 0xf6d7, 0xfed8, 0xfed8, 0xfed8, 0xfed8, 0xfed8, 0xfed8, 0xfed8, 0xfed8, 0xfed8, 0xfed8, 0xfef8, 
	0xfef8, 0xfef8, 0xfef8, 0xfef8, 0xfef8, 0xfef8, 0xfef8, 0xfef8, 0xfef8, 0xfef8, 0xfef8, 0xff18, 0xff19, 0xff19, 0xff19, 0xff19, 
	0xff19, 0xff19, 0xff19, 0xff19, 0xff19, 0xff19, 0xff19, 0xff19, 0xff39, 0xff19, 0xff19, 0xff39, 0xff39, 0xff39, 0xff39, 0xff39, 
	0xff39, 0xff39, 0xff39, 0xff39, 0xff39, 0xff39, 0xff39, 0xff39, 0xff39, 0xff39, 0xff5a, 0xff3a, 0xff3a, 0xff3a, 0xff5a, 0xff5a, 
	0xf75a, 0xf75a, 0xf75a, 0xf75a, 0xf75a, 0xf75a, 0xf759, 0xf75a, 0xf75a, 0xf759, 0xf739, 0xf739, 0xf759, 0xf739, 0xf739, 0xf739
};

// Array of all bitmaps for convenience. (Total bytes used to store images in PROGMEM = 76816)
const int epd_bitmap_allArray_LEN = 1;
const uint16_t* epd_bitmap_allArray[1] = {
	mainBackground
};


