#pragma once
const uint8_t Limelight_Regular8pt7bBitmaps[] PROGMEM = {
  0x00, 0x77, 0xBF, 0xE7, 0x31, 0x84, 0x03, 0x1C, 0xC0, 0x6D, 0xDD, 0xB2,
  0x24, 0x40, 0x14, 0x28, 0x51, 0x27, 0xE5, 0x3F, 0x14, 0x48, 0x91, 0x42,
  0x80, 0x04, 0x11, 0xF6, 0x5E, 0x9E, 0x3E, 0x3E, 0x3E, 0x3C, 0x79, 0x3A,
  0x6F, 0x88, 0x10, 0x70, 0x99, 0x23, 0x24, 0x65, 0x0C, 0xA0, 0xE8, 0x02,
  0x60, 0x5A, 0x17, 0x22, 0xE4, 0x8D, 0x20, 0xE0, 0x3E, 0x38, 0x1C, 0x0E,
  0x07, 0x01, 0xBD, 0xC5, 0xE1, 0xF0, 0xF8, 0x5C, 0x47, 0xC0, 0x7D, 0xA4,
  0x0C, 0xC7, 0x1C, 0xF3, 0xCF, 0x3C, 0xF3, 0xCF, 0x1C, 0x70, 0xC0, 0xC0,
  0xC1, 0x0C, 0x73, 0x9C, 0xE7, 0x39, 0xCE, 0x73, 0x13, 0x00, 0x48, 0xCF,
  0xCC, 0x48, 0x20, 0x82, 0x3F, 0x20, 0x82, 0x00, 0xFF, 0x94, 0xF0, 0xFF,
  0x80, 0x12, 0x22, 0x24, 0x44, 0x88, 0x88, 0x3E, 0x38, 0xBC, 0x5E, 0x1F,
  0x0F, 0x87, 0xC3, 0xE1, 0xF0, 0xF8, 0x9C, 0x47, 0xC0, 0x05, 0xFB, 0xCF,
  0x3C, 0xF3, 0xCF, 0x3C, 0xF3, 0xCF, 0x3E, 0x21, 0x80, 0xE0, 0xF0, 0xF0,
  0x78, 0x78, 0x7C, 0x3C, 0x3E, 0x1E, 0x1F, 0xF0, 0x3E, 0x23, 0x81, 0xE0,
  0xF0, 0x70, 0xF0, 0x1C, 0x0F, 0x07, 0xC3, 0xD1, 0xC7, 0xC0, 0x07, 0x80,
  0xF0, 0x3E, 0x0B, 0xC1, 0x78, 0x4F, 0x09, 0xE2, 0x3C, 0x87, 0x9F, 0xFC,
  0x1E, 0x03, 0xC0, 0x7E, 0x40, 0x80, 0xF8, 0x8E, 0x0F, 0x0F, 0x0F, 0x0F,
  0x8F, 0x8E, 0x7C, 0x1E, 0x18, 0x9C, 0x1E, 0x0F, 0x77, 0x87, 0xC3, 0xE1,
  0xF0, 0xB8, 0x5C, 0x43, 0xC0, 0x7F, 0xC7, 0x83, 0xC1, 0xE1, 0xF0, 0xF0,
  0x78, 0x3C, 0x1E, 0x0F, 0x07, 0x83, 0xC0, 0x3E, 0x30, 0xB8, 0x5E, 0x2F,
  0xE3, 0xF0, 0xFD, 0xBF, 0x87, 0xC1, 0xE0, 0xCF, 0xC0, 0x3C, 0x23, 0xA1,
  0xD0, 0xF8, 0x7C, 0x3E, 0x1E, 0xEF, 0x07, 0x03, 0xA1, 0x8F, 0x80, 0xFF,
  0x81, 0xFF, 0xFF, 0x81, 0xFF, 0x28, 0x04, 0x23, 0x10, 0x81, 0x03, 0x02,
  0x04, 0xFC, 0x00, 0x3F, 0x81, 0x03, 0x02, 0x04, 0x23, 0x10, 0x80, 0xF1,
  0xCE, 0xF7, 0xFB, 0x8F, 0x03, 0x9C, 0xE0, 0x0F, 0xC0, 0x40, 0xC2, 0x00,
  0x90, 0x02, 0x87, 0xE6, 0x73, 0x99, 0xCC, 0x67, 0x32, 0xBD, 0xCA, 0x67,
  0x29, 0x9F, 0x23, 0xF0, 0x40, 0x00, 0x80, 0x01, 0xF8, 0x00, 0x08, 0x03,
  0x00, 0xC0, 0x78, 0x1E, 0x07, 0x82, 0xF0, 0xBC, 0x47, 0x91, 0xEF, 0xFE,
  0x0F, 0xFE, 0x3C, 0x4F, 0x13, 0xC4, 0xF7, 0x3C, 0x2F, 0x07, 0xC1, 0xF0,
  0x7C, 0x1F, 0x0B, 0xFC, 0x1F, 0x0E, 0x37, 0x83, 0xE0, 0xF8, 0x3E, 0x0F,
  0x83, 0xE0, 0xF8, 0x1E, 0x03, 0x8C, 0x7C, 0xFF, 0x1E, 0x13, 0xC1, 0x78,
  0x2F, 0x03, 0xE0, 0x7C, 0x0F, 0x81, 0xF0, 0x5E, 0x0B, 0xC6, 0x7F, 0x00,
  0xFF, 0xF0, 0xF0, 0xFE, 0xF0, 0xF0, 0xF0, 0xF0, 0xF0, 0xF0, 0xF0, 0xFF,
  0xFF, 0xF0, 0xF0, 0xF0, 0xFE, 0xF0, 0xF0, 0xF0, 0xF0, 0xF0, 0xF0, 0xF0,
  0x1F, 0x0E, 0x27, 0x83, 0xE0, 0xF8, 0x3E, 0x0F, 0x87, 0xE1, 0xF8, 0x5E,
  0x17, 0x8C, 0x7D, 0xF0, 0xBC, 0x2F, 0x0B, 0xFF, 0xF0, 0xBC, 0x2F, 0x0B,
  0xC2, 0xF0, 0xBC, 0x2F, 0x0B, 0xC2, 0xFF, 0xFF, 0xFF, 0xFF, 0xFF, 0xFF,
  0x0F, 0x0F, 0x0F, 0x0F, 0x0F, 0x0F, 0x0F, 0x0F, 0x0E, 0x0E, 0x8E, 0x78,
  0xF0, 0xBC, 0x4F, 0x23, 0xF8, 0xF2, 0x3C, 0x4F, 0x13, 0xC2, 0xF0, 0xBC,
  0x2F, 0x07, 0xC1, 0xF0, 0xF0, 0xF0, 0xF0, 0xF0, 0xF0, 0xF0, 0xF0, 0xF0,
  0xF0, 0xF0, 0xFF, 0x08, 0x20, 0x30, 0x40, 0x60, 0xC0, 0xE3, 0x83, 0xC7,
  0x07, 0xDF, 0x0F, 0xDE, 0x2F, 0xBC, 0x4E, 0x3C, 0x9C, 0x7A, 0x18, 0xF4,
  0x21, 0xF0, 0xC0, 0x78, 0x1F, 0x07, 0xE1, 0xFC, 0x7F, 0x99, 0xFE, 0x3F,
  0x87, 0xE0, 0xF8, 0x1E, 0x01, 0x1F, 0x07, 0x19, 0xE1, 0x7C, 0x1F, 0x83,
  0xF0, 0x7E, 0x0F, 0xC1, 0xF8, 0x2F, 0x08, 0xE2, 0x0F, 0x80, 0xFF, 0x3C,
  0x2F, 0x07, 0xC1, 0xF0, 0x7C, 0x1F, 0x07, 0xC2, 0xF7, 0x3C, 0x0F, 0x03,
  0xC0, 0x1F, 0x07, 0x11, 0xE1, 0x7C, 0x1F, 0x83, 0xF0, 0x7E, 0x0F, 0xC1,
  0xF8, 0x2F, 0x68, 0xE2, 0x0F, 0xA0, 0x02, 0xFF, 0x3C, 0x2F, 0x07, 0xC1,
  0xF0, 0x7C, 0x1F, 0x07, 0xC2, 0xF7, 0x3C, 0x8F, 0x13, 0xC3, 0x3C, 0xE2,
  0xE0, 0xF0, 0xF8, 0x7C, 0x3E, 0x1E, 0x0F, 0x06, 0x86, 0x7C, 0xFF, 0x8F,
  0x07, 0x83, 0xC1, 0xE0, 0xF0, 0x78, 0x3C, 0x1E, 0x0F, 0x07, 0x83, 0xC0,
  0xF0, 0x7C, 0x1F, 0x07, 0xC1, 0xF0, 0x7C, 0x1F, 0x07, 0xC1, 0xF0, 0x5C,
  0x17, 0x08, 0x7C, 0xF0, 0x5E, 0x27, 0x89, 0xF2, 0x3D, 0x0F, 0x41, 0xE0,
  0x78, 0x1E, 0x03, 0x00, 0xC0, 0x10, 0x00, 0x41, 0xE0, 0x87, 0xE3, 0x0B,
  0xC7, 0x27, 0x8E, 0x47, 0xBC, 0x8F, 0x7E, 0x1F, 0x7C, 0x1E, 0x70, 0x38,
  0xE0, 0x31, 0xC0, 0x41, 0x00, 0x82, 0x00, 0xF8, 0x5E, 0x23, 0xD0, 0xF4,
  0x3E, 0x07, 0x81, 0xE0, 0x7C, 0x1F, 0x09, 0xE4, 0x79, 0x0F, 0xF8, 0x5E,
  0x17, 0xC8, 0xF2, 0x3F, 0x07, 0x81, 0xE0, 0x30, 0x0C, 0x02, 0x00, 0x80,
  0x40, 0x7F, 0x87, 0x83, 0xC3, 0xC1, 0xE0, 0xF0, 0xF0, 0x78, 0x3C, 0x3C,
  0x1E, 0x1F, 0xF0, 0xFF, 0x39, 0xCE, 0x73, 0x9C, 0xE7, 0x39, 0xCE, 0x73,
  0xE0, 0x88, 0x88, 0x44, 0x42, 0x22, 0x21, 0xF9, 0xCE, 0x73, 0x9C, 0xE7,
  0x39, 0xCE, 0x73, 0x9F, 0xE0, 0x21, 0x44, 0xA2, 0x84, 0xFF, 0xCC, 0x7E,
  0x01, 0x8F, 0xFC, 0x7E, 0x3F, 0x1F, 0x8F, 0xCF, 0x7B, 0x80, 0xF0, 0x3C,
  0x0F, 0x03, 0xFC, 0xF3, 0xBC, 0xFF, 0x3F, 0xCF, 0xF3, 0xFC, 0xFF, 0x3B,
  0xFC, 0x3C, 0xC7, 0x87, 0x0E, 0x1C, 0x38, 0x31, 0x3C, 0x03, 0x81, 0xC0,
  0xE7, 0xF7, 0x3F, 0x9F, 0xCF, 0xE7, 0xF3, 0xF9, 0xDC, 0xE7, 0xF0, 0x3C,
  0x31, 0xB8, 0xDC, 0x6F, 0xFF, 0x03, 0x80, 0xC2, 0x3E, 0x00, 0x1F, 0x38,
  0x78, 0xFE, 0x78, 0x78, 0x78, 0x78, 0x78, 0x78, 0x78, 0x78, 0x03, 0x7C,
  0xF2, 0xF1, 0xF1, 0xF1, 0x72, 0x7C, 0xFC, 0xFF, 0x7F, 0x83, 0x7C, 0xF0,
  0x78, 0x3C, 0x1E, 0xFF, 0xBF, 0x9F, 0xCF, 0xE7, 0xF3, 0xF9, 0xFC, 0xFE,
  0x70, 0x6F, 0x60, 0xFF, 0xFF, 0xFF, 0xFF, 0xF0, 0x1C, 0x71, 0x80, 0x1C,
  0x71, 0xC7, 0x1C, 0x71, 0xC7, 0x1C, 0x71, 0xBC, 0xF0, 0x78, 0x3C, 0x1E,
  0x1F, 0x37, 0xA3, 0xF9, 0xFC, 0xFF, 0x7B, 0xBD, 0xFE, 0xF0, 0xFF, 0xFF,
  0xFF, 0xFF, 0xFF, 0xFF, 0xF7, 0x3D, 0xF7, 0x9F, 0xCE, 0x3F, 0x9C, 0x7F,
  0x38, 0xFE, 0x71, 0xFC, 0xE3, 0xF9, 0xC7, 0xF3, 0x8E, 0xF7, 0xBE, 0xEF,
  0x3B, 0xCF, 0xF3, 0xFC, 0xFF, 0x3F, 0xCF, 0xF3, 0xC0, 0x3C, 0x39, 0xBC,
  0x5E, 0x1F, 0x0F, 0x87, 0xC4, 0xE6, 0x3C, 0x00, 0xFF, 0x3C, 0xEF, 0x3F,
  0xCF, 0xF3, 0xFC, 0xFF, 0x3F, 0xCE, 0xFF, 0x3C, 0x0F, 0x03, 0xC0, 0x3F,
  0xB9, 0xFC, 0xFE, 0x7F, 0x3F, 0x9F, 0xCE, 0xE7, 0x3F, 0x81, 0xC0, 0xE0,
  0x70, 0xF7, 0xF3, 0xC7, 0x8F, 0x1E, 0x3C, 0x78, 0xF0, 0x7F, 0x8F, 0x3E,
  0x7C, 0xF1, 0xE3, 0xF8, 0x08, 0x38, 0x78, 0xFE, 0x78, 0x78, 0x78, 0x78,
  0x78, 0x38, 0x39, 0x1E, 0xF3, 0xF9, 0xFC, 0xFE, 0x7F, 0x3F, 0x9F, 0xCE,
  0xEF, 0x7B, 0x80, 0xF1, 0x71, 0x79, 0x3A, 0x3E, 0x1C, 0x1C, 0x08, 0x08,
  0xF1, 0x0B, 0x8C, 0x5E, 0x64, 0x77, 0xA3, 0xDE, 0x1E, 0xF0, 0x63, 0x03,
  0x18, 0x08, 0x40, 0xF1, 0x39, 0x1E, 0x87, 0x81, 0xC0, 0xF0, 0xB8, 0x9E,
  0x87, 0x80, 0xF1, 0x71, 0x79, 0x3A, 0x3A, 0x1C, 0x1C, 0x0C, 0x08, 0x08,
  0x10, 0x30, 0x7F, 0x0F, 0x0E, 0x1E, 0x1C, 0x3C, 0x38, 0x78, 0xFF, 0x0C,
  0x63, 0x8E, 0x38, 0xE7, 0x38, 0x70, 0xE3, 0x8E, 0x18, 0x60, 0x40, 0xFF,
  0xFE, 0xC1, 0x87, 0x1C, 0x71, 0xE3, 0x87, 0x39, 0xE7, 0x1C, 0x71, 0x8C,
  0x00, 0x00, 0xE0, 0x91, 0x0E };

const GFXglyph Limelight_Regular8pt7bGlyphs[] PROGMEM = {
  {     0,   1,   1,   4,    0,    0 },   // 0x20 ' '
  {     1,   5,  12,   7,    1,  -11 },   // 0x21 '!'
  {     9,   7,   5,   7,    0,  -11 },   // 0x22 '"'
  {    14,   7,  12,   7,    0,  -11 },   // 0x23 '#'
  {    25,   7,  16,   9,    1,  -13 },   // 0x24 '$'
  {    39,  11,  12,  12,    1,  -11 },   // 0x25 '%'
  {    56,   9,  12,  11,    1,  -11 },   // 0x26 '&'
  {    70,   3,   5,   3,    0,  -11 },   // 0x27 '''
  {    72,   6,  15,   7,    1,  -12 },   // 0x28 '('
  {    84,   5,  15,   7,    1,  -12 },   // 0x29 ')'
  {    94,   6,   5,   6,    0,  -11 },   // 0x2A '*'
  {    98,   6,   7,   8,    1,   -7 },   // 0x2B '+'
  {   104,   3,   5,   5,    1,   -2 },   // 0x2C ','
  {   106,   4,   1,   6,    1,   -5 },   // 0x2D '-'
  {   107,   3,   3,   5,    1,   -2 },   // 0x2E '.'
  {   109,   4,  12,   5,    1,  -11 },   // 0x2F '/'
  {   115,   9,  12,  11,    1,  -11 },   // 0x30 '0'
  {   129,   6,  12,   8,    0,  -11 },   // 0x31 '1'
  {   138,   9,  12,  10,    0,  -11 },   // 0x32 '2'
  {   152,   9,  12,  10,    0,  -11 },   // 0x33 '3'
  {   166,  11,  12,  12,    0,  -11 },   // 0x34 '4'
  {   183,   8,  12,  10,    1,  -11 },   // 0x35 '5'
  {   195,   9,  12,  11,    1,  -11 },   // 0x36 '6'
  {   209,   9,  12,  10,    0,  -11 },   // 0x37 '7'
  {   223,   9,  12,  11,    1,  -11 },   // 0x38 '8'
  {   237,   9,  12,  11,    1,  -11 },   // 0x39 '9'
  {   251,   3,   8,   5,    1,   -7 },   // 0x3A ':'
  {   254,   3,  10,   5,    1,   -7 },   // 0x3B ';'
  {   258,   6,   9,   7,    0,   -8 },   // 0x3C '<'
  {   265,   6,   4,   8,    1,   -6 },   // 0x3D '='
  {   268,   6,   9,   7,    1,   -8 },   // 0x3E '>'
  {   275,   5,  12,   7,    1,  -11 },   // 0x3F '?'
  {   283,  14,  15,  15,    1,  -11 },   // 0x40 '@'
  {   310,  10,  12,  11,    0,  -11 },   // 0x41 'A'
  {   325,  10,  12,  12,    1,  -11 },   // 0x42 'B'
  {   340,  10,  12,  11,    1,  -11 },   // 0x43 'C'
  {   355,  11,  12,  12,    1,  -11 },   // 0x44 'D'
  {   372,   8,  12,   9,    1,  -11 },   // 0x45 'E'
  {   384,   8,  12,   9,    1,  -11 },   // 0x46 'F'
  {   396,  10,  12,  13,    1,  -11 },   // 0x47 'G'
  {   411,  10,  12,  11,    1,  -11 },   // 0x48 'H'
  {   426,   4,  12,   6,    1,  -11 },   // 0x49 'I'
  {   432,   8,  12,   9,    0,  -11 },   // 0x4A 'J'
  {   444,  10,  12,  11,    1,  -11 },   // 0x4B 'K'
  {   459,   8,  12,   9,    1,  -11 },   // 0x4C 'L'
  {   471,  15,  12,  15,    0,  -11 },   // 0x4D 'M'
  {   494,  10,  12,  12,    1,  -11 },   // 0x4E 'N'
  {   509,  11,  12,  13,    1,  -11 },   // 0x4F 'O'
  {   526,  10,  12,  12,    1,  -11 },   // 0x50 'P'
  {   541,  11,  13,  13,    1,  -11 },   // 0x51 'Q'
  {   559,  10,  12,  12,    1,  -11 },   // 0x52 'R'
  {   574,   8,  12,   9,    1,  -11 },   // 0x53 'S'
  {   586,   9,  12,  10,    0,  -11 },   // 0x54 'T'
  {   600,  10,  12,  12,    1,  -11 },   // 0x55 'U'
  {   615,  10,  12,  10,    0,  -11 },   // 0x56 'V'
  {   630,  15,  13,  15,    0,  -12 },   // 0x57 'W'
  {   655,  10,  12,  10,    0,  -11 },   // 0x58 'X'
  {   670,  10,  12,  10,    0,  -11 },   // 0x59 'Y'
  {   685,   9,  12,   9,    0,  -11 },   // 0x5A 'Z'
  {   699,   5,  15,   7,    1,  -12 },   // 0x5B '['
  {   709,   4,  12,   5,    1,  -11 },   // 0x5C '\'
  {   715,   5,  15,   7,    1,  -12 },   // 0x5D ']'
  {   725,   6,   5,   7,    1,  -11 },   // 0x5E '^'
  {   729,   8,   1,   7,   -1,    2 },   // 0x5F '_'
  {   730,   3,   2,   5,    1,  -11 },   // 0x60 '`'
  {   731,   9,   9,  11,    1,   -8 },   // 0x61 'a'
  {   742,  10,  12,  12,    1,  -11 },   // 0x62 'b'
  {   757,   7,   9,   9,    1,   -8 },   // 0x63 'c'
  {   765,   9,  12,  12,    1,  -11 },   // 0x64 'd'
  {   779,   9,   9,  10,    1,   -8 },   // 0x65 'e'
  {   790,   8,  12,   7,    0,  -11 },   // 0x66 'f'
  {   802,   8,  13,   9,    1,   -9 },   // 0x67 'g'
  {   815,   9,  12,  12,    1,  -11 },   // 0x68 'h'
  {   829,   4,  13,   6,    1,  -12 },   // 0x69 'i'
  {   836,   6,  16,   6,   -1,  -12 },   // 0x6A 'j'
  {   848,   9,  12,  10,    1,  -11 },   // 0x6B 'k'
  {   862,   4,  12,   6,    1,  -11 },   // 0x6C 'l'
  {   868,  15,   9,  17,    1,   -8 },   // 0x6D 'm'
  {   885,  10,   9,  12,    1,   -8 },   // 0x6E 'n'
  {   897,   9,   9,  10,    1,   -8 },   // 0x6F 'o'
  {   908,  10,  12,  12,    1,   -8 },   // 0x70 'p'
  {   923,   9,  12,  12,    1,   -8 },   // 0x71 'q'
  {   937,   7,   9,   8,    1,   -8 },   // 0x72 'r'
  {   945,   6,   9,   8,    1,   -8 },   // 0x73 's'
  {   952,   8,  12,   8,    0,  -11 },   // 0x74 't'
  {   964,   9,   9,  12,    1,   -8 },   // 0x75 'u'
  {   975,   8,   9,   8,    0,   -8 },   // 0x76 'v'
  {   984,  13,   9,  13,    0,   -8 },   // 0x77 'w'
  {   999,   9,   9,   9,    0,   -8 },   // 0x78 'x'
  {  1010,   8,  12,   8,    0,   -8 },   // 0x79 'y'
  {  1022,   8,   9,   9,    0,   -8 },   // 0x7A 'z'
  {  1031,   6,  15,   7,    0,  -12 },   // 0x7B '{'
  {  1043,   1,  15,   4,    1,  -11 },   // 0x7C '|'
  {  1045,   6,  15,   7,    1,  -12 },   // 0x7D '}'
  {  1057,   8,   4,   9,    1,   -7 } }; // 0x7E '~'

const GFXfont Limelight_Regular8pt7b PROGMEM = {
  (uint8_t  *)Limelight_Regular8pt7bBitmaps,
  (GFXglyph *)Limelight_Regular8pt7bGlyphs,
  0x20, 0x7E, 19 };

// Approx. 1733 bytes
const uint8_t Limelight_Regular14pt7bBitmaps[] PROGMEM = {
  0x00, 0x3E, 0x7F, 0xFF, 0xFF, 0xFF, 0x7F, 0x7E, 0x3E, 0x3C, 0x1C, 0x18,
  0x18, 0x08, 0x1C, 0x3E, 0x3E, 0x3E, 0x3C, 0xF3, 0xFC, 0xFF, 0x3F, 0xCF,
  0xE3, 0x98, 0x66, 0x19, 0x84, 0x0C, 0x81, 0x10, 0x22, 0x04, 0xC1, 0x90,
  0x22, 0x3F, 0xF8, 0x88, 0x13, 0x06, 0x43, 0xFF, 0x11, 0x02, 0x20, 0x44,
  0x09, 0x02, 0x20, 0x44, 0x09, 0x80, 0x00, 0x40, 0x02, 0x00, 0x30, 0x3F,
  0x83, 0x8B, 0x3C, 0x43, 0xE2, 0x1F, 0xE0, 0xFF, 0x03, 0xFC, 0x1F, 0xF0,
  0x7F, 0xC1, 0xFF, 0x07, 0xFC, 0x1F, 0xE0, 0x7F, 0x04, 0xF8, 0x23, 0xD1,
  0x1C, 0xE8, 0xC1, 0xFC, 0x04, 0x00, 0x20, 0x00, 0x3C, 0x06, 0x1C, 0x81,
  0x0F, 0x10, 0x83, 0xC4, 0x20, 0xF1, 0x10, 0x3C, 0x48, 0x07, 0x22, 0x00,
  0xF1, 0x00, 0x00, 0x80, 0x00, 0x20, 0x00, 0x11, 0xE0, 0x08, 0xE6, 0x06,
  0x78, 0x81, 0x1E, 0x10, 0x87, 0x84, 0x61, 0xE2, 0x10, 0x39, 0x88, 0x07,
  0x80, 0x0F, 0xE0, 0x3E, 0x10, 0x7E, 0x00, 0x7E, 0x00, 0x7E, 0x00, 0x7E,
  0x00, 0x3E, 0x00, 0x1E, 0xFF, 0x3E, 0x18, 0x7E, 0x0C, 0xFE, 0x04, 0xFE,
  0x04, 0xFE, 0x04, 0xFE, 0x04, 0xFE, 0x04, 0x7E, 0x08, 0x3E, 0x30, 0x0F,
  0xC0, 0xFF, 0xFF, 0xE6, 0x66, 0x01, 0xC1, 0x80, 0xE0, 0x78, 0x3E, 0x0F,
  0x87, 0xE1, 0xF8, 0x7E, 0x1F, 0x8F, 0xE3, 0xF8, 0xFE, 0x1F, 0x87, 0xE1,
  0xF8, 0x7E, 0x0F, 0x83, 0xE0, 0x78, 0x0E, 0x01, 0x80, 0x1C, 0xF0, 0x06,
  0x01, 0xE0, 0x78, 0x1F, 0x07, 0xE1, 0xF8, 0x7E, 0x1F, 0xC7, 0xF1, 0xFC,
  0x7F, 0x1F, 0xC7, 0xF1, 0xFC, 0x7E, 0x1F, 0x87, 0xE1, 0xF0, 0x78, 0x1C,
  0x06, 0x0E, 0x00, 0x26, 0x24, 0x18, 0xFF, 0x18, 0x24, 0x64, 0x42, 0x04,
  0x00, 0x80, 0x10, 0x02, 0x0F, 0xFE, 0x08, 0x01, 0x00, 0x20, 0x04, 0x00,
  0x80, 0x7B, 0xFF, 0xFF, 0x7C, 0x10, 0x84, 0xFE, 0x7B, 0xFF, 0xFF, 0x78,
  0x02, 0x08, 0x10, 0x20, 0x81, 0x02, 0x0C, 0x10, 0x20, 0xC1, 0x02, 0x0C,
  0x10, 0x20, 0xC1, 0x00, 0x07, 0xE0, 0x1F, 0x18, 0x3F, 0x0C, 0x7F, 0x06,
  0x7F, 0x02, 0x7F, 0x02, 0xFF, 0x02, 0xFF, 0x03, 0xFF, 0x01, 0xFF, 0x01,
  0xFF, 0x03, 0xFF, 0x02, 0x7F, 0x02, 0x7F, 0x02, 0x7F, 0x04, 0x3F, 0x0C,
  0x1F, 0x18, 0x07, 0xE0, 0x01, 0xC3, 0xFF, 0xFE, 0x3F, 0x0F, 0xC3, 0xF0,
  0xFC, 0x3F, 0x0F, 0xC3, 0xF0, 0xFC, 0x3F, 0x0F, 0xC3, 0xF0, 0xFC, 0x3F,
  0x0F, 0xC3, 0xF0, 0x0F, 0xE0, 0x60, 0xF1, 0x80, 0xF0, 0x01, 0xE0, 0x07,
  0xE0, 0x1F, 0xC0, 0x3F, 0x00, 0xFE, 0x03, 0xF8, 0x0F, 0xF0, 0x1F, 0xC0,
  0x7F, 0x01, 0xFC, 0x07, 0xF8, 0x0F, 0xE0, 0x3F, 0x80, 0x7F, 0x01, 0xFF,
  0xFC, 0x1F, 0xE1, 0x87, 0xE4, 0x1F, 0x80, 0x7F, 0x01, 0xFC, 0x07, 0xE0,
  0x1F, 0x07, 0xF0, 0x01, 0xF0, 0x07, 0xE0, 0x1F, 0xC0, 0x7F, 0x01, 0xFC,
  0x07, 0xF8, 0x1F, 0xF0, 0x7E, 0x61, 0xF0, 0x7F, 0x00, 0x00, 0x7E, 0x00,
  0x1F, 0x80, 0x0F, 0xE0, 0x07, 0xF8, 0x03, 0xFE, 0x00, 0xBF, 0x80, 0x4F,
  0xE0, 0x33, 0xF8, 0x18, 0xFE, 0x04, 0x3F, 0x82, 0x0F, 0xE1, 0x83, 0xF8,
  0x40, 0xFE, 0x3F, 0xFF, 0xF0, 0x0F, 0xE0, 0x03, 0xF8, 0x00, 0xFE, 0x00,
  0x3F, 0x80, 0x3F, 0xF8, 0x80, 0x02, 0x00, 0x08, 0x00, 0x20, 0x00, 0xBF,
  0x07, 0x1F, 0x00, 0x7E, 0x01, 0xFC, 0x07, 0xF0, 0x1F, 0xC0, 0x7F, 0x01,
  0xFC, 0x07, 0xF8, 0x1F, 0xF0, 0x7E, 0x31, 0xF0, 0x3F, 0x00, 0x07, 0xF0,
  0x3C, 0x30, 0xF8, 0x13, 0xF0, 0x07, 0xE0, 0x1F, 0xC0, 0x3F, 0xBC, 0x7F,
  0x06, 0xFE, 0x07, 0xFC, 0x07, 0xF8, 0x0F, 0xF0, 0x1F, 0xE0, 0x3F, 0xC0,
  0x5F, 0x81, 0x9F, 0x06, 0x1E, 0x18, 0x0F, 0xC0, 0xFF, 0xFE, 0x0F, 0xF8,
  0x3F, 0xA0, 0xFE, 0x07, 0xF8, 0x1F, 0xC0, 0x7F, 0x03, 0xFC, 0x0F, 0xF0,
  0x3F, 0x80, 0xFE, 0x03, 0xF8, 0x0F, 0xE0, 0x7F, 0x81, 0xFE, 0x07, 0xF8,
  0x1F, 0xE0, 0x7F, 0x80, 0x07, 0xF0, 0x1C, 0x0C, 0x38, 0x06, 0x7C, 0x02,
  0x7E, 0x04, 0x7F, 0x18, 0x7F, 0xC0, 0x3F, 0xF0, 0x1F, 0xF8, 0x3F, 0xFC,
  0x67, 0xFE, 0x41, 0xFF, 0x80, 0x7F, 0x80, 0x3F, 0x40, 0x1F, 0x60, 0x1E,
  0x30, 0x3C, 0x0F, 0xF0, 0x0F, 0xE0, 0x10, 0x78, 0x60, 0x7C, 0x40, 0x7C,
  0x80, 0x7E, 0x80, 0x7E, 0x80, 0x7E, 0xC0, 0x7F, 0x40, 0x7F, 0x20, 0x7F,
  0x1F, 0x7E, 0x00, 0x7E, 0x00, 0x7E, 0x00, 0x7C, 0x00, 0x7C, 0x20, 0x78,
  0x30, 0x70, 0x0F, 0xC0, 0x79, 0xFF, 0xFF, 0x78, 0x00, 0x00, 0x7B, 0xFF,
  0xFF, 0x78, 0x79, 0xFF, 0xFF, 0x78, 0x00, 0x00, 0x79, 0xFF, 0xDF, 0x7C,
  0x10, 0x84, 0x00, 0x60, 0x18, 0x0C, 0x03, 0x01, 0x80, 0x60, 0x30, 0x02,
  0x00, 0x30, 0x01, 0x00, 0x18, 0x01, 0x80, 0x0C, 0x00, 0xC0, 0xFF, 0xE0,
  0x00, 0x00, 0x00, 0x00, 0x01, 0xFF, 0xC0, 0xC0, 0x0C, 0x00, 0x60, 0x06,
  0x00, 0x30, 0x03, 0x00, 0x18, 0x03, 0x01, 0x80, 0x60, 0x18, 0x0C, 0x03,
  0x01, 0x80, 0x00, 0x00, 0x7E, 0x47, 0x83, 0xC3, 0xF3, 0xF3, 0xF9, 0xF9,
  0xFC, 0xFC, 0x3C, 0x1F, 0xC3, 0x80, 0x01, 0xE0, 0xF8, 0xFC, 0x3E, 0x1E,
  0x00, 0x00, 0x7F, 0x80, 0x03, 0x00, 0xC0, 0x18, 0x00, 0x60, 0x60, 0x00,
  0x21, 0x00, 0x00, 0x64, 0x0F, 0xFC, 0x58, 0x79, 0xF8, 0xA1, 0xF1, 0xE1,
  0x43, 0xE3, 0xC3, 0x0F, 0xC7, 0x86, 0x1F, 0x1F, 0x0C, 0x3E, 0x3E, 0x18,
  0x7C, 0x7C, 0x50, 0xF8, 0xF0, 0xB1, 0xF1, 0xE2, 0x21, 0xE7, 0xF8, 0x41,
  0xFF, 0x80, 0x40, 0x00, 0x00, 0xC0, 0x00, 0x00, 0xC0, 0x00, 0x00, 0x70,
  0x30, 0x00, 0x3F, 0xC0, 0x00, 0x00, 0x80, 0x00, 0x40, 0x00, 0x60, 0x00,
  0x38, 0x00, 0x1C, 0x00, 0x1F, 0x00, 0x0F, 0x80, 0x0F, 0xE0, 0x07, 0xF0,
  0x07, 0xF8, 0x02, 0xFE, 0x01, 0x3F, 0x01, 0x1F, 0xC0, 0x8F, 0xE0, 0xC3,
  0xF8, 0x41, 0xFC, 0xE0, 0x7F, 0x7F, 0xFF, 0x90, 0x0F, 0xF8, 0x07, 0xF0,
  0xFF, 0xF0, 0x7F, 0x0C, 0x3F, 0x82, 0x1F, 0xC1, 0x8F, 0xE0, 0x87, 0xF0,
  0xC3, 0xFB, 0xE1, 0xFC, 0x0C, 0xFE, 0x03, 0x7F, 0x00, 0xBF, 0x80, 0x3F,
  0xC0, 0x1F, 0xE0, 0x0F, 0xF0, 0x0F, 0xF8, 0x05, 0xFC, 0x06, 0xFE, 0x0E,
  0x7F, 0xFC, 0x00, 0x01, 0xFC, 0x07, 0xC1, 0x87, 0xE0, 0x67, 0xF0, 0x07,
  0xF8, 0x03, 0xFC, 0x03, 0xFE, 0x01, 0xFF, 0x00, 0xFF, 0x80, 0x7F, 0xC0,
  0x3F, 0xE0, 0x1F, 0xF0, 0x07, 0xF8, 0x03, 0xFC, 0x00, 0xFE, 0x00, 0x3F,
  0x03, 0x0F, 0x83, 0x00, 0xFE, 0x00, 0xFF, 0xE0, 0x3F, 0x87, 0x0F, 0xE0,
  0x63, 0xF8, 0x04, 0xFE, 0x01, 0xBF, 0x80, 0x2F, 0xE0, 0x0B, 0xF8, 0x03,
  0xFE, 0x00, 0xFF, 0x80, 0x3F, 0xE0, 0x0B, 0xF8, 0x02, 0xFE, 0x00, 0xBF,
  0x80, 0x4F, 0xE0, 0x33, 0xF8, 0x18, 0xFE, 0x18, 0x3F, 0xF8, 0x00, 0xFF,
  0xFF, 0xF0, 0x3F, 0x81, 0xFC, 0x0F, 0xE0, 0x7F, 0xFB, 0xF8, 0x1F, 0xC0,
  0xFE, 0x07, 0xF0, 0x3F, 0x81, 0xFC, 0x0F, 0xE0, 0x7F, 0x03, 0xF8, 0x1F,
  0xC0, 0xFE, 0x07, 0xFF, 0xC0, 0xFF, 0xFF, 0xF0, 0x3F, 0x81, 0xFC, 0x0F,
  0xE0, 0x7F, 0xFB, 0xF8, 0x1F, 0xC0, 0xFE, 0x07, 0xF0, 0x3F, 0x81, 0xFC,
  0x0F, 0xE0, 0x7F, 0x03, 0xF8, 0x1F, 0xC0, 0xFE, 0x07, 0xF0, 0x00, 0x01,
  0xFC, 0x01, 0xE1, 0xC1, 0xF8, 0x18, 0xFE, 0x00, 0x7F, 0x80, 0x1F, 0xE0,
  0x07, 0xF8, 0x03, 0xFE, 0x00, 0xFF, 0x80, 0x3F, 0xE0, 0x1F, 0xF8, 0x07,
  0xFE, 0x01, 0x7F, 0x80, 0x5F, 0xE0, 0x33, 0xF8, 0x1C, 0x7E, 0x0D, 0x0F,
  0x8E, 0x40, 0xFC, 0x10, 0xFE, 0x02, 0xFE, 0x02, 0xFE, 0x02, 0xFE, 0x02,
  0xFF, 0xFF, 0xFE, 0x02, 0xFE, 0x02, 0xFE, 0x02, 0xFE, 0x02, 0xFE, 0x02,
  0xFE, 0x02, 0xFE, 0x02, 0xFE, 0x02, 0xFE, 0x02, 0xFE, 0x02, 0xFE, 0x02,
  0xFE, 0x02, 0xFE, 0x02, 0xFF, 0xFF, 0xFF, 0xFF, 0xFF, 0xFF, 0xFF, 0xFF,
  0xFF, 0xFF, 0xFF, 0xFF, 0xFF, 0xFF, 0xFF, 0xFC, 0x03, 0xF8, 0x1F, 0xC0,
  0xFE, 0x07, 0xF0, 0x3F, 0x81, 0xFC, 0x0F, 0xE0, 0x7F, 0x03, 0xF8, 0x1F,
  0xC0, 0xFE, 0x07, 0xF0, 0x3F, 0x81, 0xF8, 0x0F, 0xD0, 0x7C, 0xC3, 0xE1,
  0xF8, 0x00, 0xFE, 0x06, 0x7F, 0x06, 0x3F, 0x86, 0x1F, 0xC4, 0x0F, 0xEE,
  0x07, 0xF9, 0x03, 0xF8, 0x41, 0xFC, 0x20, 0xFE, 0x08, 0x7F, 0x04, 0x3F,
  0x83, 0x1F, 0xC0, 0x8F, 0xE0, 0x47, 0xF0, 0x13, 0xF8, 0x09, 0xFC, 0x02,
  0xFE, 0x01, 0x7F, 0x00, 0xC0, 0xFE, 0x0F, 0xE0, 0xFE, 0x0F, 0xE0, 0xFE,
  0x0F, 0xE0, 0xFE, 0x0F, 0xE0, 0xFE, 0x0F, 0xE0, 0xFE, 0x0F, 0xE0, 0xFE,
  0x0F, 0xE0, 0xFE, 0x0F, 0xE0, 0xFE, 0x0F, 0xFF, 0x02, 0x00, 0x20, 0x01,
  0x80, 0x30, 0x00, 0xC0, 0x18, 0x00, 0x70, 0x1E, 0x00, 0x78, 0x0F, 0x00,
  0x3E, 0x0F, 0x80, 0x1F, 0x07, 0xE0, 0x1F, 0xC7, 0xF0, 0x0F, 0xE3, 0xF8,
  0x07, 0xFB, 0xFE, 0x07, 0xFD, 0x7F, 0x02, 0xFF, 0xBF, 0x81, 0x3F, 0x8F,
  0xE1, 0x1F, 0xC7, 0xF0, 0x87, 0xC3, 0xF8, 0xC3, 0xE0, 0xFE, 0x40, 0xE0,
  0x7F, 0x20, 0x70, 0x3F, 0xB0, 0x10, 0x0F, 0xE0, 0x80, 0x00, 0xC0, 0x01,
  0xE0, 0x01, 0xF8, 0x01, 0xFC, 0x01, 0xFE, 0x01, 0xFF, 0x81, 0xFF, 0xC1,
  0xFF, 0xE1, 0xFF, 0xF9, 0xCF, 0xFD, 0xC7, 0xFF, 0xC3, 0xFF, 0xC0, 0xFF,
  0xC0, 0x7F, 0xC0, 0x3F, 0xC0, 0x0F, 0xC0, 0x07, 0xC0, 0x03, 0x00, 0x01,
  0x01, 0xFC, 0x00, 0xF8, 0x70, 0x1F, 0x81, 0x83, 0xF8, 0x0C, 0x3F, 0x80,
  0x67, 0xF8, 0x02, 0x7F, 0x80, 0x27, 0xF8, 0x03, 0xFF, 0x80, 0x1F, 0xF8,
  0x01, 0x7F, 0x80, 0x37, 0xF8, 0x02, 0x7F, 0x80, 0x23, 0xF8, 0x04, 0x3F,
  0x80, 0xC1, 0xF8, 0x18, 0x07, 0x87, 0x00, 0x1F, 0x80, 0xFF, 0xF0, 0x7F,
  0x07, 0x3F, 0x80, 0xDF, 0xC0, 0x2F, 0xE0, 0x0F, 0xF0, 0x07, 0xF8, 0x03,
  0xFC, 0x01, 0xFE, 0x00, 0xFF, 0x00, 0x7F, 0x80, 0x5F, 0xC0, 0x4F, 0xE0,
  0x47, 0xF7, 0xC3, 0xF8, 0x01, 0xFC, 0x00, 0xFE, 0x00, 0x7F, 0x00, 0x00,
  0x03, 0xF8, 0x00, 0xF8, 0x60, 0x1F, 0x81, 0x83, 0xF8, 0x0C, 0x7F, 0x80,
  0x47, 0xF8, 0x06, 0xFF, 0x80, 0x2F, 0xF8, 0x02, 0xFF, 0x80, 0x2F, 0xF8,
  0x02, 0xFF, 0x80, 0x2F, 0xF8, 0x02, 0x7F, 0x80, 0x27, 0xF8, 0x04, 0x3F,
  0x9C, 0xC1, 0xF8, 0x38, 0x0F, 0x87, 0x80, 0x3F, 0x8C, 0x00, 0x00, 0x30,
  0xFF, 0xF0, 0x7F, 0x06, 0x3F, 0x80, 0x9F, 0xC0, 0x2F, 0xE0, 0x1F, 0xF0,
  0x07, 0xF8, 0x03, 0xFC, 0x01, 0xFE, 0x01, 0x7F, 0x00, 0xBF, 0x80, 0x9F,
  0xC0, 0x8F, 0xEF, 0x87, 0xF1, 0x83, 0xF8, 0x41, 0xFC, 0x30, 0xFE, 0x0C,
  0x7F, 0x03, 0xC0, 0x0F, 0xC1, 0xC1, 0x9E, 0x00, 0xF8, 0x07, 0xE0, 0x3F,
  0x81, 0xFE, 0x07, 0xFC, 0x3F, 0xF0, 0xFF, 0x81, 0xFE, 0x07, 0xF0, 0x1F,
  0x80, 0x3C, 0x01, 0xF8, 0x06, 0x60, 0x60, 0xFC, 0x00, 0xFF, 0xFF, 0x07,
  0xF0, 0x07, 0xF0, 0x07, 0xF0, 0x07, 0xF0, 0x07, 0xF0, 0x07, 0xF0, 0x07,
  0xF0, 0x07, 0xF0, 0x07, 0xF0, 0x07, 0xF0, 0x07, 0xF0, 0x07, 0xF0, 0x07,
  0xF0, 0x07, 0xF0, 0x07, 0xF0, 0x07, 0xF0, 0x07, 0xF0, 0xFE, 0x00, 0xFF,
  0x00, 0x7F, 0x80, 0x3F, 0xC0, 0x1F, 0xE0, 0x0F, 0xF0, 0x07, 0xF8, 0x03,
  0xFC, 0x01, 0xFE, 0x00, 0xFF, 0x00, 0x7F, 0x80, 0x3F, 0xC0, 0x3F, 0xE0,
  0x13, 0xF0, 0x09, 0xF8, 0x08, 0x7C, 0x0C, 0x1E, 0x08, 0x03, 0xF0, 0x00,
  0xFE, 0x01, 0x7F, 0x01, 0x7F, 0x02, 0x7F, 0x82, 0x3F, 0x86, 0x3F, 0x84,
  0x1F, 0xC4, 0x1F, 0xC8, 0x0F, 0xE8, 0x0F, 0xF8, 0x07, 0xF0, 0x07, 0xF0,
  0x03, 0xE0, 0x03, 0xE0, 0x03, 0xC0, 0x01, 0xC0, 0x01, 0xC0, 0x00, 0x80,
  0x00, 0x80, 0x00, 0x01, 0x00, 0x7F, 0x00, 0x80, 0x7F, 0xC0, 0x60, 0x2F,
  0xE0, 0x70, 0x17, 0xF0, 0x3C, 0x11, 0xFC, 0x3E, 0x08, 0xFE, 0x1F, 0x8C,
  0x3F, 0x9F, 0xC4, 0x1F, 0xCF, 0xF6, 0x0F, 0xEF, 0xFA, 0x03, 0xFD, 0xFD,
  0x01, 0xFE, 0x7F, 0x00, 0x7E, 0x3F, 0x80, 0x3F, 0x0F, 0xC0, 0x1F, 0x07,
  0xC0, 0x07, 0x81, 0xE0, 0x03, 0x80, 0xE0, 0x00, 0xC0, 0x30, 0x00, 0x40,
  0x10, 0x00, 0x20, 0x08, 0x00, 0xFE, 0x02, 0xFE, 0x06, 0x7F, 0x04, 0x7F,
  0x08, 0x3F, 0x90, 0x3F, 0x90, 0x1F, 0xE0, 0x1F, 0xC0, 0x0F, 0xE0, 0x0F,
  0xE0, 0x07, 0xF0, 0x0F, 0xF0, 0x0B, 0xF8, 0x13, 0xF8, 0x31, 0xFC, 0x21,
  0xFC, 0x40, 0xFE, 0x80, 0xFF, 0xFF, 0x00, 0xBF, 0xC0, 0xCF, 0xE0, 0x47,
  0xF8, 0x41, 0xFC, 0x20, 0xFF, 0x20, 0x3F, 0xB0, 0x0F, 0xF0, 0x07, 0xF0,
  0x01, 0xF8, 0x00, 0xF8, 0x00, 0x3C, 0x00, 0x1C, 0x00, 0x04, 0x00, 0x02,
  0x00, 0x02, 0x00, 0x03, 0x00, 0x01, 0x00, 0x00, 0xFF, 0xF8, 0x0F, 0xE0,
  0x3F, 0x00, 0xFC, 0x07, 0xF0, 0x1F, 0x80, 0xFE, 0x03, 0xF0, 0x1F, 0xC0,
  0x7F, 0x01, 0xF8, 0x0F, 0xE0, 0x3F, 0x81, 0xFC, 0x07, 0xF0, 0x1F, 0x80,
  0xFE, 0x03, 0xFF, 0xF0, 0xFF, 0xF8, 0xF8, 0xF8, 0xF8, 0xF8, 0xF8, 0xF8,
  0xF8, 0xF8, 0xF8, 0xF8, 0xF8, 0xF8, 0xF8, 0xF8, 0xF8, 0xF8, 0xF8, 0xF8,
  0xF8, 0xFF, 0x81, 0x81, 0x02, 0x06, 0x04, 0x08, 0x18, 0x10, 0x20, 0x40,
  0x40, 0x81, 0x01, 0x02, 0x04, 0x04, 0xFF, 0x87, 0xC3, 0xE1, 0xF0, 0xF8,
  0x7C, 0x3E, 0x1F, 0x0F, 0x87, 0xC3, 0xE1, 0xF0, 0xF8, 0x7C, 0x3E, 0x1F,
  0x0F, 0x87, 0xC3, 0xE1, 0xF0, 0xFF, 0xFC, 0x04, 0x02, 0x81, 0x30, 0xC4,
  0x20, 0x90, 0x3C, 0x04, 0xFF, 0xF8, 0xF3, 0x8E, 0x30, 0x0F, 0xF0, 0x30,
  0x3C, 0x00, 0x3E, 0x00, 0x3E, 0x0F, 0xBF, 0x3C, 0x7F, 0x7C, 0x3F, 0xFC,
  0x3F, 0xFC, 0x3F, 0xFC, 0x3F, 0xFC, 0x3F, 0x7C, 0x3F, 0x3C, 0x7F, 0x1F,
  0xBF, 0xFC, 0x00, 0x7E, 0x00, 0x3F, 0x00, 0x1F, 0x80, 0x0F, 0xDF, 0x07,
  0xF1, 0xE3, 0xF0, 0xF9, 0xF8, 0x7E, 0xFC, 0x3F, 0x7E, 0x1F, 0xFF, 0x0F,
  0xFF, 0x87, 0xFF, 0xC3, 0xFF, 0xE1, 0xFB, 0xF0, 0xFD, 0xF8, 0x7C, 0xFE,
  0x3C, 0x7F, 0xF8, 0x00, 0x07, 0xE0, 0xF0, 0xCF, 0x80, 0xFC, 0x0F, 0xE0,
  0x7F, 0x03, 0xF8, 0x1F, 0xC0, 0xFE, 0x07, 0xF0, 0x1F, 0x80, 0x7C, 0x11,
  0xE1, 0x83, 0xF0, 0x00, 0x1F, 0x80, 0x0F, 0xC0, 0x07, 0xE0, 0x03, 0xF0,
  0x7F, 0xF8, 0xF1, 0xFC, 0xF8, 0x7E, 0xFC, 0x3F, 0xFE, 0x1F, 0xFF, 0x0F,
  0xFF, 0x87, 0xFF, 0xC3, 0xFF, 0xE1, 0xFF, 0xF0, 0xFD, 0xF8, 0x7E, 0x7C,
  0x3F, 0x1E, 0x3F, 0x83, 0xEF, 0xC0, 0x07, 0xE0, 0x38, 0x70, 0xF0, 0xF3,
  0xE1, 0xF7, 0xC3, 0xFF, 0x87, 0xFF, 0xFF, 0xFE, 0x00, 0xFC, 0x01, 0xF8,
  0x01, 0xF0, 0x11, 0xE0, 0x61, 0xC1, 0x80, 0xFC, 0x00, 0x07, 0xF0, 0x78,
  0xC7, 0xC0, 0x7E, 0x0F, 0xFF, 0x1F, 0x80, 0xFC, 0x07, 0xE0, 0x3F, 0x01,
  0xF8, 0x0F, 0xC0, 0x7E, 0x03, 0xF0, 0x1F, 0x80, 0xFC, 0x07, 0xE0, 0x3F,
  0x01, 0xF8, 0x00, 0x00, 0x1C, 0x00, 0x90, 0xFE, 0x0F, 0x8C, 0x7E, 0x1B,
  0xF8, 0x2F, 0xE0, 0xBF, 0x82, 0xFE, 0x09, 0xF8, 0x63, 0xE3, 0x0F, 0xF0,
  0x60, 0x03, 0xFF, 0xCF, 0xFF, 0x9F, 0xFF, 0x3F, 0xFC, 0x00, 0xFE, 0x03,
  0x87, 0xF8, 0xFC, 0x00, 0xFC, 0x00, 0xFC, 0x00, 0xFC, 0x00, 0xFC, 0xFC,
  0xFD, 0x3E, 0xFE, 0x3E, 0xFC, 0x3F, 0xFC, 0x3F, 0xFC, 0x3F, 0xFC, 0x3F,
  0xFC, 0x3F, 0xFC, 0x3F, 0xFC, 0x3F, 0xFC, 0x3F, 0xFC, 0x3F, 0xFC, 0x3F,
  0xFC, 0x3F, 0x7B, 0xFF, 0xDE, 0x00, 0x0F, 0xFF, 0xFF, 0xFF, 0xFF, 0xFF,
  0xFF, 0xFF, 0xFF, 0xFF, 0xFF, 0x07, 0x83, 0xF0, 0xFC, 0x1E, 0x00, 0x00,
  0x00, 0x00, 0x3F, 0x0F, 0xC3, 0xF0, 0xFC, 0x3F, 0x0F, 0xC3, 0xF0, 0xFC,
  0x3F, 0x0F, 0xC3, 0xF0, 0xFC, 0x3F, 0x0F, 0x83, 0xE0, 0xFA, 0x3C, 0xFC,
  0x00, 0xFC, 0x01, 0xF8, 0x03, 0xF0, 0x07, 0xE0, 0x0F, 0xC0, 0x5F, 0x81,
  0x3F, 0x0C, 0x7E, 0x30, 0xFC, 0xE1, 0xFF, 0xC3, 0xFF, 0xC7, 0xFF, 0x8F,
  0xDF, 0x9F, 0xBF, 0x3F, 0x3F, 0x7E, 0x7E, 0xFC, 0x7D, 0xF8, 0xFC, 0xFF,
  0xFF, 0xFF, 0xFF, 0xFF, 0xFF, 0xFF, 0xFF, 0xFF, 0xFF, 0xFF, 0xFF, 0xFF,
  0xF0, 0xFC, 0xFC, 0x3E, 0x7F, 0x9F, 0x67, 0xBF, 0x8F, 0xC3, 0xFF, 0x87,
  0xE1, 0xFF, 0xC3, 0xF0, 0xFF, 0xE1, 0xF8, 0x7F, 0xF0, 0xFC, 0x3F, 0xF8,
  0x7E, 0x1F, 0xFC, 0x3F, 0x0F, 0xFE, 0x1F, 0x87, 0xFF, 0x0F, 0xC3, 0xFF,
  0x87, 0xE1, 0xFF, 0xC3, 0xF0, 0xFF, 0xE1, 0xF8, 0x7C, 0xFC, 0xFC, 0xFD,
  0x3E, 0xFE, 0x3E, 0xFC, 0x3F, 0xFC, 0x3F, 0xFC, 0x3F, 0xFC, 0x3F, 0xFC,
  0x3F, 0xFC, 0x3F, 0xFC, 0x3F, 0xFC, 0x3F, 0xFC, 0x3F, 0xFC, 0x3F, 0xFC,
  0x3F, 0x07, 0xE0, 0x3C, 0x60, 0xF8, 0x33, 0xF0, 0x2F, 0xE0, 0x3F, 0xC0,
  0x7F, 0x80, 0xFF, 0x01, 0xFE, 0x03, 0xFC, 0x05, 0xF8, 0x11, 0xF0, 0x41,
  0xE3, 0x00, 0xFC, 0x00, 0xFD, 0xF0, 0x7F, 0x1E, 0x3F, 0x0F, 0x9F, 0x87,
  0xEF, 0xC3, 0xF7, 0xE1, 0xFF, 0xF0, 0xFF, 0xF8, 0x7F, 0xFC, 0x3F, 0xFE,
  0x1F, 0xBF, 0x0F, 0xDF, 0x87, 0xCF, 0xE3, 0xC7, 0xFF, 0x83, 0xF0, 0x01,
  0xF8, 0x00, 0xFC, 0x00, 0x7E, 0x00, 0x00, 0x07, 0xFF, 0x8F, 0x1F, 0xCF,
  0x87, 0xEF, 0xC3, 0xFF, 0xE1, 0xFF, 0xF0, 0xFF, 0xF8, 0x7F, 0xFC, 0x3F,
  0xFE, 0x1F, 0xFF, 0x0F, 0xDF, 0x87, 0xE7, 0xC3, 0xF1, 0xE3, 0xF8, 0x3E,
  0xFC, 0x00, 0x7E, 0x00, 0x3F, 0x00, 0x1F, 0x80, 0x0F, 0xC0, 0xFC, 0x7F,
  0x9F, 0xF4, 0x7F, 0x0F, 0xE1, 0xF8, 0x3F, 0x07, 0xE0, 0xFC, 0x1F, 0x83,
  0xF0, 0x7E, 0x0F, 0xC1, 0xF8, 0x00, 0x1F, 0x83, 0x86, 0x78, 0x0F, 0xC0,
  0xFF, 0x07, 0xF8, 0x3F, 0xC1, 0xFE, 0x0F, 0xE0, 0x7F, 0x03, 0xE8, 0x1E,
  0xC1, 0xC3, 0xF0, 0x03, 0x00, 0x78, 0x07, 0xC0, 0x3E, 0x0F, 0xFF, 0x0F,
  0x80, 0x7C, 0x03, 0xE0, 0x1F, 0x00, 0xF8, 0x07, 0xC0, 0x3E, 0x01, 0xF0,
  0x0F, 0x80, 0x7C, 0x23, 0xE3, 0x1F, 0x30, 0x3E, 0x00, 0xFC, 0x3F, 0xFC,
  0x3F, 0xFC, 0x3F, 0xFC, 0x3F, 0xFC, 0x3F, 0xFC, 0x3F, 0xFC, 0x3F, 0xFC,
  0x3F, 0xFC, 0x3F, 0xFC, 0x3F, 0xFC, 0x3F, 0x7C, 0x7F, 0x7D, 0xBF, 0x3E,
  0x3F, 0xFC, 0x05, 0xF8, 0x17, 0xE0, 0x8F, 0xC2, 0x3F, 0x10, 0x7E, 0x41,
  0xFA, 0x03, 0xF8, 0x0F, 0xC0, 0x1F, 0x00, 0x78, 0x00, 0xE0, 0x03, 0x00,
  0x04, 0x00, 0xFC, 0x04, 0x0D, 0xF8, 0x30, 0x27, 0xE0, 0xE0, 0x8F, 0xC7,
  0xC4, 0x3F, 0x1F, 0x10, 0x7E, 0xFE, 0x81, 0xFB, 0xFA, 0x03, 0xF3, 0xF8,
  0x0F, 0xCF, 0xC0, 0x3E, 0x1F, 0x00, 0x78, 0x78, 0x01, 0xC0, 0xE0, 0x03,
  0x03, 0x00, 0x08, 0x04, 0x00, 0xFC, 0x08, 0xFC, 0x30, 0xFC, 0x41, 0xF9,
  0x01, 0xFC, 0x03, 0xF8, 0x03, 0xF0, 0x03, 0xF0, 0x07, 0xE0, 0x17, 0xE0,
  0x4F, 0xC1, 0x0F, 0xC6, 0x0F, 0xD8, 0x1F, 0xC0, 0xFC, 0x05, 0xF8, 0x17,
  0xE0, 0x8F, 0xC2, 0x3F, 0x10, 0x7E, 0x41, 0xFB, 0x03, 0xF8, 0x07, 0xE0,
  0x1F, 0x00, 0x3C, 0x00, 0xE0, 0x01, 0x80, 0x04, 0x00, 0x10, 0x00, 0x80,
  0x06, 0x00, 0x30, 0x00, 0x7F, 0xF8, 0x0F, 0x80, 0xFC, 0x07, 0xC0, 0x7E,
  0x03, 0xE0, 0x3F, 0x03, 0xF0, 0x1F, 0x81, 0xF8, 0x0F, 0x80, 0xFC, 0x0F,
  0xC0, 0x7F, 0xFC, 0x03, 0xC1, 0x80, 0xE0, 0x78, 0x1E, 0x0F, 0x83, 0xE0,
  0xF8, 0x3E, 0x1F, 0x87, 0x83, 0xC0, 0x7C, 0x1F, 0x83, 0xE0, 0xF8, 0x3E,
  0x0F, 0x81, 0xE0, 0x78, 0x0E, 0x01, 0x80, 0x1C, 0xD5, 0x55, 0x55, 0x55,
  0x55, 0x70, 0xF0, 0x06, 0x01, 0xC0, 0x78, 0x1E, 0x07, 0xC1, 0xF0, 0x7C,
  0x1F, 0x07, 0xE0, 0x78, 0x0F, 0x0F, 0x87, 0xC1, 0xF0, 0x7C, 0x1F, 0x07,
  0xC1, 0xE0, 0x78, 0x1C, 0x06, 0x0E, 0x00, 0x00, 0x00, 0xE0, 0x04, 0x60,
  0xE0, 0xC2, 0x80, 0xF0, 0x00, 0x00 };

const GFXglyph Limelight_Regular14pt7bGlyphs[] PROGMEM = {
  {     0,   1,   1,   6,    0,    0 },   // 0x20 ' '
  {     1,   8,  18,  11,    1,  -17 },   // 0x21 '!'
  {    19,  10,   8,  12,    1,  -17 },   // 0x22 '"'
  {    29,  11,  18,  12,    1,  -17 },   // 0x23 '#'
  {    54,  13,  23,  15,    1,  -20 },   // 0x24 '$'
  {    92,  18,  18,  21,    2,  -17 },   // 0x25 '%'
  {   133,  16,  18,  19,    2,  -17 },   // 0x26 '&'
  {   169,   4,   8,   6,    1,  -17 },   // 0x27 '''
  {   173,  10,  23,  12,    1,  -19 },   // 0x28 '('
  {   202,  10,  23,  12,    1,  -19 },   // 0x29 ')'
  {   231,   8,   8,  10,    1,  -18 },   // 0x2A '*'
  {   239,  11,  10,  13,    1,  -11 },   // 0x2B '+'
  {   253,   6,   8,   9,    1,   -4 },   // 0x2C ','
  {   259,   7,   1,  10,    1,   -8 },   // 0x2D '-'
  {   260,   6,   5,   9,    1,   -4 },   // 0x2E '.'
  {   264,   7,  18,   9,    1,  -17 },   // 0x2F '/'
  {   280,  16,  18,  18,    1,  -17 },   // 0x30 '0'
  {   316,  10,  18,  13,    0,  -17 },   // 0x31 '1'
  {   339,  15,  18,  16,    0,  -17 },   // 0x32 '2'
  {   373,  14,  18,  17,    1,  -17 },   // 0x33 '3'
  {   405,  18,  18,  19,    0,  -17 },   // 0x34 '4'
  {   446,  14,  18,  17,    1,  -17 },   // 0x35 '5'
  {   478,  15,  18,  18,    2,  -17 },   // 0x36 '6'
  {   512,  14,  18,  16,    1,  -17 },   // 0x37 '7'
  {   544,  16,  18,  18,    1,  -17 },   // 0x38 '8'
  {   580,  16,  18,  18,    1,  -17 },   // 0x39 '9'
  {   616,   6,  13,   9,    1,  -12 },   // 0x3A ':'
  {   626,   6,  16,   9,    1,  -12 },   // 0x3B ';'
  {   638,  11,  14,  12,    0,  -13 },   // 0x3C '<'
  {   658,  11,   6,  13,    1,   -9 },   // 0x3D '='
  {   667,  11,  15,  12,    1,  -13 },   // 0x3E '>'
  {   688,   9,  18,  12,    2,  -17 },   // 0x3F '?'
  {   709,  23,  22,  26,    1,  -17 },   // 0x40 '@'
  {   773,  17,  20,  18,    0,  -19 },   // 0x41 'A'
  {   816,  17,  18,  20,    2,  -17 },   // 0x42 'B'
  {   855,  17,  18,  19,    1,  -17 },   // 0x43 'C'
  {   894,  18,  18,  21,    2,  -17 },   // 0x44 'D'
  {   935,  13,  18,  16,    2,  -17 },   // 0x45 'E'
  {   965,  13,  18,  15,    2,  -17 },   // 0x46 'F'
  {   995,  18,  18,  21,    1,  -17 },   // 0x47 'G'
  {  1036,  16,  18,  19,    2,  -17 },   // 0x48 'H'
  {  1072,   7,  18,  11,    2,  -17 },   // 0x49 'I'
  {  1088,  13,  18,  15,    0,  -17 },   // 0x4A 'J'
  {  1118,  17,  18,  19,    2,  -17 },   // 0x4B 'K'
  {  1157,  12,  18,  15,    2,  -17 },   // 0x4C 'L'
  {  1184,  25,  19,  25,    0,  -18 },   // 0x4D 'M'
  {  1244,  16,  20,  20,    2,  -18 },   // 0x4E 'N'
  {  1284,  20,  18,  22,    1,  -17 },   // 0x4F 'O'
  {  1329,  17,  18,  20,    2,  -17 },   // 0x50 'P'
  {  1368,  20,  19,  22,    1,  -17 },   // 0x51 'Q'
  {  1416,  17,  18,  20,    2,  -17 },   // 0x52 'R'
  {  1455,  13,  18,  16,    1,  -17 },   // 0x53 'S'
  {  1485,  16,  18,  16,    0,  -17 },   // 0x54 'T'
  {  1521,  17,  18,  21,    2,  -17 },   // 0x55 'U'
  {  1560,  16,  19,  17,    0,  -17 },   // 0x56 'V'
  {  1598,  25,  20,  26,    0,  -18 },   // 0x57 'W'
  {  1661,  16,  18,  17,    1,  -17 },   // 0x58 'X'
  {  1697,  17,  18,  17,    0,  -17 },   // 0x59 'Y'
  {  1736,  14,  18,  16,    1,  -17 },   // 0x5A 'Z'
  {  1768,   8,  22,  12,    2,  -18 },   // 0x5B '['
  {  1790,   7,  18,   9,    1,  -17 },   // 0x5C '\'
  {  1806,   9,  22,  12,    1,  -18 },   // 0x5D ']'
  {  1831,  10,   7,  12,    1,  -17 },   // 0x5E '^'
  {  1840,  13,   1,  12,   -1,    2 },   // 0x5F '_'
  {  1842,   5,   4,   8,    1,  -18 },   // 0x60 '`'
  {  1845,  16,  14,  19,    1,  -13 },   // 0x61 'a'
  {  1873,  17,  18,  20,    2,  -17 },   // 0x62 'b'
  {  1912,  13,  14,  15,    1,  -13 },   // 0x63 'c'
  {  1935,  17,  18,  20,    1,  -17 },   // 0x64 'd'
  {  1974,  15,  14,  17,    1,  -13 },   // 0x65 'e'
  {  2001,  13,  18,  11,    0,  -17 },   // 0x66 'f'
  {  2031,  14,  20,  16,    1,  -15 },   // 0x67 'g'
  {  2066,  16,  18,  20,    2,  -17 },   // 0x68 'h'
  {  2102,   6,  20,  10,    2,  -19 },   // 0x69 'i'
  {  2117,  10,  25,  11,   -1,  -20 },   // 0x6A 'j'
  {  2149,  15,  18,  17,    2,  -17 },   // 0x6B 'k'
  {  2183,   6,  18,  10,    2,  -17 },   // 0x6C 'l'
  {  2197,  25,  14,  29,    2,  -13 },   // 0x6D 'm'
  {  2241,  16,  14,  20,    2,  -13 },   // 0x6E 'n'
  {  2269,  15,  14,  17,    1,  -13 },   // 0x6F 'o'
  {  2296,  17,  18,  20,    2,  -13 },   // 0x70 'p'
  {  2335,  17,  18,  20,    1,  -13 },   // 0x71 'q'
  {  2374,  11,  14,  13,    2,  -13 },   // 0x72 'r'
  {  2394,  12,  14,  13,    1,  -13 },   // 0x73 's'
  {  2415,  13,  18,  13,    0,  -17 },   // 0x74 't'
  {  2445,  16,  14,  20,    2,  -13 },   // 0x75 'u'
  {  2473,  14,  14,  14,    0,  -13 },   // 0x76 'v'
  {  2498,  22,  14,  22,    0,  -13 },   // 0x77 'w'
  {  2537,  15,  14,  14,    0,  -13 },   // 0x78 'x'
  {  2564,  14,  18,  14,    0,  -13 },   // 0x79 'y'
  {  2596,  13,  14,  15,    1,  -13 },   // 0x7A 'z'
  {  2619,  10,  23,  12,    1,  -19 },   // 0x7B '{'
  {  2648,   2,  22,   6,    2,  -17 },   // 0x7C '|'
  {  2654,  10,  23,  12,    1,  -19 },   // 0x7D '}'
  {  2683,  14,   6,  16,    1,  -11 } }; // 0x7E '~'

const GFXfont Limelight_Regular14pt7b PROGMEM = {
  (uint8_t  *)Limelight_Regular14pt7bBitmaps,
  (GFXglyph *)Limelight_Regular14pt7bGlyphs,
  0x20, 0x7E, 33 };

// Approx. 3366 bytes
const uint8_t Limelight_Regular18pt7bBitmaps[] PROGMEM = {
  0x00, 0x3F, 0x1F, 0xEF, 0xFF, 0xFF, 0xFF, 0xFF, 0xFF, 0xFD, 0xFE, 0x7F,
  0x8F, 0xC3, 0xF0, 0x78, 0x1E, 0x07, 0x00, 0xC0, 0x30, 0x08, 0x00, 0x00,
  0x00, 0x78, 0x3F, 0x1F, 0xC7, 0xF0, 0xFC, 0x1E, 0x00, 0x78, 0xF7, 0xE7,
  0xFF, 0x7F, 0xF1, 0xFF, 0x8F, 0xBC, 0x79, 0xC1, 0xCE, 0x0E, 0x70, 0x71,
  0x83, 0x08, 0x18, 0x03, 0x18, 0x08, 0x40, 0x63, 0x01, 0x8C, 0x06, 0x30,
  0x10, 0x80, 0x42, 0x01, 0x08, 0x0C, 0x61, 0xFF, 0xF0, 0xC6, 0x02, 0x10,
  0x08, 0x40, 0x63, 0x0F, 0xFF, 0x86, 0x30, 0x10, 0x80, 0x42, 0x01, 0x08,
  0x0C, 0x60, 0x31, 0x80, 0x84, 0x02, 0x10, 0x18, 0xC0, 0x63, 0x00, 0x00,
  0x10, 0x00, 0x30, 0x00, 0x30, 0x0F, 0xF0, 0x3E, 0x3C, 0x7C, 0x26, 0xFC,
  0x60, 0xFC, 0x60, 0xFE, 0x40, 0xFF, 0x40, 0xFF, 0xC0, 0xFF, 0xC0, 0x7F,
  0xE0, 0x7F, 0xF0, 0x3F, 0xF8, 0x1F, 0xFC, 0x0F, 0xFE, 0x07, 0xFF, 0x03,
  0xFF, 0x01, 0xFF, 0x03, 0xFF, 0x03, 0x7F, 0x02, 0x3F, 0x02, 0x1F, 0xC2,
  0x1E, 0xE6, 0x1E, 0x3E, 0x38, 0x0F, 0xE0, 0x04, 0x00, 0x0C, 0x00, 0x0C,
  0x00, 0x1F, 0x00, 0x30, 0x7B, 0x80, 0x41, 0xF1, 0x81, 0x87, 0xE1, 0x06,
  0x0F, 0xC2, 0x08, 0x1F, 0x84, 0x30, 0x3F, 0x08, 0x40, 0x7E, 0x11, 0x80,
  0x7C, 0x66, 0x00, 0x79, 0x88, 0x00, 0x7E, 0x30, 0x00, 0x00, 0xC0, 0x00,
  0x01, 0x00, 0x00, 0x06, 0x00, 0x00, 0x18, 0x7C, 0x00, 0x31, 0xCE, 0x00,
  0xC7, 0x86, 0x01, 0x1F, 0x04, 0x06, 0x3E, 0x08, 0x18, 0x7C, 0x10, 0x20,
  0xF8, 0x20, 0xC1, 0xF0, 0x43, 0x01, 0xE1, 0x04, 0x01, 0xCE, 0x18, 0x01,
  0xF0, 0x01, 0xFE, 0x00, 0x7C, 0x3C, 0x07, 0xE0, 0x40, 0x7F, 0x00, 0x03,
  0xF8, 0x00, 0x1F, 0xC0, 0x00, 0xFE, 0x00, 0x07, 0xF0, 0x00, 0x1F, 0x80,
  0x00, 0x7C, 0x00, 0x01, 0xE7, 0xFE, 0x3F, 0x03, 0x03, 0xF8, 0x0C, 0x1F,
  0xC0, 0x21, 0xFE, 0x01, 0x8F, 0xF0, 0x04, 0xFF, 0x80, 0x27, 0xFC, 0x01,
  0x1F, 0xE0, 0x08, 0xFF, 0x00, 0xC7, 0xF8, 0x04, 0x1F, 0xC0, 0x60, 0x7E,
  0x06, 0x01, 0xF1, 0xC0, 0x03, 0xF8, 0x00, 0x7B, 0xFF, 0xFE, 0xF9, 0xE7,
  0x1C, 0x70, 0xC2, 0x00, 0x00, 0xF8, 0x1C, 0x01, 0xC0, 0x1E, 0x01, 0xF0,
  0x0F, 0x80, 0xFC, 0x07, 0xE0, 0x7F, 0x03, 0xF8, 0x3F, 0xC1, 0xFE, 0x0F,
  0xF0, 0x7F, 0x83, 0xFC, 0x1F, 0xE0, 0xFF, 0x07, 0xF8, 0x3F, 0xC1, 0xFE,
  0x0F, 0xF0, 0x3F, 0x81, 0xFC, 0x07, 0xE0, 0x3F, 0x00, 0xF8, 0x07, 0xC0,
  0x1E, 0x00, 0x70, 0x01, 0xC0, 0x03, 0xE0, 0xF0, 0x01, 0xC0, 0x0E, 0x00,
  0xF0, 0x0F, 0x80, 0xF8, 0x0F, 0xC0, 0xFE, 0x0F, 0xE0, 0xFE, 0x0F, 0xF0,
  0xFF, 0x0F, 0xF0, 0xFF, 0x0F, 0xF0, 0xFF, 0x0F, 0xF0, 0xFF, 0x0F, 0xF0,
  0xFF, 0x0F, 0xE0, 0xFE, 0x0F, 0xE0, 0xFC, 0x0F, 0xC0, 0xF8, 0x0F, 0x80,
  0xF0, 0x0E, 0x01, 0xC0, 0xF0, 0x00, 0x20, 0x86, 0x30, 0x44, 0x05, 0x00,
  0xA1, 0xFF, 0xC3, 0x80, 0x50, 0x1B, 0x06, 0x20, 0x86, 0x00, 0x02, 0x00,
  0x10, 0x00, 0x80, 0x04, 0x00, 0x20, 0x01, 0x03, 0xFF, 0xE0, 0x40, 0x02,
  0x00, 0x10, 0x00, 0x80, 0x04, 0x00, 0x20, 0x01, 0x00, 0x7C, 0xFE, 0xFE,
  0xFF, 0xFF, 0xFE, 0x7E, 0x06, 0x04, 0x0C, 0x18, 0xFF, 0x80, 0x3C, 0xFE,
  0xFE, 0xFF, 0xFF, 0xFE, 0x7C, 0x00, 0x80, 0xC0, 0x60, 0x20, 0x30, 0x18,
  0x08, 0x04, 0x06, 0x02, 0x01, 0x01, 0x80, 0xC0, 0x40, 0x60, 0x30, 0x10,
  0x08, 0x0C, 0x06, 0x02, 0x03, 0x01, 0x80, 0x80, 0xC0, 0x00, 0x01, 0xFC,
  0x00, 0x3F, 0x38, 0x03, 0xF8, 0x60, 0x3F, 0xC0, 0x83, 0xFE, 0x06, 0x1F,
  0xF0, 0x11, 0xFF, 0x80, 0xCF, 0xFC, 0x02, 0x7F, 0xE0, 0x13, 0xFF, 0x00,
  0x9F, 0xF8, 0x05, 0xFF, 0xC0, 0x3F, 0xFE, 0x01, 0xBF, 0xF0, 0x09, 0xFF,
  0x80, 0x4F, 0xFC, 0x02, 0x7F, 0xE0, 0x13, 0xFF, 0x00, 0x9F, 0xF8, 0x0C,
  0x7F, 0xC0, 0x43, 0xFE, 0x06, 0x0F, 0xF0, 0x60, 0x3F, 0x86, 0x00, 0xFC,
  0xE0, 0x01, 0xFC, 0x00, 0x00, 0x1C, 0x03, 0xF0, 0xFF, 0xDF, 0xFF, 0xC7,
  0xFC, 0x1F, 0xF0, 0x7F, 0xC1, 0xFF, 0x07, 0xFC, 0x1F, 0xF0, 0x7F, 0xC1,
  0xFF, 0x07, 0xFC, 0x1F, 0xF0, 0x7F, 0xC1, 0xFF, 0x07, 0xFC, 0x1F, 0xF0,
  0x7F, 0xC1, 0xFF, 0x07, 0xFC, 0x1F, 0xF0, 0x7F, 0xC1, 0xFF, 0x07, 0xFC,
  0x07, 0xF0, 0x07, 0x0F, 0x87, 0x01, 0xF1, 0x80, 0x3E, 0x40, 0x0F, 0xC0,
  0x07, 0xF0, 0x01, 0xFC, 0x00, 0xFF, 0x00, 0x7F, 0xC0, 0x1F, 0xE0, 0x0F,
  0xF8, 0x07, 0xFC, 0x03, 0xFF, 0x00, 0xFF, 0x80, 0x7F, 0xE0, 0x3F, 0xF0,
  0x0F, 0xF8, 0x07, 0xFE, 0x03, 0xFF, 0x00, 0xFF, 0x80, 0x7F, 0xE0, 0x1F,
  0xF0, 0x0F, 0xFC, 0x03, 0xFE, 0x03, 0xFF, 0xFF, 0xC0, 0x07, 0xF8, 0x07,
  0x8F, 0xE1, 0x81, 0xFE, 0x00, 0x3F, 0xE0, 0x07, 0xFC, 0x00, 0xFF, 0x80,
  0x1F, 0xF0, 0x03, 0xFC, 0x00, 0x7F, 0x80, 0x0F, 0xE0, 0x1F, 0xF0, 0x00,
  0x3F, 0x00, 0x07, 0xF8, 0x00, 0xFF, 0x80, 0x1F, 0xF0, 0x03, 0xFF, 0x00,
  0x7F, 0xE0, 0x0F, 0xFC, 0x01, 0xFF, 0x80, 0x3F, 0xF8, 0x07, 0xFD, 0x80,
  0xFF, 0x98, 0x1F, 0xE1, 0xE3, 0xF0, 0x07, 0xF8, 0x00, 0x00, 0x1F, 0xE0,
  0x00, 0x3F, 0xC0, 0x00, 0xFF, 0x80, 0x03, 0xFF, 0x00, 0x07, 0xFE, 0x00,
  0x1F, 0xFC, 0x00, 0x6F, 0xF8, 0x00, 0x9F, 0xF0, 0x03, 0x3F, 0xE0, 0x0C,
  0x7F, 0xC0, 0x18, 0xFF, 0x80, 0x61, 0xFF, 0x01, 0x83, 0xFE, 0x03, 0x07,
  0xFC, 0x0C, 0x0F, 0xF8, 0x30, 0x1F, 0xF0, 0x60, 0x3F, 0xE1, 0x80, 0x7F,
  0xC2, 0x00, 0xFF, 0x87, 0xFF, 0xFF, 0xF0, 0x03, 0xFE, 0x00, 0x07, 0xFC,
  0x00, 0x0F, 0xF8, 0x00, 0x1F, 0xF0, 0x00, 0x3F, 0xE0, 0x3F, 0xFF, 0x08,
  0x00, 0x02, 0x00, 0x00, 0x80, 0x00, 0x20, 0x00, 0x08, 0x00, 0x06, 0x00,
  0x01, 0xBF, 0xC0, 0x78, 0x7C, 0x18, 0x1F, 0x80, 0x07, 0xF0, 0x01, 0xFE,
  0x00, 0x7F, 0x80, 0x1F, 0xF0, 0x07, 0xFC, 0x01, 0xFF, 0x00, 0x7F, 0xC0,
  0x1F, 0xF0, 0x07, 0xFC, 0x01, 0xFE, 0x80, 0x7F, 0xB0, 0x1F, 0xC6, 0x07,
  0xE0, 0xF1, 0xF0, 0x0F, 0xE0, 0x00, 0x00, 0xFE, 0x00, 0x3C, 0x38, 0x07,
  0x80, 0xC0, 0xF8, 0x04, 0x1F, 0x80, 0x03, 0xF8, 0x00, 0x3F, 0x80, 0x07,
  0xF8, 0x00, 0x7F, 0x80, 0x07, 0xFB, 0xF0, 0xFF, 0x91, 0xCF, 0xF8, 0x06,
  0xFF, 0x80, 0x3F, 0xF8, 0x03, 0xFF, 0x80, 0x1F, 0xF8, 0x01, 0x7F, 0x80,
  0x17, 0xF8, 0x01, 0x7F, 0x80, 0x13, 0xF8, 0x03, 0x3F, 0x80, 0x21, 0xF8,
  0x06, 0x0F, 0x81, 0xC0, 0x78, 0x70, 0x01, 0xFC, 0x00, 0x7F, 0xFF, 0xE8,
  0x0F, 0xF9, 0x03, 0xFF, 0x60, 0x7F, 0xCC, 0x0F, 0xF8, 0x03, 0xFF, 0x00,
  0x7F, 0xC0, 0x0F, 0xF8, 0x01, 0xFF, 0x00, 0x7F, 0xE0, 0x0F, 0xFC, 0x01,
  0xFF, 0x00, 0x3F, 0xE0, 0x0F, 0xFC, 0x01, 0xFF, 0x80, 0x3F, 0xF0, 0x07,
  0xFE, 0x00, 0xFF, 0x80, 0x1F, 0xF0, 0x03, 0xFE, 0x00, 0x7F, 0xC0, 0x0F,
  0xF8, 0x01, 0xFF, 0x00, 0x3F, 0xE0, 0x07, 0xFC, 0x00, 0x03, 0xFC, 0x00,
  0xF0, 0x70, 0x3E, 0x01, 0x87, 0xC0, 0x0C, 0x7E, 0x00, 0x4F, 0xE0, 0x04,
  0xFF, 0x00, 0x4F, 0xFC, 0x0C, 0xFF, 0xE3, 0x87, 0xFF, 0x80, 0x7F, 0xFE,
  0x03, 0xFF, 0xF0, 0x1F, 0xFF, 0x80, 0x7F, 0xFC, 0x73, 0xFF, 0xE4, 0x0F,
  0xFF, 0x80, 0x7F, 0xF8, 0x01, 0xFF, 0x80, 0x0F, 0xF8, 0x00, 0x7F, 0xC0,
  0x03, 0xE4, 0x00, 0x3E, 0x30, 0x07, 0xC1, 0xE1, 0xF0, 0x07, 0xFC, 0x00,
  0x03, 0xF8, 0x00, 0xE3, 0xE0, 0x30, 0x3F, 0x06, 0x03, 0xF8, 0x40, 0x3F,
  0xCC, 0x03, 0xFC, 0x80, 0x3F, 0xE8, 0x03, 0xFE, 0x80, 0x3F, 0xE8, 0x03,
  0xFE, 0x80, 0x3F, 0xE8, 0x03, 0xFF, 0xC0, 0x3F, 0xF6, 0x03, 0xFE, 0x30,
  0x3F, 0xE1, 0xFF, 0xFE, 0x00, 0x3F, 0xE0, 0x03, 0xFE, 0x00, 0x3F, 0xC0,
  0x03, 0xFC, 0x00, 0x3F, 0x86, 0x03, 0xF0, 0x30, 0x3E, 0x01, 0xC3, 0xC0,
  0x07, 0xF0, 0x00, 0x3C, 0xFE, 0xFE, 0xFF, 0xFF, 0xFE, 0x7C, 0x00, 0x00,
  0x00, 0x00, 0x3C, 0xFE, 0xFE, 0xFF, 0xFF, 0xFE, 0x7C, 0x3C, 0xFE, 0xFE,
  0xFF, 0xFF, 0xFE, 0x7C, 0x00, 0x00, 0x00, 0x00, 0x7C, 0xFE, 0xFE, 0xFF,
  0xFF, 0xFF, 0x7A, 0x06, 0x04, 0x0C, 0x18, 0x00, 0x18, 0x01, 0x80, 0x38,
  0x03, 0x00, 0x30, 0x07, 0x00, 0x60, 0x0E, 0x00, 0xC0, 0x04, 0x00, 0x30,
  0x00, 0x60, 0x01, 0x80, 0x07, 0x00, 0x0C, 0x00, 0x30, 0x00, 0xE0, 0x01,
  0x80, 0x06, 0xFF, 0xF8, 0x00, 0x00, 0x00, 0x00, 0x00, 0x00, 0x00, 0x00,
  0x00, 0x1F, 0xFF, 0xC0, 0x07, 0x00, 0x0C, 0x00, 0x38, 0x00, 0x60, 0x01,
  0xC0, 0x07, 0x00, 0x0C, 0x00, 0x38, 0x00, 0x40, 0x0E, 0x00, 0xC0, 0x0C,
  0x01, 0xC0, 0x18, 0x03, 0x80, 0x30, 0x07, 0x00, 0x30, 0x00, 0x7F, 0x1D,
  0xF2, 0x1F, 0x07, 0xF0, 0xFE, 0x3F, 0xCF, 0xF3, 0xFE, 0x7F, 0xDF, 0xF3,
  0xFE, 0x7F, 0x8F, 0xE1, 0xFC, 0x1F, 0x11, 0xFC, 0x0E, 0x00, 0x00, 0x00,
  0x0F, 0x03, 0xF0, 0xFE, 0x1F, 0xC1, 0xF8, 0x1E, 0x00, 0x00, 0x07, 0xFC,
  0x00, 0x00, 0x78, 0x1E, 0x00, 0x03, 0x80, 0x07, 0x00, 0x0C, 0x00, 0x03,
  0x00, 0x30, 0x00, 0x03, 0x00, 0xC0, 0x00, 0x03, 0x03, 0x00, 0x00, 0x03,
  0x0C, 0x00, 0x00, 0x02, 0x10, 0x0F, 0xDF, 0x84, 0x60, 0x7C, 0xFF, 0x0C,
  0x81, 0xF8, 0xFC, 0x1B, 0x07, 0xE1, 0xF8, 0x34, 0x0F, 0xC3, 0xF0, 0x68,
  0x3F, 0x87, 0xE0, 0xD0, 0x7F, 0x0F, 0xC1, 0x60, 0xFE, 0x1F, 0x82, 0xC1,
  0xFC, 0x3E, 0x05, 0x83, 0xF0, 0xFC, 0x13, 0x07, 0xE1, 0xF8, 0x22, 0x0F,
  0xC3, 0xF0, 0x84, 0x1F, 0x87, 0xE2, 0x0C, 0x1F, 0x0F, 0xC8, 0x18, 0x3E,
  0x7F, 0xE0, 0x10, 0x1F, 0x7E, 0x00, 0x30, 0x00, 0x00, 0x00, 0x30, 0x00,
  0x00, 0x00, 0x30, 0x00, 0x00, 0x00, 0x30, 0x00, 0x00, 0x00, 0x38, 0x00,
  0x80, 0x00, 0x1E, 0x0F, 0x00, 0x00, 0x0F, 0xF8, 0x00, 0x00, 0x00, 0x20,
  0x00, 0x00, 0x80, 0x00, 0x03, 0x00, 0x00, 0x1C, 0x00, 0x00, 0x78, 0x00,
  0x03, 0xE0, 0x00, 0x0F, 0xC0, 0x00, 0x3F, 0x00, 0x01, 0xFE, 0x00, 0x07,
  0xF8, 0x00, 0x3F, 0xE0, 0x00, 0xFF, 0xC0, 0x03, 0xFF, 0x00, 0x1B, 0xFE,
  0x00, 0x4F, 0xF8, 0x03, 0x1F, 0xF0, 0x08, 0x7F, 0xC0, 0x20, 0xFF, 0x81,
  0x83, 0xFE, 0x04, 0x07, 0xF8, 0x30, 0x1F, 0xF3, 0xFF, 0xFF, 0xC6, 0x00,
  0xFF, 0x98, 0x01, 0xFE, 0xC0, 0x07, 0xFF, 0x00, 0x1F, 0xF0, 0xFF, 0xFC,
  0x03, 0xFE, 0x1C, 0x0F, 0xF8, 0x18, 0x3F, 0xE0, 0x60, 0xFF, 0x80, 0x83,
  0xFE, 0x02, 0x0F, 0xF8, 0x08, 0x3F, 0xE0, 0x60, 0xFF, 0x83, 0x03, 0xFE,
  0xFC, 0x0F, 0xF8, 0x1C, 0x3F, 0xE0, 0x18, 0xFF, 0x80, 0x13, 0xFE, 0x00,
  0x6F, 0xF8, 0x00, 0xBF, 0xE0, 0x02, 0xFF, 0x80, 0x0F, 0xFE, 0x00, 0x2F,
  0xF8, 0x00, 0xBF, 0xE0, 0x06, 0xFF, 0x80, 0x1B, 0xFE, 0x00, 0xCF, 0xF8,
  0x0E, 0x3F, 0xE0, 0xF0, 0xFF, 0xFF, 0x00, 0x00, 0x3F, 0xC0, 0x07, 0xC3,
  0xC0, 0x7F, 0x01, 0xC3, 0xFC, 0x03, 0x1F, 0xF0, 0x00, 0xFF, 0xC0, 0x03,
  0xFF, 0x00, 0x1F, 0xFC, 0x00, 0x7F, 0xF0, 0x01, 0xFF, 0xC0, 0x07, 0xFF,
  0x00, 0x1F, 0xFC, 0x00, 0xFF, 0xF0, 0x01, 0xFF, 0xC0, 0x07, 0xFF, 0x00,
  0x1F, 0xFC, 0x00, 0x7F, 0xF0, 0x01, 0xFF, 0xC0, 0x03, 0xFF, 0x00, 0x0F,
  0xFC, 0x00, 0x1F, 0xF0, 0x00, 0x3F, 0xC0, 0x30, 0x7F, 0x01, 0xC0, 0x7C,
  0x3C, 0x00, 0x7F, 0x80, 0xFF, 0xFC, 0x03, 0xFE, 0x3C, 0x0F, 0xF8, 0x0C,
  0x3F, 0xE0, 0x18, 0xFF, 0x80, 0x33, 0xFE, 0x00, 0x6F, 0xF8, 0x00, 0xBF,
  0xE0, 0x03, 0xFF, 0x80, 0x0F, 0xFE, 0x00, 0x1F, 0xF8, 0x00, 0x7F, 0xE0,
  0x01, 0xFF, 0x80, 0x07, 0xFE, 0x00, 0x1F, 0xF8, 0x00, 0x7F, 0xE0, 0x01,
  0xFF, 0x80, 0x0F, 0xFE, 0x00, 0x2F, 0xF8, 0x01, 0xBF, 0xE0, 0x04, 0xFF,
  0x80, 0x23, 0xFE, 0x01, 0x0F, 0xF8, 0x18, 0x3F, 0xE3, 0x80, 0xFF, 0xF8,
  0x00, 0xFF, 0xFF, 0xFF, 0x02, 0xFF, 0x00, 0xFF, 0x00, 0xFF, 0x00, 0xFF,
  0x00, 0xFF, 0x00, 0xFF, 0xFE, 0xFF, 0x00, 0xFF, 0x00, 0xFF, 0x00, 0xFF,
  0x00, 0xFF, 0x00, 0xFF, 0x00, 0xFF, 0x00, 0xFF, 0x00, 0xFF, 0x00, 0xFF,
  0x00, 0xFF, 0x00, 0xFF, 0x00, 0xFF, 0x00, 0xFF, 0x00, 0xFF, 0x00, 0xFF,
  0x00, 0xFF, 0xFF, 0xFF, 0xFF, 0xFF, 0xC0, 0xBF, 0xE0, 0x1F, 0xF0, 0x0F,
  0xF8, 0x07, 0xFC, 0x03, 0xFE, 0x01, 0xFF, 0x00, 0xFF, 0xFE, 0x7F, 0xC0,
  0x3F, 0xE0, 0x1F, 0xF0, 0x0F, 0xF8, 0x07, 0xFC, 0x03, 0xFE, 0x01, 0xFF,
  0x00, 0xFF, 0x80, 0x7F, 0xC0, 0x3F, 0xE0, 0x1F, 0xF0, 0x0F, 0xF8, 0x07,
  0xFC, 0x03, 0xFE, 0x01, 0xFF, 0x00, 0xFF, 0x80, 0x00, 0x00, 0x3F, 0xC0,
  0x01, 0xF0, 0xF0, 0x03, 0xF0, 0x18, 0x07, 0xF0, 0x0C, 0x0F, 0xF0, 0x00,
  0x1F, 0xF0, 0x00, 0x3F, 0xF0, 0x00, 0x3F, 0xF0, 0x00, 0x7F, 0xF0, 0x00,
  0x7F, 0xF0, 0x00, 0x7F, 0xF0, 0x00, 0x7F, 0xF0, 0x00, 0xFF, 0xF0, 0x03,
  0xFF, 0xF0, 0x03, 0x7F, 0xF0, 0x03, 0x7F, 0xF0, 0x03, 0x7F, 0xF0, 0x03,
  0x7F, 0xF0, 0x03, 0x3F, 0xF0, 0x07, 0x3F, 0xF0, 0x07, 0x1F, 0xF0, 0x0F,
  0x0F, 0xF0, 0x1B, 0x07, 0xF0, 0x73, 0x03, 0xF1, 0xC3, 0x00, 0x7F, 0x03,
  0xFF, 0x80, 0x6F, 0xF8, 0x06, 0xFF, 0x80, 0x6F, 0xF8, 0x06, 0xFF, 0x80,
  0x6F, 0xF8, 0x06, 0xFF, 0x80, 0x6F, 0xFF, 0xFF, 0xFF, 0x80, 0x6F, 0xF8,
  0x06, 0xFF, 0x80, 0x6F, 0xF8, 0x06, 0xFF, 0x80, 0x6F, 0xF8, 0x06, 0xFF,
  0x80, 0x6F, 0xF8, 0x06, 0xFF, 0x80, 0x6F, 0xF8, 0x06, 0xFF, 0x80, 0x6F,
  0xF8, 0x06, 0xFF, 0x80, 0x6F, 0xF8, 0x06, 0xFF, 0x80, 0x6F, 0xF8, 0x06,
  0xFF, 0x80, 0x60, 0xFF, 0xFF, 0xFF, 0xFF, 0xFF, 0xFF, 0xFF, 0xFF, 0xFF,
  0xFF, 0xFF, 0xFF, 0xFF, 0xFF, 0xFF, 0xFF, 0xFF, 0xFF, 0xFF, 0xFF, 0xFF,
  0xFF, 0xFF, 0xFF, 0xFF, 0x00, 0xFF, 0x00, 0xFF, 0x00, 0xFF, 0x00, 0xFF,
  0x00, 0xFF, 0x00, 0xFF, 0x00, 0xFF, 0x00, 0xFF, 0x00, 0xFF, 0x00, 0xFF,
  0x00, 0xFF, 0x00, 0xFF, 0x00, 0xFF, 0x00, 0xFF, 0x00, 0xFF, 0x00, 0xFF,
  0x00, 0xFF, 0x00, 0xFF, 0x00, 0xFF, 0x00, 0xFF, 0x00, 0xFE, 0x80, 0xFE,
  0xC0, 0xFC, 0x70, 0xF8, 0x1F, 0xE0, 0xFF, 0x80, 0x67, 0xFC, 0x07, 0x3F,
  0xE0, 0x61, 0xFF, 0x06, 0x0F, 0xF8, 0x60, 0x7F, 0xCE, 0x03, 0xFE, 0xF0,
  0x1F, 0xFC, 0x80, 0xFF, 0xC6, 0x07, 0xFC, 0x10, 0x3F, 0xE0, 0xC1, 0xFF,
  0x06, 0x0F, 0xF8, 0x10, 0x7F, 0xC0, 0xC3, 0xFE, 0x02, 0x1F, 0xF0, 0x18,
  0xFF, 0x80, 0xC7, 0xFC, 0x02, 0x3F, 0xE0, 0x19, 0xFF, 0x00, 0x4F, 0xF8,
  0x03, 0x7F, 0xC0, 0x1B, 0xFE, 0x00, 0x5F, 0xF0, 0x03, 0xFF, 0x80, 0x08,
  0xFF, 0x80, 0xFF, 0x80, 0xFF, 0x80, 0xFF, 0x80, 0xFF, 0x80, 0xFF, 0x80,
  0xFF, 0x80, 0xFF, 0x80, 0xFF, 0x80, 0xFF, 0x80, 0xFF, 0x80, 0xFF, 0x80,
  0xFF, 0x80, 0xFF, 0x80, 0xFF, 0x80, 0xFF, 0x80, 0xFF, 0x80, 0xFF, 0x80,
  0xFF, 0x80, 0xFF, 0x80, 0xFF, 0x80, 0xFF, 0x80, 0xFF, 0x80, 0xFF, 0x82,
  0xFF, 0xFF, 0x00, 0x80, 0x01, 0x00, 0x00, 0x80, 0x01, 0x00, 0x00, 0xC0,
  0x03, 0x00, 0x00, 0xC0, 0x03, 0x80, 0x01, 0xE0, 0x03, 0x80, 0x01, 0xF0,
  0x07, 0x80, 0x01, 0xF0, 0x07, 0xC0, 0x03, 0xF8, 0x0F, 0xC0, 0x03, 0xF8,
  0x0F, 0xE0, 0x03, 0xFC, 0x1F, 0xE0, 0x07, 0xFC, 0x1F, 0xE0, 0x07, 0xFE,
  0x3F, 0xF0, 0x07, 0xFE, 0x3F, 0xF0, 0x0F, 0xFF, 0x7F, 0xF0, 0x0B, 0xFF,
  0x4F, 0xF8, 0x0B, 0xFF, 0xCF, 0xF8, 0x19, 0xFF, 0x8F, 0xF8, 0x11, 0xFF,
  0x87, 0xFC, 0x10, 0xFF, 0x07, 0xFC, 0x30, 0x7F, 0x07, 0xFC, 0x20, 0x7E,
  0x03, 0xFE, 0x20, 0x3E, 0x03, 0xFE, 0x60, 0x3C, 0x03, 0xFE, 0x40, 0x1C,
  0x03, 0xFF, 0xC0, 0x18, 0x01, 0xFF, 0xC0, 0x08, 0x01, 0xFF, 0x00, 0x08,
  0x00, 0x00, 0x80, 0x00, 0x0C, 0x00, 0x01, 0xE0, 0x00, 0x1F, 0x00, 0x01,
  0xFC, 0x00, 0x1F, 0xE0, 0x01, 0xFF, 0x00, 0x1F, 0xF8, 0x01, 0xFF, 0xE0,
  0x1F, 0xFF, 0x01, 0xFF, 0xF8, 0x1F, 0xFF, 0xC1, 0xFF, 0xFF, 0x1D, 0xFF,
  0xF9, 0xC7, 0xFF, 0xDC, 0x3F, 0xFF, 0xC1, 0xFF, 0xFC, 0x0F, 0xFF, 0xC0,
  0x3F, 0xFC, 0x01, 0xFF, 0xC0, 0x0F, 0xFC, 0x00, 0x7F, 0xC0, 0x01, 0xFC,
  0x00, 0x0F, 0xC0, 0x00, 0x7C, 0x00, 0x01, 0x00, 0x00, 0x10, 0x00, 0x7F,
  0x00, 0x01, 0xF0, 0xF0, 0x01, 0xF8, 0x0C, 0x03, 0xFC, 0x03, 0x03, 0xFE,
  0x00, 0xC1, 0xFF, 0x00, 0x31, 0xFF, 0x80, 0x08, 0xFF, 0xC0, 0x06, 0xFF,
  0xE0, 0x01, 0x7F, 0xF0, 0x00, 0xBF, 0xF8, 0x00, 0x7F, 0xFC, 0x00, 0x3F,
  0xFE, 0x00, 0x1F, 0xFF, 0x00, 0x0F, 0xFF, 0x80, 0x07, 0xFF, 0xC0, 0x02,
  0xFF, 0xE0, 0x01, 0x3F, 0xF0, 0x01, 0x9F, 0xF8, 0x00, 0x87, 0xFC, 0x00,
  0xC1, 0xFE, 0x00, 0xC0, 0xFF, 0x00, 0xC0, 0x1F, 0x80, 0xC0, 0x07, 0xC3,
  0x80, 0x00, 0x7F, 0x00, 0x00, 0xFF, 0xFE, 0x03, 0xFE, 0x1F, 0x0F, 0xF8,
  0x0E, 0x3F, 0xE0, 0x0C, 0xFF, 0x80, 0x1B, 0xFE, 0x00, 0x2F, 0xF8, 0x00,
  0xFF, 0xE0, 0x03, 0xFF, 0x80, 0x07, 0xFE, 0x00, 0x1F, 0xF8, 0x00, 0x7F,
  0xE0, 0x03, 0xFF, 0x80, 0x0B, 0xFE, 0x00, 0x2F, 0xF8, 0x01, 0xBF, 0xE0,
  0x0C, 0xFF, 0x80, 0x63, 0xFE, 0x03, 0x0F, 0xFB, 0xF0, 0x3F, 0xE0, 0x00,
  0xFF, 0x80, 0x03, 0xFE, 0x00, 0x0F, 0xF8, 0x00, 0x3F, 0xE0, 0x00, 0xFF,
  0x80, 0x00, 0x00, 0x7F, 0x80, 0x00, 0x7C, 0x78, 0x00, 0x7E, 0x03, 0x80,
  0x3F, 0x80, 0x30, 0x1F, 0xE0, 0x06, 0x0F, 0xF8, 0x00, 0xC3, 0xFE, 0x00,
  0x31, 0xFF, 0x80, 0x06, 0x7F, 0xE0, 0x01, 0x9F, 0xF8, 0x00, 0x27, 0xFE,
  0x00, 0x09, 0xFF, 0x80, 0x02, 0xFF, 0xE0, 0x00, 0x9F, 0xF8, 0x00, 0x27,
  0xFE, 0x00, 0x09, 0xFF, 0x80, 0x02, 0x7F, 0xE0, 0x01, 0x9F, 0xF8, 0x00,
  0x43, 0xFE, 0x00, 0x30, 0xFF, 0x87, 0x18, 0x1F, 0xE0, 0x66, 0x03, 0xF8,
  0x07, 0x00, 0x7E, 0x03, 0xC0, 0x07, 0x87, 0x98, 0x00, 0x7F, 0x83, 0x00,
  0x00, 0x00, 0x70, 0xFF, 0xFE, 0x03, 0xFE, 0x1E, 0x0F, 0xF8, 0x0E, 0x3F,
  0xE0, 0x0C, 0xFF, 0x80, 0x13, 0xFE, 0x00, 0x6F, 0xF8, 0x00, 0xBF, 0xE0,
  0x02, 0xFF, 0x80, 0x0B, 0xFE, 0x00, 0x2F, 0xF8, 0x00, 0xBF, 0xE0, 0x02,
  0xFF, 0x80, 0x13, 0xFE, 0x00, 0xCF, 0xF8, 0x06, 0x3F, 0xE0, 0x30, 0xFF,
  0xBF, 0x03, 0xFE, 0x10, 0x0F, 0xF8, 0x60, 0x3F, 0xE0, 0x80, 0xFF, 0x83,
  0x03, 0xFE, 0x0C, 0x0F, 0xF8, 0x18, 0x3F, 0xE0, 0x31, 0xFF, 0x80, 0x7C,
  0x07, 0xF0, 0x0F, 0x1E, 0x0F, 0x01, 0x8F, 0x80, 0x0F, 0xE0, 0x07, 0xF8,
  0x03, 0xFE, 0x01, 0xFF, 0x80, 0xFF, 0xE0, 0x3F, 0xF8, 0x1F, 0xFE, 0x07,
  0xFF, 0x81, 0xFF, 0xE0, 0x7F, 0xF8, 0x1F, 0xFC, 0x03, 0xFF, 0x00, 0xFF,
  0x80, 0x3F, 0xC0, 0x0F, 0xE0, 0x03, 0xE0, 0x00, 0xF4, 0x00, 0x7B, 0x80,
  0x78, 0xF0, 0x70, 0x0F, 0xE0, 0x00, 0xFF, 0xFF, 0xFC, 0x1F, 0xF0, 0x00,
  0xFF, 0x80, 0x07, 0xFC, 0x00, 0x3F, 0xE0, 0x01, 0xFF, 0x00, 0x0F, 0xF8,
  0x00, 0x7F, 0xC0, 0x03, 0xFE, 0x00, 0x1F, 0xF0, 0x00, 0xFF, 0x80, 0x07,
  0xFC, 0x00, 0x3F, 0xE0, 0x01, 0xFF, 0x00, 0x0F, 0xF8, 0x00, 0x7F, 0xC0,
  0x03, 0xFE, 0x00, 0x1F, 0xF0, 0x00, 0xFF, 0x80, 0x07, 0xFC, 0x00, 0x3F,
  0xE0, 0x01, 0xFF, 0x00, 0x0F, 0xF8, 0x00, 0x7F, 0xC0, 0x03, 0xFE, 0x00,
  0xFF, 0x80, 0x07, 0xFE, 0x00, 0x1F, 0xF8, 0x00, 0x7F, 0xE0, 0x01, 0xFF,
  0x80, 0x07, 0xFE, 0x00, 0x1F, 0xF8, 0x00, 0x7F, 0xE0, 0x01, 0xFF, 0x80,
  0x07, 0xFE, 0x00, 0x1F, 0xF8, 0x00, 0x7F, 0xE0, 0x01, 0xFF, 0x80, 0x07,
  0xFE, 0x00, 0x1F, 0xF8, 0x00, 0x5F, 0xE0, 0x01, 0x7F, 0x80, 0x0D, 0xFE,
  0x00, 0x37, 0xF8, 0x00, 0x8F, 0xE0, 0x06, 0x3F, 0x80, 0x10, 0x7E, 0x00,
  0xC0, 0xF8, 0x0E, 0x01, 0xE0, 0xE0, 0x00, 0xFE, 0x00, 0xFF, 0x80, 0x0F,
  0xFE, 0x00, 0xDF, 0xF0, 0x04, 0xFF, 0xC0, 0x63, 0xFE, 0x03, 0x1F, 0xF0,
  0x10, 0x7F, 0xC1, 0x83, 0xFE, 0x08, 0x0F, 0xF8, 0xC0, 0x7F, 0xC6, 0x03,
  0xFE, 0x20, 0x0F, 0xFB, 0x00, 0x7F, 0xD0, 0x01, 0xFF, 0x80, 0x0F, 0xFC,
  0x00, 0x3F, 0xC0, 0x01, 0xFE, 0x00, 0x0F, 0xE0, 0x00, 0x3F, 0x00, 0x01,
  0xF8, 0x00, 0x07, 0x80, 0x00, 0x3C, 0x00, 0x00, 0xC0, 0x00, 0x06, 0x00,
  0x00, 0x30, 0x00, 0x00, 0x80, 0x00, 0x00, 0x00, 0x08, 0x00, 0x7F, 0xC0,
  0x04, 0x00, 0x7F, 0xF0, 0x07, 0x00, 0x6F, 0xF8, 0x03, 0x80, 0x27, 0xFE,
  0x03, 0xE0, 0x11, 0xFF, 0x01, 0xF0, 0x18, 0xFF, 0x81, 0xF8, 0x08, 0x7F,
  0xE0, 0xFE, 0x0C, 0x1F, 0xF0, 0x7F, 0x04, 0x0F, 0xF8, 0x7F, 0xC2, 0x03,
  0xFE, 0x3F, 0xE3, 0x01, 0xFF, 0x3F, 0xF9, 0x00, 0xFF, 0x97, 0xFD, 0x80,
  0x3F, 0xFB, 0xFE, 0x80, 0x1F, 0xFC, 0xFF, 0xC0, 0x07, 0xFC, 0x7F, 0xE0,
  0x03, 0xFE, 0x1F, 0xE0, 0x01, 0xFE, 0x0F, 0xF0, 0x00, 0x7F, 0x07, 0xF0,
  0x00, 0x3F, 0x01, 0xF8, 0x00, 0x0F, 0x80, 0xFC, 0x00, 0x07, 0x80, 0x3C,
  0x00, 0x03, 0xC0, 0x1E, 0x00, 0x00, 0xC0, 0x06, 0x00, 0x00, 0x60, 0x03,
  0x00, 0x00, 0x30, 0x00, 0x80, 0x00, 0x10, 0x00, 0x40, 0x00, 0xFF, 0x80,
  0x33, 0xFE, 0x01, 0x1F, 0xF0, 0x18, 0x7F, 0xC0, 0x83, 0xFE, 0x0C, 0x1F,
  0xF8, 0xC0, 0x7F, 0xC4, 0x03, 0xFE, 0x60, 0x0F, 0xFE, 0x00, 0x7F, 0xE0,
  0x01, 0xFF, 0x00, 0x0F, 0xF8, 0x00, 0x3F, 0xE0, 0x01, 0xFF, 0x00, 0x07,
  0xFC, 0x00, 0x7F, 0xE0, 0x02, 0xFF, 0x80, 0x37, 0xFC, 0x03, 0x1F, 0xF0,
  0x10, 0xFF, 0x81, 0x87, 0xFE, 0x18, 0x1F, 0xF0, 0x80, 0xFF, 0x8C, 0x03,
  0xFE, 0xC0, 0x1F, 0xF8, 0xFF, 0xE0, 0x05, 0xFF, 0x80, 0x33, 0xFE, 0x00,
  0x8F, 0xFC, 0x06, 0x1F, 0xF0, 0x10, 0x7F, 0xE0, 0xC0, 0xFF, 0x86, 0x03,
  0xFF, 0x18, 0x07, 0xFC, 0xC0, 0x1F, 0xFA, 0x00, 0x3F, 0xF8, 0x00, 0xFF,
  0xC0, 0x01, 0xFF, 0x00, 0x03, 0xF8, 0x00, 0x0F, 0xE0, 0x00, 0x1F, 0x00,
  0x00, 0x7C, 0x00, 0x00, 0xE0, 0x00, 0x03, 0x00, 0x00, 0x0C, 0x00, 0x00,
  0x20, 0x00, 0x01, 0x80, 0x00, 0x0C, 0x00, 0x00, 0x30, 0x00, 0x01, 0x80,
  0x00, 0x7F, 0xFF, 0xD0, 0x1F, 0xE0, 0x0F, 0xF8, 0x03, 0xFC, 0x00, 0xFF,
  0x00, 0x7F, 0xC0, 0x1F, 0xE0, 0x0F, 0xF8, 0x03, 0xFE, 0x00, 0xFF, 0x00,
  0x7F, 0xC0, 0x1F, 0xF0, 0x07, 0xF8, 0x03, 0xFE, 0x00, 0xFF, 0x00, 0x7F,
  0xC0, 0x1F, 0xF0, 0x07, 0xF8, 0x03, 0xFE, 0x00, 0xFF, 0x80, 0x3F, 0xC0,
  0x1F, 0xF0, 0x07, 0xF8, 0x03, 0xFE, 0x00, 0xFF, 0xFF, 0xC0, 0xFF, 0xFF,
  0xE0, 0xFE, 0x0F, 0xE0, 0xFE, 0x0F, 0xE0, 0xFE, 0x0F, 0xE0, 0xFE, 0x0F,
  0xE0, 0xFE, 0x0F, 0xE0, 0xFE, 0x0F, 0xE0, 0xFE, 0x0F, 0xE0, 0xFE, 0x0F,
  0xE0, 0xFE, 0x0F, 0xE0, 0xFE, 0x0F, 0xE0, 0xFE, 0x0F, 0xE0, 0xFE, 0x0F,
  0xE0, 0xFE, 0x0F, 0xE0, 0xFE, 0x0F, 0xFF, 0xC0, 0x20, 0x18, 0x0C, 0x02,
  0x01, 0x00, 0xC0, 0x20, 0x10, 0x0C, 0x06, 0x01, 0x00, 0x80, 0x60, 0x10,
  0x08, 0x06, 0x03, 0x00, 0x80, 0x40, 0x30, 0x08, 0x04, 0x03, 0x00, 0x80,
  0xFF, 0xE1, 0xFC, 0x3F, 0x87, 0xF0, 0xFE, 0x1F, 0xC3, 0xF8, 0x7F, 0x0F,
  0xE1, 0xFC, 0x3F, 0x87, 0xF0, 0xFE, 0x1F, 0xC3, 0xF8, 0x7F, 0x0F, 0xE1,
  0xFC, 0x3F, 0x87, 0xF0, 0xFE, 0x1F, 0xC3, 0xF8, 0x7F, 0x0F, 0xE1, 0xFC,
  0x3F, 0x87, 0xF0, 0xFF, 0xFF, 0xC0, 0x06, 0x00, 0x38, 0x03, 0x60, 0x31,
  0x01, 0x0C, 0x18, 0x31, 0x80, 0x88, 0x06, 0xC0, 0x1C, 0x00, 0x80, 0xFF,
  0xFF, 0x80, 0xF9, 0xE3, 0x8F, 0x1C, 0x07, 0xFC, 0x01, 0xE0, 0xF8, 0x30,
  0x0F, 0xC0, 0x00, 0xFE, 0x00, 0x0F, 0xE0, 0xFE, 0xFE, 0x3E, 0x3F, 0xF7,
  0xE0, 0xFF, 0xFE, 0x0F, 0xFF, 0xE0, 0xFF, 0xFE, 0x0F, 0xFF, 0xE0, 0xFF,
  0xFE, 0x0F, 0xFF, 0xE0, 0xFF, 0xFE, 0x0F, 0xFF, 0xE0, 0xFF, 0x7E, 0x0F,
  0xF3, 0xE3, 0xFF, 0x0F, 0xCF, 0xF0, 0xFE, 0x00, 0x07, 0xF0, 0x00, 0x3F,
  0x80, 0x01, 0xFC, 0x00, 0x0F, 0xE0, 0x00, 0x7F, 0x00, 0x03, 0xF9, 0xF8,
  0x1F, 0xF8, 0xF0, 0xFE, 0x07, 0xE7, 0xF0, 0x3F, 0xBF, 0x81, 0xFD, 0xFC,
  0x0F, 0xFF, 0xE0, 0x7F, 0xFF, 0x03, 0xFF, 0xF8, 0x1F, 0xFF, 0xC0, 0xFF,
  0xFE, 0x07, 0xFF, 0xF0, 0x3F, 0xFF, 0x81, 0xFF, 0xFC, 0x0F, 0xFF, 0xE0,
  0x7F, 0x7F, 0x03, 0xF3, 0xF8, 0x1F, 0x9F, 0xF8, 0xF0, 0xFE, 0xFE, 0x00,
  0x01, 0xFC, 0x03, 0xC7, 0x87, 0xE0, 0x67, 0xF0, 0x03, 0xF8, 0x03, 0xFC,
  0x01, 0xFE, 0x00, 0xFF, 0x00, 0xFF, 0x80, 0x7F, 0xC0, 0x3F, 0xE0, 0x0F,
  0xF0, 0x07, 0xF8, 0x03, 0xFC, 0x00, 0xFE, 0x00, 0x7F, 0x01, 0x1F, 0x81,
  0x83, 0xC7, 0x80, 0x7F, 0x00, 0x00, 0x01, 0xFC, 0x00, 0x07, 0xF0, 0x00,
  0x1F, 0xC0, 0x00, 0x7F, 0x00, 0x01, 0xFC, 0x00, 0x07, 0xF0, 0x1F, 0xDF,
  0xC1, 0xE3, 0xFF, 0x1F, 0x83, 0xFC, 0xFE, 0x07, 0xF3, 0xF8, 0x1F, 0xDF,
  0xE0, 0x7F, 0x7F, 0x81, 0xFD, 0xFE, 0x07, 0xFF, 0xF8, 0x1F, 0xFF, 0xE0,
  0x7F, 0xFF, 0x81, 0xFD, 0xFE, 0x07, 0xF7, 0xF8, 0x1F, 0xDF, 0xE0, 0x7F,
  0x3F, 0x81, 0xFC, 0xFE, 0x07, 0xF1, 0xF8, 0x3F, 0xC1, 0xE3, 0xFF, 0x01,
  0xF9, 0xFC, 0x01, 0xFC, 0x00, 0x78, 0x70, 0x1F, 0x87, 0x83, 0xF8, 0x7C,
  0x3F, 0x87, 0xE7, 0xF8, 0x7E, 0x7F, 0x87, 0xF7, 0xF8, 0x7F, 0xFF, 0x87,
  0xFF, 0xFF, 0xFF, 0xFF, 0x80, 0x07, 0xF8, 0x00, 0x7F, 0x80, 0x07, 0xF8,
  0x00, 0x3F, 0x80, 0x03, 0xF8, 0x04, 0x1F, 0x81, 0xC0, 0x78, 0x70, 0x01,
  0xFC, 0x00, 0x00, 0xFE, 0x03, 0xC7, 0x07, 0xC1, 0x0F, 0xC0, 0x1F, 0xC0,
  0x1F, 0xC0, 0xFF, 0xFE, 0x1F, 0xC0, 0x1F, 0xC0, 0x1F, 0xC0, 0x1F, 0xC0,
  0x1F, 0xC0, 0x1F, 0xC0, 0x1F, 0xC0, 0x1F, 0xC0, 0x1F, 0xC0, 0x1F, 0xC0,
  0x1F, 0xC0, 0x1F, 0xC0, 0x1F, 0xC0, 0x1F, 0xC0, 0x1F, 0xC0, 0x1F, 0xC0,
  0x1F, 0xC0, 0x1F, 0xC0, 0x00, 0x03, 0x80, 0x01, 0x30, 0x7F, 0x80, 0xFC,
  0xF0, 0x7F, 0x06, 0x1F, 0xC0, 0xCF, 0xF0, 0x13, 0xFC, 0x06, 0xFF, 0x01,
  0xBF, 0xC0, 0x6F, 0xF0, 0x13, 0xFC, 0x0C, 0x7F, 0x06, 0x0F, 0xC7, 0x03,
  0xFF, 0x01, 0x80, 0x00, 0xF0, 0x00, 0x3F, 0xFF, 0x0F, 0xFF, 0xF3, 0xFF,
  0xFE, 0xFF, 0xFF, 0x9F, 0xFF, 0xE1, 0xFF, 0xF8, 0x00, 0x3E, 0xC0, 0x07,
  0x1E, 0x07, 0x81, 0xFF, 0x80, 0xFE, 0x00, 0x0F, 0xE0, 0x00, 0xFE, 0x00,
  0x0F, 0xE0, 0x00, 0xFE, 0x00, 0x0F, 0xE0, 0x00, 0xFE, 0x1F, 0x8F, 0xE6,
  0xFC, 0xFE, 0x87, 0xEF, 0xF0, 0x7F, 0xFF, 0x07, 0xFF, 0xE0, 0x7F, 0xFE,
  0x07, 0xFF, 0xE0, 0x7F, 0xFE, 0x07, 0xFF, 0xE0, 0x7F, 0xFE, 0x07, 0xFF,
  0xE0, 0x7F, 0xFE, 0x07, 0xFF, 0xE0, 0x7F, 0xFE, 0x07, 0xFF, 0xE0, 0x7F,
  0xFE, 0x07, 0xFF, 0xE0, 0x7F, 0xFE, 0x07, 0xF0, 0x7C, 0xFE, 0xFF, 0xFF,
  0xFE, 0x7C, 0x00, 0x00, 0x00, 0xFE, 0xFE, 0xFE, 0xFE, 0xFE, 0xFE, 0xFE,
  0xFE, 0xFE, 0xFE, 0xFE, 0xFE, 0xFE, 0xFE, 0xFE, 0xFE, 0xFE, 0xFE, 0xFE,
  0x01, 0xF0, 0x1F, 0xC0, 0xFE, 0x07, 0xF0, 0x3F, 0x80, 0xF8, 0x00, 0x00,
  0x00, 0x00, 0x00, 0x1F, 0xC0, 0xFE, 0x07, 0xF0, 0x3F, 0x81, 0xFC, 0x0F,
  0xE0, 0x7F, 0x03, 0xF8, 0x1F, 0xC0, 0xFE, 0x07, 0xF0, 0x3F, 0x81, 0xFC,
  0x0F, 0xE0, 0x7F, 0x03, 0xF8, 0x1F, 0xC0, 0xFE, 0x07, 0xF0, 0x3F, 0x81,
  0xF8, 0x0F, 0xC8, 0x7C, 0xE3, 0xC1, 0xF8, 0x00, 0xFE, 0x00, 0x1F, 0xC0,
  0x03, 0xF8, 0x00, 0x7F, 0x00, 0x0F, 0xE0, 0x01, 0xFC, 0x00, 0x3F, 0x80,
  0x37, 0xF0, 0x0E, 0xFE, 0x03, 0x1F, 0xC0, 0xC3, 0xF8, 0x70, 0x7F, 0x1C,
  0x0F, 0xE7, 0xC1, 0xFF, 0xF8, 0x3F, 0xFF, 0x87, 0xFF, 0xF0, 0xFE, 0xFE,
  0x1F, 0xDF, 0xE3, 0xF9, 0xFC, 0x7F, 0x3F, 0xCF, 0xE3, 0xF9, 0xFC, 0x7F,
  0xBF, 0x87, 0xF7, 0xF0, 0xFF, 0xFE, 0x1F, 0xE0, 0xFF, 0xFF, 0xFF, 0xFF,
  0xFF, 0xFF, 0xFF, 0xFF, 0xFF, 0xFF, 0xFF, 0xFF, 0xFF, 0xFF, 0xFF, 0xFF,
  0xFF, 0xFF, 0xFF, 0xFF, 0xFF, 0xFE, 0xFE, 0x1F, 0x80, 0xF8, 0xFE, 0x7F,
  0xC3, 0xFE, 0xFE, 0xCF, 0xEC, 0x7F, 0xFF, 0x8F, 0xF8, 0x7F, 0xFF, 0x0F,
  0xF0, 0x7F, 0xFE, 0x0F, 0xF0, 0x7F, 0xFE, 0x0F, 0xF0, 0x7F, 0xFE, 0x0F,
  0xF0, 0x7F, 0xFE, 0x0F, 0xF0, 0x7F, 0xFE, 0x0F, 0xF0, 0x7F, 0xFE, 0x0F,
  0xF0, 0x7F, 0xFE, 0x0F, 0xF0, 0x7F, 0xFE, 0x0F, 0xF0, 0x7F, 0xFE, 0x0F,
  0xF0, 0x7F, 0xFE, 0x0F, 0xF0, 0x7F, 0xFE, 0x0F, 0xF0, 0x7F, 0xFE, 0x0F,
  0xF0, 0x7F, 0xFE, 0x0F, 0xF0, 0x7F, 0xFE, 0x0F, 0xF0, 0x7F, 0xFE, 0x1F,
  0x8F, 0xE7, 0xFC, 0xFE, 0xC7, 0xEF, 0xF8, 0x7F, 0xFF, 0x07, 0xFF, 0xE0,
  0x7F, 0xFE, 0x07, 0xFF, 0xE0, 0x7F, 0xFE, 0x07, 0xFF, 0xE0, 0x7F, 0xFE,
  0x07, 0xFF, 0xE0, 0x7F, 0xFE, 0x07, 0xFF, 0xE0, 0x7F, 0xFE, 0x07, 0xFF,
  0xE0, 0x7F, 0xFE, 0x07, 0xFF, 0xE0, 0x7F, 0xFE, 0x07, 0xF0, 0x01, 0xFC,
  0x00, 0x7C, 0xF0, 0x1F, 0xC1, 0x83, 0xFC, 0x0C, 0x3F, 0xC0, 0x67, 0xFC,
  0x02, 0x7F, 0xC0, 0x27, 0xFC, 0x03, 0xFF, 0xC0, 0x3F, 0xFC, 0x03, 0xFF,
  0xC0, 0x37, 0xFC, 0x03, 0x7F, 0xC0, 0x27, 0xFC, 0x02, 0x3F, 0xC0, 0x43,
  0xFC, 0x0C, 0x1F, 0xC1, 0x80, 0x7C, 0xF0, 0x01, 0xF8, 0x00, 0xFE, 0x7E,
  0x07, 0xFE, 0x3C, 0x3F, 0x81, 0xF9, 0xFC, 0x0F, 0xEF, 0xE0, 0x7F, 0x7F,
  0x03, 0xFF, 0xF8, 0x1F, 0xFF, 0xC0, 0xFF, 0xFE, 0x07, 0xFF, 0xF0, 0x3F,
  0xFF, 0x81, 0xFF, 0xFC, 0x0F, 0xFF, 0xE0, 0x7F, 0xFF, 0x03, 0xFF, 0xF8,
  0x1F, 0xDF, 0xC0, 0xFC, 0xFE, 0x07, 0xE7, 0xFE, 0x3C, 0x3F, 0xBF, 0x81,
  0xFC, 0x00, 0x0F, 0xE0, 0x00, 0x7F, 0x00, 0x03, 0xF8, 0x00, 0x1F, 0xC0,
  0x00, 0xFE, 0x00, 0x00, 0x01, 0xFD, 0xFC, 0x1E, 0x3F, 0xF1, 0xF8, 0x3F,
  0xCF, 0xE0, 0x7F, 0x3F, 0x81, 0xFD, 0xFE, 0x07, 0xF7, 0xF8, 0x1F, 0xDF,
  0xE0, 0x7F, 0xFF, 0x81, 0xFF, 0xFE, 0x07, 0xFF, 0xF8, 0x1F, 0xDF, 0xE0,
  0x7F, 0x7F, 0x81, 0xFD, 0xFE, 0x07, 0xF3, 0xF8, 0x1F, 0xCF, 0xE0, 0x7F,
  0x1F, 0x81, 0xFC, 0x1E, 0x3F, 0xF0, 0x1F, 0x9F, 0xC0, 0x00, 0x7F, 0x00,
  0x01, 0xFC, 0x00, 0x07, 0xF0, 0x00, 0x1F, 0xC0, 0x00, 0x7F, 0x00, 0x01,
  0xFC, 0xFE, 0x1F, 0xF8, 0xFF, 0xE7, 0xFF, 0xB0, 0xFE, 0x83, 0xFE, 0x0F,
  0xF0, 0x3F, 0xC0, 0xFF, 0x03, 0xF8, 0x0F, 0xE0, 0x3F, 0x80, 0xFE, 0x03,
  0xF8, 0x0F, 0xE0, 0x3F, 0x80, 0xFE, 0x03, 0xF8, 0x0F, 0xE0, 0x00, 0x0F,
  0xE0, 0xF1, 0xE7, 0xC0, 0xBF, 0x00, 0xFE, 0x03, 0xFE, 0x0F, 0xFC, 0x3F,
  0xF8, 0x7F, 0xF0, 0xFF, 0xE1, 0xFF, 0xC3, 0xFF, 0x07, 0xFC, 0x0F, 0xF0,
  0x0F, 0xC0, 0x1F, 0xC0, 0x7B, 0xC3, 0xC3, 0xFC, 0x00, 0x00, 0x60, 0x00,
  0xF0, 0x01, 0xF8, 0x03, 0xFC, 0x01, 0xFE, 0x00, 0xFF, 0x03, 0xFF, 0xFC,
  0x3F, 0xC0, 0x1F, 0xE0, 0x0F, 0xF0, 0x07, 0xF8, 0x03, 0xFC, 0x01, 0xFE,
  0x00, 0xFF, 0x00, 0x7F, 0x80, 0x3F, 0xC0, 0x1F, 0xE0, 0x0F, 0xF0, 0x07,
  0xF8, 0x03, 0xFC, 0x01, 0xFE, 0x18, 0x7F, 0x08, 0x3F, 0x8C, 0x0F, 0xDC,
  0x01, 0xF8, 0x00, 0xFE, 0x07, 0xFF, 0xE0, 0x7F, 0xFE, 0x07, 0xFF, 0xE0,
  0x7F, 0xFE, 0x07, 0xFF, 0xE0, 0x7F, 0xFE, 0x07, 0xFF, 0xE0, 0x7F, 0xFE,
  0x07, 0xFF, 0xE0, 0x7F, 0xFE, 0x07, 0xFF, 0xE0, 0x7F, 0xFE, 0x07, 0xFF,
  0xE0, 0x7F, 0xFE, 0x0F, 0xFF, 0xE1, 0xFF, 0x7E, 0x37, 0xF7, 0xFE, 0x7F,
  0x1F, 0x87, 0xF0, 0xFF, 0x00, 0x5F, 0xE0, 0x37, 0xF8, 0x0C, 0xFE, 0x02,
  0x3F, 0xC1, 0x87, 0xF0, 0x41, 0xFE, 0x30, 0x3F, 0x88, 0x0F, 0xF6, 0x01,
  0xFD, 0x00, 0x7F, 0xC0, 0x0F, 0xE0, 0x03, 0xF8, 0x00, 0x7C, 0x00, 0x1F,
  0x00, 0x03, 0x80, 0x00, 0xE0, 0x00, 0x10, 0x00, 0x04, 0x00, 0xFF, 0x00,
  0x40, 0x37, 0xF8, 0x0C, 0x03, 0x7F, 0x80, 0xE0, 0x23, 0xF8, 0x1E, 0x06,
  0x3F, 0xC1, 0xF0, 0x61, 0xFC, 0x3F, 0x84, 0x1F, 0xE3, 0xF8, 0xC1, 0xFE,
  0x7F, 0xC8, 0x0F, 0xF7, 0xFD, 0x80, 0xFF, 0xDF, 0xF0, 0x07, 0xF9, 0xFF,
  0x00, 0x7F, 0x8F, 0xE0, 0x03, 0xF0, 0xFE, 0x00, 0x3F, 0x07, 0xE0, 0x01,
  0xE0, 0x7C, 0x00, 0x1E, 0x03, 0xC0, 0x01, 0xC0, 0x38, 0x00, 0x0C, 0x01,
  0x80, 0x00, 0x80, 0x10, 0x00, 0xFF, 0x00, 0x8F, 0xF0, 0x30, 0xFE, 0x04,
  0x1F, 0xE1, 0x81, 0xFE, 0x60, 0x3F, 0xD8, 0x03, 0xFE, 0x00, 0x7F, 0x80,
  0x07, 0xF8, 0x00, 0x7F, 0x00, 0x0F, 0xF0, 0x01, 0xFF, 0x00, 0x7F, 0xE0,
  0x19, 0xFE, 0x02, 0x1F, 0xC0, 0xC3, 0xFC, 0x30, 0x3F, 0x8C, 0x07, 0xFB,
  0x00, 0x7F, 0x80, 0xFF, 0x00, 0x5F, 0xE0, 0x37, 0xF8, 0x0C, 0xFE, 0x02,
  0x3F, 0xC1, 0x87, 0xF0, 0x61, 0xFE, 0x30, 0x3F, 0x8C, 0x0F, 0xF2, 0x01,
  0xFD, 0x80, 0x7F, 0xC0, 0x0F, 0xF0, 0x03, 0xFC, 0x00, 0x7E, 0x00, 0x1F,
  0x80, 0x03, 0xC0, 0x00, 0xF0, 0x00, 0x18, 0x00, 0x06, 0x00, 0x01, 0x80,
  0x00, 0x40, 0x00, 0x30, 0x00, 0x18, 0x00, 0x0E, 0x00, 0x07, 0x00, 0x00,
  0x7F, 0xFF, 0xA0, 0x1F, 0xC0, 0x1F, 0xC0, 0x0F, 0xE0, 0x0F, 0xE0, 0x0F,
  0xF0, 0x07, 0xF0, 0x07, 0xF8, 0x03, 0xF8, 0x03, 0xF8, 0x01, 0xFC, 0x01,
  0xFC, 0x01, 0xFE, 0x00, 0xFE, 0x00, 0xFF, 0x00, 0x7F, 0x00, 0x7F, 0x80,
  0x3F, 0x80, 0x3F, 0xFF, 0xE0, 0x00, 0x78, 0x0E, 0x00, 0xE0, 0x0F, 0x00,
  0xF8, 0x07, 0xC0, 0x7E, 0x03, 0xF0, 0x1F, 0x80, 0xFC, 0x0F, 0xE0, 0x7F,
  0x03, 0xF8, 0x1F, 0x81, 0xF8, 0x1F, 0x00, 0x3E, 0x01, 0xF8, 0x0F, 0xE0,
  0x7F, 0x01, 0xF8, 0x0F, 0xC0, 0x7E, 0x03, 0xF0, 0x0F, 0x80, 0x7C, 0x01,
  0xE0, 0x0F, 0x00, 0x38, 0x00, 0xE0, 0x01, 0xE0, 0xFF, 0xFF, 0xFF, 0xFF,
  0xFF, 0xFF, 0xFF, 0xFC, 0xF0, 0x00, 0xC0, 0x07, 0x80, 0x3C, 0x01, 0xF0,
  0x0F, 0xC0, 0x7E, 0x03, 0xF0, 0x1F, 0xC0, 0xFE, 0x07, 0xF0, 0x3F, 0x80,
  0xFC, 0x07, 0xE0, 0x0F, 0xC0, 0x3F, 0x07, 0xE0, 0x7E, 0x03, 0xF0, 0x3F,
  0x81, 0xFC, 0x0F, 0xE0, 0x7F, 0x03, 0xF0, 0x1F, 0x80, 0xF8, 0x07, 0xC0,
  0x3C, 0x01, 0xC0, 0x0C, 0x03, 0xC0, 0x00, 0x00, 0x00, 0x07, 0x00, 0x03,
  0xF0, 0x01, 0x86, 0x03, 0xC0, 0xE0, 0xA0, 0x0C, 0x60, 0x01, 0xF0, 0x00,
  0x00 };

const GFXglyph Limelight_Regular18pt7bGlyphs[] PROGMEM = {
  {     0,   1,   1,   8,    0,    0 },   // 0x20 ' '
  {     1,  10,  25,  14,    2,  -24 },   // 0x21 '!'
  {    33,  13,  11,  15,    1,  -24 },   // 0x22 '"'
  {    51,  14,  25,  16,    1,  -24 },   // 0x23 '#'
  {    95,  16,  31,  20,    2,  -27 },   // 0x24 '$'
  {   157,  23,  25,  27,    2,  -24 },   // 0x25 '%'
  {   229,  21,  25,  24,    2,  -24 },   // 0x26 '&'
  {   295,   6,  11,   7,    1,  -24 },   // 0x27 '''
  {   304,  13,  31,  16,    2,  -27 },   // 0x28 '('
  {   355,  12,  31,  16,    2,  -27 },   // 0x29 ')'
  {   402,  11,  11,  13,    1,  -25 },   // 0x2A '*'
  {   418,  13,  14,  17,    2,  -16 },   // 0x2B '+'
  {   441,   8,  11,  12,    2,   -6 },   // 0x2C ','
  {   452,   9,   1,  13,    2,  -11 },   // 0x2D '-'
  {   454,   8,   7,  12,    2,   -6 },   // 0x2E '.'
  {   461,   9,  25,  12,    1,  -24 },   // 0x2F '/'
  {   490,  21,  25,  23,    1,  -24 },   // 0x30 '0'
  {   556,  14,  25,  17,    0,  -24 },   // 0x31 '1'
  {   600,  18,  25,  21,    1,  -24 },   // 0x32 '2'
  {   657,  19,  25,  22,    1,  -24 },   // 0x33 '3'
  {   717,  23,  25,  25,    1,  -24 },   // 0x34 '4'
  {   789,  18,  25,  22,    2,  -24 },   // 0x35 '5'
  {   846,  20,  25,  24,    2,  -24 },   // 0x36 '6'
  {   909,  19,  25,  21,    1,  -24 },   // 0x37 '7'
  {   969,  20,  25,  23,    2,  -24 },   // 0x38 '8'
  {  1032,  20,  25,  23,    2,  -24 },   // 0x39 '9'
  {  1095,   8,  18,  12,    2,  -17 },   // 0x3A ':'
  {  1113,   8,  22,  12,    2,  -17 },   // 0x3B ';'
  {  1135,  13,  19,  16,    1,  -18 },   // 0x3C '<'
  {  1166,  13,   8,  17,    2,  -13 },   // 0x3D '='
  {  1179,  13,  19,  16,    2,  -18 },   // 0x3E '>'
  {  1210,  11,  25,  16,    3,  -24 },   // 0x3F '?'
  {  1245,  31,  31,  33,    1,  -24 },   // 0x40 '@'
  {  1366,  22,  26,  23,    0,  -25 },   // 0x41 'A'
  {  1438,  22,  25,  26,    3,  -24 },   // 0x42 'B'
  {  1507,  22,  25,  25,    1,  -24 },   // 0x43 'C'
  {  1576,  22,  25,  27,    3,  -24 },   // 0x44 'D'
  {  1645,  16,  25,  20,    3,  -24 },   // 0x45 'E'
  {  1695,  17,  25,  20,    3,  -24 },   // 0x46 'F'
  {  1749,  24,  25,  28,    1,  -24 },   // 0x47 'G'
  {  1824,  20,  25,  25,    3,  -24 },   // 0x48 'H'
  {  1887,   8,  25,  14,    3,  -24 },   // 0x49 'I'
  {  1912,  16,  25,  19,    0,  -24 },   // 0x4A 'J'
  {  1962,  21,  25,  25,    3,  -24 },   // 0x4B 'K'
  {  2028,  16,  25,  19,    3,  -24 },   // 0x4C 'L'
  {  2078,  32,  27,  33,    0,  -25 },   // 0x4D 'M'
  {  2186,  20,  27,  26,    3,  -25 },   // 0x4E 'N'
  {  2254,  25,  25,  29,    2,  -24 },   // 0x4F 'O'
  {  2333,  22,  25,  26,    3,  -24 },   // 0x50 'P'
  {  2402,  26,  26,  28,    1,  -24 },   // 0x51 'Q'
  {  2487,  22,  25,  26,    3,  -24 },   // 0x52 'R'
  {  2556,  17,  25,  20,    2,  -24 },   // 0x53 'S'
  {  2610,  21,  25,  21,    0,  -24 },   // 0x54 'T'
  {  2676,  22,  25,  27,    2,  -24 },   // 0x55 'U'
  {  2745,  21,  26,  22,    0,  -24 },   // 0x56 'V'
  {  2814,  33,  27,  34,    0,  -25 },   // 0x57 'W'
  {  2926,  21,  25,  23,    1,  -24 },   // 0x58 'X'
  {  2992,  22,  25,  23,    0,  -24 },   // 0x59 'Y'
  {  3061,  18,  25,  20,    1,  -24 },   // 0x5A 'Z'
  {  3118,  12,  30,  16,    2,  -26 },   // 0x5B '['
  {  3163,   9,  25,  11,    1,  -24 },   // 0x5C '\'
  {  3192,  11,  30,  16,    2,  -26 },   // 0x5D ']'
  {  3234,  13,  10,  16,    2,  -24 },   // 0x5E '^'
  {  3251,  17,   1,  15,   -1,    3 },   // 0x5F '_'
  {  3254,   6,   5,  10,    2,  -25 },   // 0x60 '`'
  {  3258,  20,  19,  24,    2,  -18 },   // 0x61 'a'
  {  3306,  21,  25,  26,    3,  -24 },   // 0x62 'b'
  {  3372,  17,  19,  19,    1,  -18 },   // 0x63 'c'
  {  3413,  22,  25,  26,    1,  -24 },   // 0x64 'd'
  {  3482,  20,  19,  22,    1,  -18 },   // 0x65 'e'
  {  3530,  16,  25,  14,    0,  -24 },   // 0x66 'f'
  {  3580,  18,  27,  20,    2,  -20 },   // 0x67 'g'
  {  3641,  20,  25,  26,    3,  -24 },   // 0x68 'h'
  {  3704,   8,  28,  13,    3,  -27 },   // 0x69 'i'
  {  3732,  13,  34,  14,   -2,  -27 },   // 0x6A 'j'
  {  3788,  19,  25,  22,    3,  -24 },   // 0x6B 'k'
  {  3848,   7,  25,  13,    3,  -24 },   // 0x6C 'l'
  {  3870,  32,  19,  38,    3,  -18 },   // 0x6D 'm'
  {  3946,  20,  19,  26,    3,  -18 },   // 0x6E 'n'
  {  3994,  20,  19,  22,    1,  -18 },   // 0x6F 'o'
  {  4042,  21,  25,  26,    3,  -18 },   // 0x70 'p'
  {  4108,  22,  25,  26,    1,  -18 },   // 0x71 'q'
  {  4177,  14,  19,  16,    3,  -18 },   // 0x72 'r'
  {  4211,  14,  19,  17,    2,  -18 },   // 0x73 's'
  {  4245,  17,  25,  16,    0,  -24 },   // 0x74 't'
  {  4299,  20,  19,  26,    3,  -18 },   // 0x75 'u'
  {  4347,  18,  19,  18,    0,  -18 },   // 0x76 'v'
  {  4390,  28,  19,  28,    0,  -18 },   // 0x77 'w'
  {  4457,  19,  19,  19,    0,  -18 },   // 0x78 'x'
  {  4503,  18,  25,  18,    0,  -18 },   // 0x79 'y'
  {  4560,  17,  19,  19,    1,  -18 },   // 0x7A 'z'
  {  4601,  13,  31,  16,    1,  -27 },   // 0x7B '{'
  {  4652,   2,  31,   8,    3,  -24 },   // 0x7C '|'
  {  4660,  13,  31,  16,    2,  -27 },   // 0x7D '}'
  {  4711,  18,   8,  20,    1,  -15 } }; // 0x7E '~'

const GFXfont Limelight_Regular18pt7b PROGMEM = {
  (uint8_t  *)Limelight_Regular18pt7bBitmaps,
  (GFXglyph *)Limelight_Regular18pt7bGlyphs,
  0x20, 0x7E, 43 };

// Approx. 5401 bytes
const uint8_t BebasNeue_Regular8pt7bBitmaps[] PROGMEM = {
  0x00, 0xFF, 0xFA, 0x3C, 0xBB, 0xBA, 0x2C, 0xB7, 0xDF, 0x69, 0xAF, 0xFF,
  0x49, 0x65, 0x80, 0x67, 0xA7, 0x0C, 0x30, 0xD3, 0x9F, 0xDC, 0xC0, 0xE4,
  0xE4, 0xA8, 0xA8, 0xA8, 0xF6, 0x5F, 0x2D, 0x2D, 0x2F, 0x46, 0xF7, 0xA1,
  0x3F, 0xFE, 0x73, 0x9F, 0xFE, 0xF0, 0x3F, 0x6D, 0xB6, 0xDB, 0x7E, 0x99,
  0xB6, 0xDB, 0x6D, 0xEC, 0x11, 0x2B, 0xF9, 0x86, 0xC5, 0x00, 0x13, 0xFF,
  0xC4, 0x10, 0xF0, 0xFF, 0xC0, 0x0C, 0x20, 0x86, 0x10, 0xC2, 0x08, 0x61,
  0x0C, 0x00, 0xF7, 0xE7, 0x39, 0xCE, 0x73, 0x9F, 0xFC, 0x3F, 0xF3, 0x33,
  0x33, 0x33, 0x30, 0x77, 0xE7, 0x31, 0x19, 0x98, 0x87, 0xFE, 0xF7, 0xE6,
  0x37, 0x38, 0x73, 0x9F, 0xFC, 0x18, 0x63, 0x8A, 0x29, 0xA4, 0xBF, 0xFC,
  0x20, 0x80, 0xFF, 0xE1, 0x4F, 0xCC, 0x73, 0x9F, 0xFC, 0xF7, 0xE7, 0x0B,
  0x7E, 0x73, 0x9F, 0xFC, 0xFF, 0xC6, 0x23, 0x18, 0x8C, 0x63, 0x30, 0x79,
  0xF4, 0xD3, 0x7D, 0xE4, 0xF3, 0xCD, 0xF7, 0x80, 0x79, 0xFC, 0xF3, 0xCD,
  0xF7, 0xC3, 0x4D, 0xF7, 0x80, 0xC3, 0xC3, 0xC0, 0x1F, 0x20, 0xE1, 0x80,
  0xFF, 0xFF, 0xF0, 0xC3, 0x86, 0xE8, 0x00, 0x7F, 0xF3, 0x91, 0x88, 0xC4,
  0x01, 0x08, 0x06, 0x03, 0xF0, 0xC3, 0x32, 0xB4, 0xF6, 0xB2, 0xF6, 0xDE,
  0xDA, 0xDB, 0x4B, 0xF1, 0x80, 0x1F, 0xC1, 0xF0, 0x30, 0xE3, 0x9E, 0x79,
  0xA6, 0x93, 0x7F, 0x3C, 0xC0, 0xF7, 0xE7, 0x3F, 0xFA, 0x73, 0x9F, 0xFC,
  0xF7, 0xE7, 0x38, 0x42, 0x13, 0x9F, 0xFC, 0xF7, 0xE7, 0x39, 0xCE, 0x73,
  0x9F, 0xFC, 0xFF, 0x88, 0xFF, 0x88, 0x8F, 0xF0, 0xFF, 0x88, 0xFF, 0x88,
  0x88, 0x80, 0xF7, 0xE7, 0x38, 0x5E, 0xF3, 0x9F, 0xFC, 0x9C, 0xE7, 0x3F,
  0xFE, 0x73, 0x9C, 0xE6, 0xFF, 0xE0, 0x33, 0x33, 0x33, 0x33, 0x3E, 0xE0,
  0x9C, 0xED, 0x6A, 0x7B, 0xD2, 0x9C, 0xE6, 0x88, 0x88, 0x88, 0x88, 0x8F,
  0xF0, 0xCF, 0x9F, 0xBF, 0x7E, 0xF5, 0xEB, 0xDF, 0xB7, 0x6E, 0xD8, 0xCE,
  0x7B, 0xDA, 0xD6, 0xF7, 0x9C, 0xE6, 0xF7, 0xE7, 0x39, 0xCE, 0x73, 0x9F,
  0xFC, 0xF7, 0xE7, 0x39, 0xFB, 0x90, 0x84, 0x20, 0xF7, 0xE7, 0x39, 0xCE,
  0x73, 0x9F, 0xFE, 0x10, 0xF7, 0xE7, 0x39, 0xFB, 0xF3, 0x9C, 0xE6, 0x79,
  0xEC, 0xF0, 0x60, 0xC1, 0x83, 0xCD, 0xE7, 0x80, 0xFF, 0xF3, 0x0C, 0x30,
  0xC3, 0x0C, 0x30, 0xC3, 0x00, 0x9C, 0xE7, 0x39, 0xCE, 0x73, 0x9F, 0xFC,
  0xCF, 0x34, 0xD2, 0x69, 0xA7, 0x9E, 0x38, 0xC3, 0x00, 0xCD, 0xEE, 0xF7,
  0x4B, 0xA5, 0x52, 0xA9, 0xD4, 0xEE, 0x77, 0x3B, 0x9D, 0xC0, 0xCD, 0xB6,
  0x8E, 0x38, 0xC3, 0x9E, 0x69, 0x3C, 0xC0, 0xCD, 0x36, 0x9E, 0x38, 0xC3,
  0x0C, 0x30, 0xC3, 0x00, 0xFF, 0xC6, 0x33, 0x18, 0x8C, 0x67, 0xFE, 0xFF,
  0x6D, 0xB6, 0xDB, 0x7E, 0xC1, 0x06, 0x08, 0x20, 0xC1, 0x06, 0x08, 0x20,
  0xC0, 0xF5, 0x55, 0x57, 0xC0, 0x30, 0xE6, 0xB3, 0xFF, 0xC0, 0xCC, 0x30,
  0xE3, 0x9E, 0x79, 0xA6, 0x93, 0x7F, 0x3C, 0xC0, 0xF7, 0xE7, 0x3F, 0xFA,
  0x73, 0x9F, 0xFC, 0xF7, 0xE7, 0x38, 0x42, 0x13, 0x9F, 0xFC, 0xF7, 0xE7,
  0x39, 0xCE, 0x73, 0x9F, 0xFC, 0xFF, 0x88, 0xFF, 0x88, 0x8F, 0xF0, 0xFF,
  0x88, 0xFF, 0x88, 0x88, 0x80, 0xF7, 0xE7, 0x38, 0x5E, 0xF3, 0x9F, 0xFC,
  0x9C, 0xE7, 0x3F, 0xFE, 0x73, 0x9C, 0xE6, 0xFF, 0xE0, 0x33, 0x33, 0x33,
  0x33, 0x3E, 0xE0, 0x9C, 0xED, 0x6A, 0x7B, 0xD2, 0x9C, 0xE6, 0x88, 0x88,
  0x88, 0x88, 0x8F, 0xF0, 0xCF, 0x9F, 0xBF, 0x7E, 0xF5, 0xEB, 0xDF, 0xB7,
  0x6E, 0xD8, 0xCE, 0x7B, 0xDA, 0xD6, 0xF7, 0x9C, 0xE6, 0xF7, 0xE7, 0x39,
  0xCE, 0x73, 0x9F, 0xFC, 0xF7, 0xE7, 0x39, 0xFB, 0x90, 0x84, 0x20, 0xF7,
  0xE7, 0x39, 0xCE, 0x73, 0x9F, 0xFE, 0x10, 0xF7, 0xE7, 0x39, 0xFB, 0xF3,
  0x9C, 0xE6, 0x79, 0xEC, 0xF0, 0x60, 0xC1, 0x83, 0xCD, 0xE7, 0x80, 0xFF,
  0xF3, 0x0C, 0x30, 0xC3, 0x0C, 0x30, 0xC3, 0x00, 0x9C, 0xE7, 0x39, 0xCE,
  0x73, 0x9F, 0xFC, 0xCF, 0x34, 0xD2, 0x69, 0xA7, 0x9E, 0x38, 0xC3, 0x00,
  0xCD, 0xEE, 0xF7, 0x4B, 0xA5, 0x52, 0xA9, 0xD4, 0xEE, 0x77, 0x3B, 0x9D,
  0xC0, 0xCD, 0xB6, 0x8E, 0x38, 0xC3, 0x9E, 0x69, 0x3C, 0xC0, 0xCD, 0x36,
  0x9E, 0x38, 0xC3, 0x0C, 0x30, 0xC3, 0x00, 0xFF, 0xC6, 0x33, 0x18, 0x8C,
  0x67, 0xFE, 0x17, 0x66, 0x66, 0xCE, 0x66, 0x67, 0x30, 0xFF, 0xFF, 0xFF,
  0xFF, 0xCE, 0x66, 0x62, 0x33, 0x66, 0x6E, 0xE0, 0x25, 0xF9, 0x80 };

const GFXglyph BebasNeue_Regular8pt7bGlyphs[] PROGMEM = {
  {     0,   1,   1,   3,    0,    0 },   // 0x20 ' '
  {     1,   2,  11,   3,    1,  -10 },   // 0x21 '!'
  {     4,   4,   4,   5,    1,  -10 },   // 0x22 '"'
  {     6,   6,  11,   7,    0,  -10 },   // 0x23 '#'
  {    15,   5,  12,   6,    1,  -10 },   // 0x24 '$'
  {    23,   8,  11,   9,    1,  -10 },   // 0x25 '%'
  {    34,   5,  11,   7,    1,  -10 },   // 0x26 '&'
  {    41,   1,   4,   3,    1,  -10 },   // 0x27 '''
  {    42,   3,  13,   4,    1,  -11 },   // 0x28 '('
  {    47,   3,  13,   4,    1,  -11 },   // 0x29 ')'
  {    52,   7,   6,   7,    0,  -10 },   // 0x2A '*'
  {    58,   6,   5,   6,    0,   -7 },   // 0x2B '+'
  {    62,   1,   4,   3,    1,   -1 },   // 0x2C ','
  {    63,   4,   2,   4,    0,   -6 },   // 0x2D '-'
  {    64,   1,   2,   3,    1,   -1 },   // 0x2E '.'
  {    65,   6,  11,   6,    0,  -10 },   // 0x2F '/'
  {    74,   5,  11,   6,    1,  -10 },   // 0x30 '0'
  {    81,   4,  11,   6,    1,  -10 },   // 0x31 '1'
  {    87,   5,  11,   6,    1,  -10 },   // 0x32 '2'
  {    94,   5,  11,   6,    1,  -10 },   // 0x33 '3'
  {   101,   6,  11,   6,    0,  -10 },   // 0x34 '4'
  {   110,   5,  11,   6,    1,  -10 },   // 0x35 '5'
  {   117,   5,  11,   6,    1,  -10 },   // 0x36 '6'
  {   124,   5,  11,   6,    1,  -10 },   // 0x37 '7'
  {   131,   6,  11,   6,    0,  -10 },   // 0x38 '8'
  {   140,   6,  11,   6,    0,  -10 },   // 0x39 '9'
  {   149,   1,   8,   3,    1,   -7 },   // 0x3A ':'
  {   150,   1,  10,   3,    1,   -7 },   // 0x3B ';'
  {   152,   5,   5,   6,    1,   -7 },   // 0x3C '<'
  {   156,   5,   4,   6,    1,   -7 },   // 0x3D '='
  {   159,   5,   5,   6,    1,   -7 },   // 0x3E '>'
  {   163,   5,  11,   6,    0,  -10 },   // 0x3F '?'
  {   170,  11,  13,  11,    0,  -11 },   // 0x40 '@'
  {   188,   6,  11,   6,    0,  -10 },   // 0x41 'A'
  {   197,   5,  11,   6,    1,  -10 },   // 0x42 'B'
  {   204,   5,  11,   6,    1,  -10 },   // 0x43 'C'
  {   211,   5,  11,   7,    1,  -10 },   // 0x44 'D'
  {   218,   4,  11,   6,    1,  -10 },   // 0x45 'E'
  {   224,   4,  11,   6,    1,  -10 },   // 0x46 'F'
  {   230,   5,  11,   6,    1,  -10 },   // 0x47 'G'
  {   237,   5,  11,   7,    1,  -10 },   // 0x48 'H'
  {   244,   1,  11,   3,    1,  -10 },   // 0x49 'I'
  {   246,   4,  11,   4,    0,  -10 },   // 0x4A 'J'
  {   252,   5,  11,   7,    1,  -10 },   // 0x4B 'K'
  {   259,   4,  11,   6,    1,  -10 },   // 0x4C 'L'
  {   265,   7,  11,   9,    1,  -10 },   // 0x4D 'M'
  {   275,   5,  11,   7,    1,  -10 },   // 0x4E 'N'
  {   282,   5,  11,   6,    1,  -10 },   // 0x4F 'O'
  {   289,   5,  11,   6,    1,  -10 },   // 0x50 'P'
  {   296,   5,  12,   6,    1,  -10 },   // 0x51 'Q'
  {   304,   5,  11,   6,    1,  -10 },   // 0x52 'R'
  {   311,   6,  11,   6,    0,  -10 },   // 0x53 'S'
  {   320,   6,  11,   6,    0,  -10 },   // 0x54 'T'
  {   329,   5,  11,   6,    1,  -10 },   // 0x55 'U'
  {   336,   6,  11,   6,    0,  -10 },   // 0x56 'V'
  {   345,   9,  11,   9,    0,  -10 },   // 0x57 'W'
  {   358,   6,  11,   7,    0,  -10 },   // 0x58 'X'
  {   367,   6,  11,   6,    0,  -10 },   // 0x59 'Y'
  {   376,   5,  11,   6,    0,  -10 },   // 0x5A 'Z'
  {   383,   3,  13,   4,    1,  -11 },   // 0x5B '['
  {   388,   6,  11,   6,    0,  -10 },   // 0x5C '\'
  {   397,   2,  13,   4,    1,  -11 },   // 0x5D ']'
  {   401,   6,   4,   6,    0,  -10 },   // 0x5E '^'
  {   404,   5,   2,   5,    0,    0 },   // 0x5F '_'
  {   406,   3,   2,   8,    2,  -13 },   // 0x60 '`'
  {   407,   6,  11,   6,    0,  -10 },   // 0x61 'a'
  {   416,   5,  11,   6,    1,  -10 },   // 0x62 'b'
  {   423,   5,  11,   6,    1,  -10 },   // 0x63 'c'
  {   430,   5,  11,   7,    1,  -10 },   // 0x64 'd'
  {   437,   4,  11,   6,    1,  -10 },   // 0x65 'e'
  {   443,   4,  11,   6,    1,  -10 },   // 0x66 'f'
  {   449,   5,  11,   6,    1,  -10 },   // 0x67 'g'
  {   456,   5,  11,   7,    1,  -10 },   // 0x68 'h'
  {   463,   1,  11,   3,    1,  -10 },   // 0x69 'i'
  {   465,   4,  11,   4,    0,  -10 },   // 0x6A 'j'
  {   471,   5,  11,   7,    1,  -10 },   // 0x6B 'k'
  {   478,   4,  11,   6,    1,  -10 },   // 0x6C 'l'
  {   484,   7,  11,   9,    1,  -10 },   // 0x6D 'm'
  {   494,   5,  11,   7,    1,  -10 },   // 0x6E 'n'
  {   501,   5,  11,   6,    1,  -10 },   // 0x6F 'o'
  {   508,   5,  11,   6,    1,  -10 },   // 0x70 'p'
  {   515,   5,  12,   6,    1,  -10 },   // 0x71 'q'
  {   523,   5,  11,   6,    1,  -10 },   // 0x72 'r'
  {   530,   6,  11,   6,    0,  -10 },   // 0x73 's'
  {   539,   6,  11,   6,    0,  -10 },   // 0x74 't'
  {   548,   5,  11,   6,    1,  -10 },   // 0x75 'u'
  {   555,   6,  11,   6,    0,  -10 },   // 0x76 'v'
  {   564,   9,  11,   9,    0,  -10 },   // 0x77 'w'
  {   577,   6,  11,   7,    0,  -10 },   // 0x78 'x'
  {   586,   6,  11,   6,    0,  -10 },   // 0x79 'y'
  {   595,   5,  11,   6,    0,  -10 },   // 0x7A 'z'
  {   602,   4,  13,   4,    0,  -11 },   // 0x7B '{'
  {   609,   2,  16,   8,    3,  -12 },   // 0x7C '|'
  {   613,   4,  13,   4,    0,  -11 },   // 0x7D '}'
  {   620,   6,   3,   6,    0,   -6 } }; // 0x7E '~'

const GFXfont BebasNeue_Regular8pt7b PROGMEM = {
  (uint8_t  *)BebasNeue_Regular8pt7bBitmaps,
  (GFXglyph *)BebasNeue_Regular8pt7bGlyphs,
  0x20, 0x7E, 19 };

// Approx. 1295 bytes
const uint8_t BebasNeue_Regular14pt7bBitmaps[] PROGMEM = {
  0x00, 0xFF, 0xFF, 0xFF, 0xFD, 0xB6, 0xC0, 0xFF, 0x80, 0xEF, 0xDF, 0xBF,
  0x76, 0x68, 0x80, 0x1D, 0xC3, 0x38, 0x67, 0x0C, 0xC7, 0xFE, 0xFF, 0xDF,
  0xF9, 0xCC, 0x39, 0x87, 0x70, 0xCE, 0x3F, 0xE7, 0xFD, 0xFF, 0x8C, 0xC1,
  0x98, 0x73, 0x0E, 0x61, 0xDC, 0x00, 0x1C, 0x0E, 0x1F, 0xCF, 0xEE, 0x3F,
  0x1F, 0x81, 0xE0, 0x78, 0x3E, 0x0F, 0x83, 0xE0, 0x70, 0x3F, 0x8F, 0xC7,
  0xE3, 0xFF, 0x9F, 0x83, 0x81, 0xC0, 0x78, 0x73, 0xE1, 0x8C, 0xC6, 0x33,
  0x30, 0xCC, 0xC3, 0x32, 0x0C, 0xD8, 0x33, 0x60, 0xCF, 0x3B, 0xED, 0xF7,
  0x3C, 0xC1, 0xB3, 0x06, 0xCC, 0x33, 0x30, 0xCC, 0xC3, 0x33, 0x18, 0xCC,
  0x63, 0xF3, 0x07, 0x80, 0x3F, 0x1F, 0xCF, 0xF3, 0x80, 0xE0, 0x38, 0xEE,
  0x39, 0xFF, 0x3F, 0xDF, 0xFE, 0x3B, 0x8E, 0xE3, 0xB8, 0xEE, 0x3B, 0x8E,
  0xFF, 0xBF, 0xE7, 0xB8, 0xFF, 0xF6, 0x80, 0x1D, 0xF7, 0xFC, 0xE3, 0x8E,
  0x38, 0xE3, 0x8E, 0x38, 0xE3, 0x8E, 0x38, 0xE3, 0x8F, 0x1F, 0x7C, 0xF0,
  0xE7, 0xBE, 0x73, 0x9C, 0xE7, 0x39, 0xCE, 0x73, 0x9C, 0xE7, 0x39, 0xCF,
  0xFF, 0xF8, 0x0E, 0x00, 0xC1, 0x18, 0xB2, 0x7F, 0xFE, 0x1C, 0x03, 0xC0,
  0xDC, 0x39, 0xC2, 0x20, 0x18, 0x0C, 0x06, 0x1F, 0xFF, 0xFF, 0xFC, 0x60,
  0x30, 0x18, 0x00, 0xFF, 0xB5, 0x80, 0xFF, 0xFF, 0xC0, 0xFF, 0x80, 0x01,
  0xC0, 0x70, 0x18, 0x0E, 0x03, 0x80, 0xC0, 0x70, 0x18, 0x0E, 0x03, 0x80,
  0xC0, 0x70, 0x18, 0x0E, 0x03, 0x80, 0xC0, 0x70, 0x18, 0x0E, 0x00, 0x3E,
  0x3F, 0xBF, 0xFC, 0x7E, 0x3F, 0x1F, 0x8F, 0xC7, 0xE3, 0xF1, 0xF8, 0xFC,
  0x7E, 0x3F, 0x1F, 0x8F, 0xC7, 0xFF, 0xBF, 0x8F, 0x80, 0x0C, 0x7F, 0xFF,
  0xFC, 0x71, 0xC7, 0x1C, 0x71, 0xC7, 0x1C, 0x71, 0xC7, 0x1C, 0x71, 0xC0,
  0x3E, 0x3F, 0xBF, 0xFC, 0x7E, 0x3F, 0x1F, 0x8E, 0x0E, 0x07, 0x07, 0x07,
  0x07, 0x07, 0x83, 0x83, 0x81, 0xC0, 0xFF, 0xFF, 0xFF, 0xE0, 0x3E, 0x3F,
  0xBF, 0xDC, 0x7E, 0x38, 0x1C, 0x0C, 0x3E, 0x1E, 0x0F, 0x81, 0xC0, 0x70,
  0x3F, 0x1F, 0x8F, 0xC7, 0xFF, 0x3F, 0x8F, 0x80, 0x03, 0x81, 0xE0, 0x78,
  0x3E, 0x0F, 0x83, 0xE1, 0xF8, 0x6E, 0x3B, 0x8C, 0xE7, 0x39, 0xCE, 0x63,
  0xBF, 0xFF, 0xFF, 0xFF, 0x03, 0x80, 0xE0, 0x38, 0x7F, 0x7F, 0xBF, 0xDC,
  0x0E, 0x07, 0x03, 0xB9, 0xFE, 0xFF, 0xF1, 0xF8, 0xE0, 0x70, 0x3F, 0x1F,
  0x8F, 0xC7, 0xFF, 0xBF, 0x8F, 0x80, 0x3E, 0x3F, 0xBF, 0xFC, 0x7E, 0x3F,
  0x03, 0x81, 0xDE, 0xFF, 0x7F, 0xF8, 0xFC, 0x7E, 0x3F, 0x1F, 0x8F, 0xC7,
  0xFF, 0xBF, 0x8F, 0x80, 0xFF, 0xFF, 0xFF, 0xE0, 0x70, 0x70, 0x38, 0x1C,
  0x1C, 0x0E, 0x07, 0x03, 0x83, 0x81, 0xC0, 0xE0, 0xE0, 0x70, 0x38, 0x1C,
  0x1C, 0x00, 0x3E, 0x3F, 0xBF, 0xFC, 0x7E, 0x3F, 0x1F, 0x8F, 0xFE, 0x3E,
  0x3F, 0xB8, 0xFC, 0x7E, 0x3F, 0x1F, 0x8F, 0xC7, 0xFF, 0xBF, 0x8F, 0x80,
  0x3E, 0x3F, 0xBF, 0xDC, 0x7E, 0x3F, 0x1F, 0x8F, 0xC7, 0xE3, 0xFF, 0xFF,
  0xEF, 0x70, 0x38, 0x1F, 0x8F, 0xC7, 0xFF, 0x3F, 0x8F, 0x80, 0xFF, 0x80,
  0x00, 0x03, 0xFE, 0xFF, 0x80, 0x00, 0x03, 0xFE, 0xF6, 0x01, 0x07, 0x3F,
  0xF8, 0xE0, 0xF8, 0x3E, 0x07, 0x01, 0xFF, 0xFF, 0xFF, 0xE0, 0x0F, 0xFF,
  0xFF, 0xFE, 0xC0, 0x78, 0x1F, 0x01, 0xF0, 0x38, 0x7C, 0xF9, 0xE0, 0xC0,
  0x00, 0x3C, 0xFE, 0xFF, 0xC7, 0xC7, 0xC7, 0xC7, 0x07, 0x0E, 0x1C, 0x1C,
  0x38, 0x38, 0x38, 0x00, 0x00, 0x38, 0x38, 0x38, 0x00, 0xF0, 0x03, 0xFE,
  0x07, 0xFF, 0x87, 0xC1, 0xE3, 0x80, 0x3B, 0x80, 0x1D, 0x8E, 0xE7, 0xCF,
  0xF3, 0xE7, 0xF9, 0xE3, 0x9C, 0xF1, 0x8E, 0x78, 0xC6, 0x3C, 0xE3, 0x3E,
  0x71, 0x9B, 0x3D, 0xFD, 0xCF, 0x7C, 0xE7, 0xBC, 0x38, 0x00, 0x1E, 0x01,
  0x07, 0xFF, 0x81, 0xFF, 0xC0, 0x3F, 0x80, 0x1F, 0x03, 0xE0, 0x7C, 0x0F,
  0x81, 0xF0, 0x76, 0x0E, 0xC1, 0xDC, 0x3B, 0x86, 0x70, 0xCE, 0x19, 0xC7,
  0x18, 0xFF, 0x9F, 0xF3, 0xFE, 0x61, 0xCC, 0x3B, 0x87, 0x80, 0xFE, 0x7F,
  0xBF, 0xFC, 0x7E, 0x3F, 0x1F, 0x8F, 0xC7, 0xFF, 0x7F, 0xBF, 0xFC, 0x7E,
  0x3F, 0x1F, 0x8F, 0xC7, 0xFF, 0xFF, 0xBF, 0x80, 0x3E, 0x3F, 0xBF, 0xDC,
  0x7E, 0x3F, 0x1F, 0x8F, 0xC0, 0xE0, 0x70, 0x38, 0x1C, 0x0E, 0x3F, 0x1F,
  0x8F, 0xC7, 0xFF, 0x3F, 0x8F, 0x80, 0xFE, 0x7F, 0xBF, 0xFC, 0x7E, 0x3F,
  0x1F, 0x8F, 0xC7, 0xE3, 0xF1, 0xF8, 0xFC, 0x7E, 0x3F, 0x1F, 0x8F, 0xC7,
  0xFF, 0xFF, 0xBF, 0x80, 0xFF, 0xFF, 0xFF, 0xE0, 0xE0, 0xE0, 0xE0, 0xE0,
  0xFE, 0xFE, 0xFE, 0xE0, 0xE0, 0xE0, 0xE0, 0xE0, 0xFF, 0xFF, 0xFF, 0xFF,
  0xFF, 0xFF, 0xE0, 0xE0, 0xE0, 0xE0, 0xE0, 0xFE, 0xFE, 0xFE, 0xE0, 0xE0,
  0xE0, 0xE0, 0xE0, 0xE0, 0xE0, 0xE0, 0x3E, 0x3F, 0xBF, 0xDC, 0x7E, 0x3F,
  0x1F, 0x81, 0xC0, 0xEF, 0xF7, 0xFB, 0xFC, 0x7E, 0x3F, 0x1F, 0x8F, 0xC7,
  0xFF, 0x3F, 0x8F, 0x80, 0xE3, 0xF1, 0xF8, 0xFC, 0x7E, 0x3F, 0x1F, 0x8F,
  0xC7, 0xFF, 0xFF, 0xFF, 0xFC, 0x7E, 0x3F, 0x1F, 0x8F, 0xC7, 0xE3, 0xF1,
  0xF8, 0xE0, 0xFF, 0xFF, 0xFF, 0xFF, 0xFF, 0xFF, 0xFF, 0x80, 0x1C, 0x71,
  0xC7, 0x1C, 0x71, 0xC7, 0x1C, 0x71, 0xC7, 0x1C, 0x71, 0xC7, 0xFF, 0xEF,
  0x00, 0xE1, 0xF8, 0xEE, 0x3B, 0x9C, 0xE7, 0x3B, 0x8E, 0xE3, 0xF0, 0xFE,
  0x3F, 0x8F, 0xE3, 0xDC, 0xE7, 0x39, 0xCE, 0x7B, 0x8E, 0xE3, 0xB8, 0xEE,
  0x1C, 0xE0, 0xE0, 0xE0, 0xE0, 0xE0, 0xE0, 0xE0, 0xE0, 0xE0, 0xE0, 0xE0,
  0xE0, 0xE0, 0xE0, 0xE0, 0xE0, 0xFF, 0xFF, 0xFF, 0xF0, 0xFF, 0x8F, 0xF8,
  0xFF, 0x8F, 0xF8, 0xFF, 0x9B, 0xF9, 0xBF, 0x9B, 0xFD, 0xBF, 0xDB, 0xED,
  0xBE, 0xDB, 0xEF, 0x3E, 0xF3, 0xEF, 0x3E, 0xF3, 0xE7, 0x3E, 0x73, 0xE6,
  0x30, 0xF1, 0xF8, 0xFC, 0x7F, 0x3F, 0x9F, 0xCF, 0xE7, 0xFB, 0xED, 0xF6,
  0xFB, 0x7D, 0xFE, 0x7F, 0x3F, 0x9F, 0xCF, 0xE3, 0xF1, 0xF8, 0xE0, 0x3E,
  0x3F, 0xBF, 0xFC, 0x7E, 0x3F, 0x1F, 0x8F, 0xC7, 0xE3, 0xF1, 0xF8, 0xFC,
  0x7E, 0x3F, 0x1F, 0x8F, 0xC7, 0xFF, 0xBF, 0x8F, 0x80, 0xFE, 0x7F, 0xBF,
  0xFC, 0x7E, 0x3F, 0x1F, 0x8F, 0xC7, 0xE3, 0xFF, 0xBF, 0xDF, 0x8E, 0x07,
  0x03, 0x81, 0xC0, 0xE0, 0x70, 0x38, 0x00, 0x3E, 0x1F, 0xCF, 0xFB, 0x8E,
  0xE3, 0xB8, 0xEE, 0x3B, 0x8E, 0xE3, 0xB8, 0xEE, 0x3B, 0x8E, 0xE3, 0xB8,
  0xEE, 0x3B, 0x8E, 0xFF, 0x9F, 0xC3, 0xFC, 0x07, 0x00, 0xC0, 0xFE, 0x7F,
  0xBF, 0xFC, 0x7E, 0x3F, 0x1F, 0x8F, 0xC7, 0xFF, 0x7F, 0x3F, 0xDC, 0x7E,
  0x3F, 0x1F, 0x8F, 0xC7, 0xE3, 0xF1, 0xF8, 0xE0, 0x3C, 0x7F, 0xFF, 0xE7,
  0xE3, 0xE0, 0xE0, 0xF0, 0x78, 0x3C, 0x1E, 0x0F, 0x07, 0xC7, 0xC7, 0xE7,
  0xFF, 0xFF, 0x3C, 0xFF, 0xFF, 0xFF, 0xFC, 0x70, 0x1C, 0x07, 0x01, 0xC0,
  0x70, 0x1C, 0x07, 0x01, 0xC0, 0x70, 0x1C, 0x07, 0x01, 0xC0, 0x70, 0x1C,
  0x07, 0x01, 0xC0, 0xE3, 0xF1, 0xF8, 0xFC, 0x7E, 0x3F, 0x1F, 0x8F, 0xC7,
  0xE3, 0xF1, 0xF8, 0xFC, 0x7E, 0x3F, 0x1F, 0x8F, 0xC7, 0xFF, 0x3F, 0x8F,
  0x80, 0xE1, 0xDC, 0x77, 0x1D, 0xC6, 0x71, 0x9C, 0x67, 0x39, 0xCE, 0x33,
  0x8E, 0xE3, 0xB0, 0xEC, 0x3B, 0x0F, 0xC1, 0xF0, 0x7C, 0x1F, 0x07, 0x81,
  0xE0, 0xE3, 0x8E, 0xC7, 0x1D, 0x8F, 0x33, 0x9E, 0x67, 0x3C, 0xCE, 0x79,
  0x9D, 0xF7, 0x3B, 0xEE, 0x76, 0xDC, 0xED, 0xB9, 0xDB, 0x71, 0xB6, 0xC3,
  0x6D, 0x86, 0xDF, 0x0F, 0x9E, 0x1F, 0x3C, 0x3E, 0x78, 0x78, 0xF0, 0xF1,
  0xE0, 0xF0, 0xEE, 0x39, 0xC7, 0x1C, 0xC3, 0xB8, 0x77, 0x07, 0xC0, 0xF8,
  0x1F, 0x01, 0xC0, 0x7C, 0x0F, 0x81, 0xF0, 0x77, 0x0E, 0xE1, 0x9C, 0x71,
  0xCE, 0x3B, 0x87, 0x80, 0xF1, 0xDC, 0x77, 0x1D, 0xCE, 0x3B, 0x8E, 0xE3,
  0xB0, 0x7C, 0x1F, 0x07, 0x80, 0xE0, 0x38, 0x0E, 0x03, 0x80, 0xE0, 0x38,
  0x0E, 0x03, 0x80, 0xE0, 0xFF, 0xFF, 0xFF, 0x07, 0x0E, 0x0E, 0x1E, 0x1C,
  0x1C, 0x38, 0x38, 0x78, 0x70, 0x70, 0xE0, 0xE0, 0xFF, 0xFF, 0xFF, 0xFF,
  0xFF, 0xCE, 0x73, 0x9C, 0xE7, 0x39, 0xCE, 0x73, 0x9C, 0xE7, 0x39, 0xFF,
  0xFC, 0xE0, 0x18, 0x07, 0x00, 0xC0, 0x38, 0x0E, 0x01, 0x80, 0x70, 0x0C,
  0x03, 0x80, 0xE0, 0x18, 0x07, 0x00, 0xC0, 0x38, 0x0E, 0x01, 0x80, 0x70,
  0x1C, 0xFF, 0xFE, 0x73, 0x9C, 0xE7, 0x39, 0xCE, 0x73, 0x9C, 0xE7, 0x39,
  0xCF, 0xFF, 0xFC, 0x1C, 0x0E, 0x0F, 0x8E, 0xC6, 0x77, 0x1B, 0x06, 0xFF,
  0xFF, 0xFF, 0xF3, 0x86, 0x1F, 0x03, 0xE0, 0x7C, 0x0F, 0x81, 0xF0, 0x76,
  0x0E, 0xC1, 0xDC, 0x3B, 0x86, 0x70, 0xCE, 0x19, 0xC7, 0x18, 0xFF, 0x9F,
  0xF3, 0xFE, 0x61, 0xCC, 0x3B, 0x87, 0x80, 0xFE, 0x7F, 0xBF, 0xFC, 0x7E,
  0x3F, 0x1F, 0x8F, 0xC7, 0xFF, 0x7F, 0xBF, 0xFC, 0x7E, 0x3F, 0x1F, 0x8F,
  0xC7, 0xFF, 0xFF, 0xBF, 0x80, 0x3E, 0x3F, 0xBF, 0xDC, 0x7E, 0x3F, 0x1F,
  0x8F, 0xC0, 0xE0, 0x70, 0x38, 0x1C, 0x0E, 0x3F, 0x1F, 0x8F, 0xC7, 0xFF,
  0x3F, 0x8F, 0x80, 0xFE, 0x7F, 0xBF, 0xFC, 0x7E, 0x3F, 0x1F, 0x8F, 0xC7,
  0xE3, 0xF1, 0xF8, 0xFC, 0x7E, 0x3F, 0x1F, 0x8F, 0xC7, 0xFF, 0xFF, 0xBF,
  0x80, 0xFF, 0xFF, 0xFF, 0xE0, 0xE0, 0xE0, 0xE0, 0xE0, 0xFE, 0xFE, 0xFE,
  0xE0, 0xE0, 0xE0, 0xE0, 0xE0, 0xFF, 0xFF, 0xFF, 0xFF, 0xFF, 0xFF, 0xE0,
  0xE0, 0xE0, 0xE0, 0xE0, 0xFE, 0xFE, 0xFE, 0xE0, 0xE0, 0xE0, 0xE0, 0xE0,
  0xE0, 0xE0, 0xE0, 0x3E, 0x3F, 0xBF, 0xDC, 0x7E, 0x3F, 0x1F, 0x81, 0xC0,
  0xEF, 0xF7, 0xFB, 0xFC, 0x7E, 0x3F, 0x1F, 0x8F, 0xC7, 0xFF, 0x3F, 0x8F,
  0x80, 0xE3, 0xF1, 0xF8, 0xFC, 0x7E, 0x3F, 0x1F, 0x8F, 0xC7, 0xFF, 0xFF,
  0xFF, 0xFC, 0x7E, 0x3F, 0x1F, 0x8F, 0xC7, 0xE3, 0xF1, 0xF8, 0xE0, 0xFF,
  0xFF, 0xFF, 0xFF, 0xFF, 0xFF, 0xFF, 0x80, 0x1C, 0x71, 0xC7, 0x1C, 0x71,
  0xC7, 0x1C, 0x71, 0xC7, 0x1C, 0x71, 0xC7, 0xFF, 0xEF, 0x00, 0xE1, 0xF8,
  0xEE, 0x3B, 0x9C, 0xE7, 0x3B, 0x8E, 0xE3, 0xF0, 0xFE, 0x3F, 0x8F, 0xE3,
  0xDC, 0xE7, 0x39, 0xCE, 0x7B, 0x8E, 0xE3, 0xB8, 0xEE, 0x1C, 0xE0, 0xE0,
  0xE0, 0xE0, 0xE0, 0xE0, 0xE0, 0xE0, 0xE0, 0xE0, 0xE0, 0xE0, 0xE0, 0xE0,
  0xE0, 0xE0, 0xFF, 0xFF, 0xFF, 0xF0, 0xFF, 0x8F, 0xF8, 0xFF, 0x8F, 0xF8,
  0xFF, 0x9B, 0xF9, 0xBF, 0x9B, 0xFD, 0xBF, 0xDB, 0xED, 0xBE, 0xDB, 0xEF,
  0x3E, 0xF3, 0xEF, 0x3E, 0xF3, 0xE7, 0x3E, 0x73, 0xE6, 0x30, 0xF1, 0xF8,
  0xFC, 0x7F, 0x3F, 0x9F, 0xCF, 0xE7, 0xFB, 0xED, 0xF6, 0xFB, 0x7D, 0xFE,
  0x7F, 0x3F, 0x9F, 0xCF, 0xE3, 0xF1, 0xF8, 0xE0, 0x3E, 0x3F, 0xBF, 0xFC,
  0x7E, 0x3F, 0x1F, 0x8F, 0xC7, 0xE3, 0xF1, 0xF8, 0xFC, 0x7E, 0x3F, 0x1F,
  0x8F, 0xC7, 0xFF, 0xBF, 0x8F, 0x80, 0xFE, 0x7F, 0xBF, 0xFC, 0x7E, 0x3F,
  0x1F, 0x8F, 0xC7, 0xE3, 0xFF, 0xBF, 0xDF, 0x8E, 0x07, 0x03, 0x81, 0xC0,
  0xE0, 0x70, 0x38, 0x00, 0x3E, 0x1F, 0xCF, 0xFB, 0x8E, 0xE3, 0xB8, 0xEE,
  0x3B, 0x8E, 0xE3, 0xB8, 0xEE, 0x3B, 0x8E, 0xE3, 0xB8, 0xEE, 0x3B, 0x8E,
  0xFF, 0x9F, 0xC3, 0xFC, 0x07, 0x00, 0xC0, 0xFE, 0x7F, 0xBF, 0xFC, 0x7E,
  0x3F, 0x1F, 0x8F, 0xC7, 0xFF, 0x7F, 0x3F, 0xDC, 0x7E, 0x3F, 0x1F, 0x8F,
  0xC7, 0xE3, 0xF1, 0xF8, 0xE0, 0x3C, 0x7F, 0xFF, 0xE7, 0xE3, 0xE0, 0xE0,
  0xF0, 0x78, 0x3C, 0x1E, 0x0F, 0x07, 0xC7, 0xC7, 0xE7, 0xFF, 0xFF, 0x3C,
  0xFF, 0xFF, 0xFF, 0xFC, 0x70, 0x1C, 0x07, 0x01, 0xC0, 0x70, 0x1C, 0x07,
  0x01, 0xC0, 0x70, 0x1C, 0x07, 0x01, 0xC0, 0x70, 0x1C, 0x07, 0x01, 0xC0,
  0xE3, 0xF1, 0xF8, 0xFC, 0x7E, 0x3F, 0x1F, 0x8F, 0xC7, 0xE3, 0xF1, 0xF8,
  0xFC, 0x7E, 0x3F, 0x1F, 0x8F, 0xC7, 0xFF, 0x3F, 0x8F, 0x80, 0xE1, 0xDC,
  0x77, 0x1D, 0xC6, 0x71, 0x9C, 0x67, 0x39, 0xCE, 0x33, 0x8E, 0xE3, 0xB0,
  0xEC, 0x3B, 0x0F, 0xC1, 0xF0, 0x7C, 0x1F, 0x07, 0x81, 0xE0, 0xE3, 0x8E,
  0xC7, 0x1D, 0x8F, 0x33, 0x9E, 0x67, 0x3C, 0xCE, 0x79, 0x9D, 0xF7, 0x3B,
  0xEE, 0x76, 0xDC, 0xED, 0xB9, 0xDB, 0x71, 0xB6, 0xC3, 0x6D, 0x86, 0xDF,
  0x0F, 0x9E, 0x1F, 0x3C, 0x3E, 0x78, 0x78, 0xF0, 0xF1, 0xE0, 0xF0, 0xEE,
  0x39, 0xC7, 0x1C, 0xC3, 0xB8, 0x77, 0x07, 0xC0, 0xF8, 0x1F, 0x01, 0xC0,
  0x7C, 0x0F, 0x81, 0xF0, 0x77, 0x0E, 0xE1, 0x9C, 0x71, 0xCE, 0x3B, 0x87,
  0x80, 0xF1, 0xDC, 0x77, 0x1D, 0xCE, 0x3B, 0x8E, 0xE3, 0xB0, 0x7C, 0x1F,
  0x07, 0x80, 0xE0, 0x38, 0x0E, 0x03, 0x80, 0xE0, 0x38, 0x0E, 0x03, 0x80,
  0xE0, 0xFF, 0xFF, 0xFF, 0x07, 0x0E, 0x0E, 0x1E, 0x1C, 0x1C, 0x38, 0x38,
  0x78, 0x70, 0x70, 0xE0, 0xE0, 0xFF, 0xFF, 0xFF, 0x1C, 0xF7, 0xDC, 0x71,
  0xC7, 0x1C, 0x71, 0xCE, 0x38, 0xF1, 0xC7, 0x1C, 0x71, 0xC7, 0x1F, 0x3C,
  0xF0, 0xFF, 0xFF, 0xFF, 0xFF, 0xFF, 0xFF, 0xFC, 0xC3, 0xCF, 0x1C, 0x70,
  0xC3, 0x0C, 0x30, 0xC3, 0xC7, 0x3C, 0xC3, 0x0C, 0x30, 0xC7, 0x3C, 0xF3,
  0x80, 0x38, 0xDF, 0xFF, 0xFD, 0x0E };

const GFXglyph BebasNeue_Regular14pt7bGlyphs[] PROGMEM = {
  {     0,   1,   1,   4,    0,    0 },   // 0x20 ' '
  {     1,   3,  19,   6,    1,  -18 },   // 0x21 '!'
  {     9,   7,   6,   9,    1,  -18 },   // 0x22 '"'
  {    15,  11,  19,  11,    0,  -18 },   // 0x23 '#'
  {    42,   9,  21,  11,    1,  -19 },   // 0x24 '$'
  {    66,  14,  19,  16,    1,  -18 },   // 0x25 '%'
  {   100,  10,  19,  11,    1,  -18 },   // 0x26 '&'
  {   124,   3,   6,   5,    1,  -18 },   // 0x27 '''
  {   127,   6,  22,   7,    1,  -20 },   // 0x28 '('
  {   144,   5,  22,   7,    1,  -20 },   // 0x29 ')'
  {   158,  11,  10,  11,    0,  -18 },   // 0x2A '*'
  {   172,   9,   9,  11,    1,  -13 },   // 0x2B '+'
  {   183,   3,   6,   5,    1,   -2 },   // 0x2C ','
  {   186,   6,   3,   7,    1,  -10 },   // 0x2D '-'
  {   189,   3,   3,   5,    1,   -2 },   // 0x2E '.'
  {   191,  10,  19,  11,    0,  -18 },   // 0x2F '/'
  {   215,   9,  19,  11,    1,  -18 },   // 0x30 '0'
  {   237,   6,  19,  11,    2,  -18 },   // 0x31 '1'
  {   252,   9,  19,  11,    1,  -18 },   // 0x32 '2'
  {   274,   9,  19,  11,    1,  -18 },   // 0x33 '3'
  {   296,  10,  19,  11,    0,  -18 },   // 0x34 '4'
  {   320,   9,  19,  11,    1,  -18 },   // 0x35 '5'
  {   342,   9,  19,  11,    1,  -18 },   // 0x36 '6'
  {   364,   9,  19,  11,    1,  -18 },   // 0x37 '7'
  {   386,   9,  19,  11,    1,  -18 },   // 0x38 '8'
  {   408,   9,  19,  11,    1,  -18 },   // 0x39 '9'
  {   430,   3,  13,   5,    1,  -12 },   // 0x3A ':'
  {   435,   3,  16,   5,    1,  -12 },   // 0x3B ';'
  {   441,   8,   9,  11,    1,  -13 },   // 0x3C '<'
  {   450,   9,   7,  11,    1,  -12 },   // 0x3D '='
  {   458,   9,   9,  11,    1,  -13 },   // 0x3E '>'
  {   469,   8,  19,  10,    1,  -18 },   // 0x3F '?'
  {   488,  17,  22,  19,    1,  -19 },   // 0x40 '@'
  {   535,  11,  19,  11,    0,  -18 },   // 0x41 'A'
  {   562,   9,  19,  11,    1,  -18 },   // 0x42 'B'
  {   584,   9,  19,  10,    1,  -18 },   // 0x43 'C'
  {   606,   9,  19,  11,    1,  -18 },   // 0x44 'D'
  {   628,   8,  19,  10,    1,  -18 },   // 0x45 'E'
  {   647,   8,  19,   9,    1,  -18 },   // 0x46 'F'
  {   666,   9,  19,  11,    1,  -18 },   // 0x47 'G'
  {   688,   9,  19,  11,    1,  -18 },   // 0x48 'H'
  {   710,   3,  19,   5,    1,  -18 },   // 0x49 'I'
  {   718,   6,  19,   7,    0,  -18 },   // 0x4A 'J'
  {   733,  10,  19,  11,    1,  -18 },   // 0x4B 'K'
  {   757,   8,  19,   9,    1,  -18 },   // 0x4C 'L'
  {   776,  12,  19,  15,    1,  -18 },   // 0x4D 'M'
  {   805,   9,  19,  12,    1,  -18 },   // 0x4E 'N'
  {   827,   9,  19,  11,    1,  -18 },   // 0x4F 'O'
  {   849,   9,  19,  10,    1,  -18 },   // 0x50 'P'
  {   871,  10,  21,  11,    1,  -18 },   // 0x51 'Q'
  {   898,   9,  19,  11,    1,  -18 },   // 0x52 'R'
  {   920,   8,  19,  10,    1,  -18 },   // 0x53 'S'
  {   939,  10,  19,  10,    0,  -18 },   // 0x54 'T'
  {   963,   9,  19,  11,    1,  -18 },   // 0x55 'U'
  {   985,  10,  19,  10,    0,  -18 },   // 0x56 'V'
  {  1009,  15,  19,  15,    0,  -18 },   // 0x57 'W'
  {  1045,  11,  19,  11,    0,  -18 },   // 0x58 'X'
  {  1072,  10,  19,  11,    0,  -18 },   // 0x59 'Y'
  {  1096,   8,  19,  10,    1,  -18 },   // 0x5A 'Z'
  {  1115,   5,  22,   7,    2,  -20 },   // 0x5B '['
  {  1129,  10,  19,  11,    0,  -18 },   // 0x5C '\'
  {  1153,   5,  22,   7,    1,  -20 },   // 0x5D ']'
  {  1167,   9,   7,  11,    1,  -18 },   // 0x5E '^'
  {  1175,   8,   3,   8,    0,    0 },   // 0x5F '_'
  {  1178,   5,   3,  14,    3,  -22 },   // 0x60 '`'
  {  1180,  11,  19,  11,    0,  -18 },   // 0x61 'a'
  {  1207,   9,  19,  11,    1,  -18 },   // 0x62 'b'
  {  1229,   9,  19,  10,    1,  -18 },   // 0x63 'c'
  {  1251,   9,  19,  11,    1,  -18 },   // 0x64 'd'
  {  1273,   8,  19,  10,    1,  -18 },   // 0x65 'e'
  {  1292,   8,  19,   9,    1,  -18 },   // 0x66 'f'
  {  1311,   9,  19,  11,    1,  -18 },   // 0x67 'g'
  {  1333,   9,  19,  11,    1,  -18 },   // 0x68 'h'
  {  1355,   3,  19,   5,    1,  -18 },   // 0x69 'i'
  {  1363,   6,  19,   7,    0,  -18 },   // 0x6A 'j'
  {  1378,  10,  19,  11,    1,  -18 },   // 0x6B 'k'
  {  1402,   8,  19,   9,    1,  -18 },   // 0x6C 'l'
  {  1421,  12,  19,  15,    1,  -18 },   // 0x6D 'm'
  {  1450,   9,  19,  12,    1,  -18 },   // 0x6E 'n'
  {  1472,   9,  19,  11,    1,  -18 },   // 0x6F 'o'
  {  1494,   9,  19,  10,    1,  -18 },   // 0x70 'p'
  {  1516,  10,  21,  11,    1,  -18 },   // 0x71 'q'
  {  1543,   9,  19,  11,    1,  -18 },   // 0x72 'r'
  {  1565,   8,  19,  10,    1,  -18 },   // 0x73 's'
  {  1584,  10,  19,  10,    0,  -18 },   // 0x74 't'
  {  1608,   9,  19,  11,    1,  -18 },   // 0x75 'u'
  {  1630,  10,  19,  10,    0,  -18 },   // 0x76 'v'
  {  1654,  15,  19,  15,    0,  -18 },   // 0x77 'w'
  {  1690,  11,  19,  11,    0,  -18 },   // 0x78 'x'
  {  1717,  10,  19,  11,    0,  -18 },   // 0x79 'y'
  {  1741,   8,  19,  10,    1,  -18 },   // 0x7A 'z'
  {  1760,   6,  22,   7,    1,  -20 },   // 0x7B '{'
  {  1777,   2,  27,  14,    6,  -21 },   // 0x7C '|'
  {  1784,   6,  22,   7,    1,  -20 },   // 0x7D '}'
  {  1801,  10,   4,  11,    0,  -11 } }; // 0x7E '~'

const GFXfont BebasNeue_Regular14pt7b PROGMEM = {
  (uint8_t  *)BebasNeue_Regular14pt7bBitmaps,
  (GFXglyph *)BebasNeue_Regular14pt7bGlyphs,
  0x20, 0x7E, 33 };

// Approx. 2478 bytes
const uint8_t BebasNeue_Regular18pt7bBitmaps[] PROGMEM = {
  0x00, 0xFF, 0xFF, 0xFF, 0xFF, 0xFF, 0xFF, 0xEE, 0xEE, 0xEE, 0x00, 0x0F,
  0xFF, 0xF0, 0xF3, 0xF9, 0xDC, 0xEE, 0x77, 0x3B, 0x9D, 0xCE, 0xC7, 0x1C,
  0x70, 0xE7, 0x87, 0x38, 0x39, 0xC1, 0xCE, 0x0E, 0x71, 0xFF, 0xEF, 0xFF,
  0xFF, 0xF9, 0xC7, 0x0E, 0x38, 0x73, 0xC3, 0x9C, 0x1C, 0xE0, 0xE7, 0x1F,
  0xFE, 0xFF, 0xF7, 0xFF, 0x9C, 0x70, 0xE3, 0x87, 0x1C, 0x39, 0xC1, 0xCE,
  0x0E, 0x70, 0x73, 0x80, 0x0F, 0x00, 0xF0, 0x0F, 0x03, 0xFC, 0x7F, 0xE7,
  0xFE, 0xF8, 0xFF, 0x0F, 0xF0, 0xFF, 0x00, 0x78, 0x07, 0xC0, 0x3E, 0x01,
  0xF0, 0x0F, 0x80, 0x7C, 0x03, 0xE0, 0x1E, 0xF0, 0xFF, 0x0F, 0xF0, 0xFF,
  0x1F, 0x7F, 0xE7, 0xFE, 0x3F, 0xC0, 0xF0, 0x0F, 0x00, 0xF0, 0x3C, 0x06,
  0x1F, 0x83, 0x8E, 0x60, 0xC3, 0x9C, 0x70, 0xE7, 0x1C, 0x39, 0xC6, 0x0E,
  0x73, 0x83, 0x9C, 0xC0, 0xE7, 0x30, 0x39, 0xDC, 0x0E, 0x76, 0x03, 0x9B,
  0x9E, 0x7E, 0xEF, 0xCF, 0x37, 0x30, 0x1D, 0x8C, 0x06, 0x63, 0x01, 0x98,
  0xC0, 0xE6, 0x30, 0x31, 0x8C, 0x1C, 0x63, 0x07, 0x18, 0xC1, 0x86, 0x30,
  0xE1, 0xCC, 0x30, 0x3F, 0x1C, 0x07, 0x80, 0x1F, 0xE1, 0xFF, 0x1F, 0xF8,
  0xFF, 0xCF, 0x00, 0x78, 0x03, 0xC0, 0x1E, 0x1E, 0x70, 0xF3, 0xC7, 0x8F,
  0xFE, 0x3F, 0xF3, 0xFF, 0xBF, 0xFF, 0xE3, 0xDE, 0x1E, 0xF0, 0xF7, 0x87,
  0xBC, 0x3D, 0xE1, 0xEF, 0x0F, 0x7F, 0xF9, 0xFF, 0xCF, 0xFE, 0x3C, 0xF0,
  0xFF, 0x77, 0x77, 0x76, 0x05, 0xF7, 0xFF, 0xF3, 0xCF, 0x3C, 0xF3, 0xCF,
  0x3C, 0xF3, 0xCF, 0x3C, 0xF3, 0xCF, 0x3C, 0xF3, 0xCF, 0x3C, 0xF3, 0xFF,
  0xDF, 0x3C, 0xC1, 0xF3, 0xF7, 0xF1, 0xE3, 0xC7, 0x8F, 0x1E, 0x3C, 0x78,
  0xF1, 0xE3, 0xC7, 0x8F, 0x1E, 0x3C, 0x78, 0xF1, 0xE3, 0xC7, 0x8F, 0x1F,
  0xFF, 0xF7, 0xEF, 0x00, 0x07, 0x00, 0x38, 0x01, 0xC1, 0x0E, 0x2E, 0x67,
  0xFD, 0xFD, 0xFF, 0xC0, 0xE0, 0x0F, 0x80, 0xEE, 0x0E, 0x38, 0xF1, 0xE1,
  0x04, 0x00, 0x06, 0x00, 0x60, 0x06, 0x00, 0x60, 0xFF, 0xFF, 0xFF, 0xFF,
  0xF0, 0x60, 0x06, 0x00, 0x60, 0x06, 0x00, 0x60, 0xFF, 0xFF, 0x36, 0x6C,
  0xFF, 0xFF, 0xFF, 0xFF, 0xFF, 0xFF, 0x00, 0x38, 0x03, 0xC0, 0x1C, 0x00,
  0xE0, 0x0F, 0x00, 0x70, 0x07, 0x80, 0x38, 0x01, 0xC0, 0x1E, 0x00, 0xE0,
  0x07, 0x00, 0x70, 0x03, 0x80, 0x3C, 0x01, 0xC0, 0x0E, 0x00, 0xF0, 0x07,
  0x00, 0x78, 0x03, 0x80, 0x1C, 0x01, 0xE0, 0x0E, 0x00, 0xF0, 0x00, 0x1F,
  0x83, 0xFC, 0x7F, 0xE7, 0xFE, 0xF0, 0xFF, 0x0F, 0xF0, 0xFF, 0x0F, 0xF0,
  0xFF, 0x0F, 0xF0, 0xFF, 0x0F, 0xF0, 0xFF, 0x0F, 0xF0, 0xFF, 0x0F, 0xF0,
  0xFF, 0x0F, 0xF0, 0xFF, 0x0F, 0xF0, 0xF7, 0xFE, 0x7F, 0xE3, 0xFC, 0x1F,
  0x80, 0x07, 0x0F, 0x1F, 0xFF, 0xFF, 0xFF, 0x0F, 0x0F, 0x0F, 0x0F, 0x0F,
  0x0F, 0x0F, 0x0F, 0x0F, 0x0F, 0x0F, 0x0F, 0x0F, 0x0F, 0x0F, 0x0F, 0x0F,
  0x0F, 0x0F, 0x1F, 0x83, 0xFC, 0x7F, 0xE7, 0xFE, 0xF0, 0xFF, 0x0F, 0xF0,
  0xFF, 0x0F, 0xF0, 0xF0, 0x1E, 0x01, 0xE0, 0x3C, 0x07, 0xC0, 0xF8, 0x1F,
  0x01, 0xE0, 0x3C, 0x07, 0x80, 0x78, 0x07, 0x00, 0xF0, 0x0F, 0xFF, 0xFF,
  0xFF, 0xFF, 0xFF, 0xF0, 0x1F, 0x83, 0xFC, 0x7F, 0xE7, 0xFE, 0xF1, 0xEF,
  0x0F, 0xF0, 0xF0, 0x0E, 0x00, 0xE0, 0x1E, 0x0F, 0xC0, 0xF8, 0x0F, 0xC0,
  0xFE, 0x01, 0xE0, 0x0F, 0x00, 0xFF, 0x0F, 0xF0, 0xFF, 0x0F, 0xF1, 0xF7,
  0xFE, 0x7F, 0xE3, 0xFC, 0x1F, 0x80, 0x03, 0xE0, 0x1F, 0x01, 0xF8, 0x0F,
  0xC0, 0x7E, 0x07, 0xF0, 0x3F, 0x83, 0xFC, 0x1D, 0xE0, 0xEF, 0x0F, 0x78,
  0x73, 0xC7, 0x9E, 0x38, 0xF1, 0xC7, 0x9E, 0x3C, 0xE1, 0xE7, 0xFF, 0xFF,
  0xFF, 0xFF, 0xFF, 0xFF, 0x80, 0xF0, 0x07, 0x80, 0x3C, 0x01, 0xE0, 0x7F,
  0xE7, 0xFE, 0x7F, 0xE7, 0xFE, 0x70, 0x07, 0x00, 0x70, 0x07, 0x10, 0x77,
  0xC7, 0xFE, 0xFF, 0xEF, 0x9F, 0xF0, 0xFF, 0x0F, 0x00, 0xF0, 0x0F, 0x00,
  0xFF, 0x0F, 0xF0, 0xFF, 0x0F, 0xF0, 0xF7, 0xFE, 0x7F, 0xE3, 0xFC, 0x1F,
  0x80, 0x1F, 0x83, 0xFC, 0x7F, 0xE7, 0xFF, 0xF0, 0xFF, 0x0F, 0xF0, 0xFF,
  0x00, 0xF0, 0x0F, 0x3C, 0xF7, 0xEF, 0xFE, 0xFF, 0xFF, 0x0F, 0xF0, 0xFF,
  0x0F, 0xF0, 0xFF, 0x0F, 0xF0, 0xFF, 0x0F, 0xF0, 0xF7, 0xFF, 0x7F, 0xE3,
  0xFC, 0x1F, 0x80, 0xFF, 0xFF, 0xFF, 0xFF, 0xFF, 0xFF, 0x00, 0xE0, 0x1E,
  0x01, 0xE0, 0x1E, 0x01, 0xC0, 0x3C, 0x03, 0xC0, 0x38, 0x07, 0x80, 0x78,
  0x07, 0x80, 0x70, 0x0F, 0x00, 0xF0, 0x0F, 0x01, 0xE0, 0x1E, 0x01, 0xE0,
  0x3C, 0x03, 0xC0, 0x3C, 0x00, 0x1F, 0x83, 0xFC, 0x7F, 0xEF, 0xFF, 0xF0,
  0xFF, 0x0F, 0xF0, 0xFF, 0x0F, 0xF0, 0xF7, 0x9E, 0x7F, 0xE3, 0xFC, 0x7F,
  0xE7, 0xFE, 0xF0, 0xFF, 0x0F, 0xF0, 0xFF, 0x0F, 0xF0, 0xFF, 0x0F, 0xF0,
  0xFF, 0xFF, 0x7F, 0xE3, 0xFC, 0x1F, 0x80, 0x1F, 0x83, 0xFC, 0x7F, 0xEF,
  0xFE, 0xF0, 0xFF, 0x0F, 0xF0, 0xFF, 0x0F, 0xF0, 0xFF, 0x0F, 0xF0, 0xFF,
  0x0F, 0xFF, 0xF7, 0xFF, 0x7E, 0xF3, 0xCF, 0x00, 0xF0, 0x0F, 0xF0, 0xFF,
  0x0F, 0xF0, 0xFF, 0xFE, 0x7F, 0xE3, 0xFC, 0x1F, 0x80, 0xFF, 0xFF, 0x00,
  0x00, 0x00, 0x00, 0x0F, 0xFF, 0xF0, 0xFF, 0xFF, 0x00, 0x00, 0x00, 0x00,
  0x0F, 0xFF, 0xF7, 0x66, 0xC0, 0x00, 0x20, 0x3C, 0x1F, 0x8F, 0xCF, 0xE1,
  0xE0, 0x3F, 0x03, 0xF8, 0x0F, 0xC0, 0x7C, 0x03, 0x80, 0x10, 0xFF, 0xFF,
  0xFF, 0xFF, 0xF0, 0x00, 0x00, 0x00, 0x00, 0xFF, 0xFF, 0xFF, 0xFF, 0xF0,
  0x80, 0x1E, 0x03, 0xF0, 0x1F, 0x80, 0xFE, 0x03, 0xC1, 0xF8, 0xFE, 0x7E,
  0x1F, 0x03, 0x80, 0x40, 0x00, 0x1F, 0x0F, 0xF3, 0xFF, 0x7F, 0xFF, 0x1F,
  0xC3, 0xF8, 0x7F, 0x0F, 0xE1, 0xE0, 0x78, 0x0F, 0x03, 0xC0, 0x78, 0x1E,
  0x03, 0x80, 0xF0, 0x1E, 0x03, 0x80, 0x70, 0x00, 0x00, 0x00, 0x3C, 0x07,
  0x80, 0xF0, 0x1E, 0x00, 0x00, 0x0C, 0x00, 0x01, 0xFF, 0x80, 0x0F, 0xFF,
  0x80, 0x3F, 0xFF, 0x80, 0xF8, 0x0F, 0x83, 0xE0, 0x0F, 0x0F, 0x00, 0x0F,
  0x1E, 0x00, 0x0E, 0x78, 0x73, 0x9C, 0xE1, 0xF7, 0x39, 0xC7, 0xFE, 0x3F,
  0x8F, 0xFC, 0x7F, 0x1C, 0x78, 0xDC, 0x78, 0xF3, 0xB8, 0xF1, 0xE7, 0x71,
  0xE3, 0x8E, 0xE3, 0xC7, 0x1D, 0xC7, 0x0E, 0x3B, 0x8F, 0x3C, 0xE7, 0x1F,
  0xFF, 0xCF, 0x3F, 0x7F, 0x1E, 0x3E, 0xFC, 0x1E, 0x10, 0x40, 0x3E, 0x00,
  0x00, 0x3E, 0x00, 0x60, 0x7F, 0xFF, 0x80, 0x7F, 0xFF, 0x00, 0x3F, 0xFC,
  0x00, 0x1F, 0xE0, 0x00, 0x0F, 0xC0, 0x3F, 0x00, 0xFC, 0x03, 0xF0, 0x0F,
  0xC0, 0x3F, 0x81, 0xFE, 0x07, 0x78, 0x1D, 0xE0, 0x73, 0x81, 0xCE, 0x07,
  0x38, 0x3C, 0xF0, 0xF3, 0xC3, 0x8F, 0x0E, 0x3C, 0x3F, 0xF0, 0xFF, 0xC7,
  0xFF, 0x9F, 0xFE, 0x78, 0x79, 0xC1, 0xE7, 0x07, 0x9C, 0x0E, 0xF0, 0x3C,
  0xFF, 0x8F, 0xFE, 0xFF, 0xEF, 0xFF, 0xF0, 0xFF, 0x0F, 0xF0, 0xFF, 0x0F,
  0xF0, 0xFF, 0x0F, 0xFF, 0xEF, 0xFC, 0xFF, 0xEF, 0xFE, 0xF0, 0xFF, 0x0F,
  0xF0, 0xFF, 0x0F, 0xF0, 0xFF, 0x0F, 0xF0, 0xFF, 0xFF, 0xFF, 0xFF, 0xFE,
  0xFF, 0x80, 0x1F, 0x83, 0xFC, 0x7F, 0xE7, 0xFE, 0xF0, 0xEF, 0x0F, 0xF0,
  0xFF, 0x0F, 0xF0, 0xFF, 0x00, 0xF0, 0x0F, 0x00, 0xF0, 0x0F, 0x00, 0xF0,
  0x0F, 0x00, 0xF0, 0xFF, 0x0F, 0xF0, 0xFF, 0x0F, 0xF0, 0xE7, 0xFE, 0x7F,
  0xE3, 0xFC, 0x1F, 0x80, 0xFF, 0x8F, 0xFE, 0xFF, 0xEF, 0xFF, 0xF0, 0xFF,
  0x0F, 0xF0, 0xFF, 0x0F, 0xF0, 0xFF, 0x0F, 0xF0, 0xFF, 0x0F, 0xF0, 0xFF,
  0x0F, 0xF0, 0xFF, 0x0F, 0xF0, 0xFF, 0x0F, 0xF0, 0xFF, 0x0F, 0xF0, 0xFF,
  0xFF, 0xFF, 0xEF, 0xFE, 0xFF, 0x80, 0xFF, 0xFF, 0xFF, 0xFF, 0xFF, 0xFF,
  0x01, 0xE0, 0x3C, 0x07, 0x80, 0xF0, 0x1E, 0x03, 0xFF, 0x7F, 0xEF, 0xFD,
  0xFF, 0xBC, 0x07, 0x80, 0xF0, 0x1E, 0x03, 0xC0, 0x78, 0x0F, 0x01, 0xFF,
  0xFF, 0xFF, 0xFF, 0xFF, 0xE0, 0xFF, 0xFF, 0xFF, 0xFF, 0xFF, 0xFF, 0x01,
  0xE0, 0x3C, 0x07, 0x80, 0xF0, 0x1E, 0x03, 0xC0, 0x7F, 0xCF, 0xF9, 0xFF,
  0x3F, 0xE7, 0x80, 0xF0, 0x1E, 0x03, 0xC0, 0x78, 0x0F, 0x01, 0xE0, 0x3C,
  0x07, 0x80, 0xF0, 0x00, 0x1F, 0x83, 0xFC, 0x7F, 0xE7, 0xFE, 0xF0, 0xFF,
  0x0F, 0xF0, 0xFF, 0x0F, 0xF0, 0x0F, 0x00, 0xF0, 0x0F, 0x3F, 0xF3, 0xFF,
  0x3F, 0xF3, 0xFF, 0x0F, 0xF0, 0xFF, 0x0F, 0xF0, 0xFF, 0x0F, 0xF0, 0xF7,
  0xFE, 0x7F, 0xE3, 0xFC, 0x1F, 0x80, 0xF0, 0xFF, 0x0F, 0xF0, 0xFF, 0x0F,
  0xF0, 0xFF, 0x0F, 0xF0, 0xFF, 0x0F, 0xF0, 0xFF, 0x0F, 0xFF, 0xFF, 0xFF,
  0xFF, 0xFF, 0xFF, 0xF0, 0xFF, 0x0F, 0xF0, 0xFF, 0x0F, 0xF0, 0xFF, 0x0F,
  0xF0, 0xFF, 0x0F, 0xF0, 0xFF, 0x0F, 0xF0, 0xF0, 0xFF, 0xFF, 0xFF, 0xFF,
  0xFF, 0xFF, 0xFF, 0xFF, 0xFF, 0xFF, 0xFF, 0xFF, 0xF0, 0x1E, 0x3C, 0x78,
  0xF1, 0xE3, 0xC7, 0x8F, 0x1E, 0x3C, 0x78, 0xF1, 0xE3, 0xC7, 0x8F, 0x1E,
  0x3C, 0x78, 0xF1, 0xFF, 0xFF, 0x7E, 0xF0, 0xF0, 0x7F, 0x87, 0xBC, 0x3D,
  0xE1, 0xCF, 0x1E, 0x78, 0xE3, 0xCF, 0x1E, 0x70, 0xF7, 0x87, 0xB8, 0x3F,
  0xE1, 0xFF, 0x0F, 0xF8, 0x7F, 0xE3, 0xFF, 0x1F, 0x78, 0xF9, 0xE7, 0x8F,
  0x3C, 0x79, 0xE3, 0xCF, 0x0F, 0x78, 0x7B, 0xC3, 0xDE, 0x0F, 0xF0, 0x78,
  0xF0, 0x1E, 0x03, 0xC0, 0x78, 0x0F, 0x01, 0xE0, 0x3C, 0x07, 0x80, 0xF0,
  0x1E, 0x03, 0xC0, 0x78, 0x0F, 0x01, 0xE0, 0x3C, 0x07, 0x80, 0xF0, 0x1E,
  0x03, 0xC0, 0x78, 0x0F, 0x01, 0xFF, 0xFF, 0xFF, 0xFF, 0xFF, 0xE0, 0xFC,
  0x1F, 0xFC, 0x1F, 0xFC, 0x1F, 0xFC, 0x3F, 0xFE, 0x3F, 0xFE, 0x3F, 0xFE,
  0x3F, 0xFE, 0x3F, 0xFE, 0x37, 0xFE, 0x37, 0xFE, 0x77, 0xF6, 0x77, 0xF7,
  0x77, 0xF7, 0x77, 0xF7, 0x67, 0xF7, 0x67, 0xF7, 0x67, 0xF3, 0x67, 0xF3,
  0xE7, 0xF3, 0xE7, 0xF3, 0xE7, 0xF3, 0xC7, 0xF3, 0xC7, 0xF3, 0xC7, 0xF1,
  0xC7, 0xF8, 0x7F, 0xE3, 0xFF, 0x1F, 0xF8, 0xFF, 0xC7, 0xFF, 0x3F, 0xF9,
  0xFF, 0xCF, 0xFE, 0x7F, 0xBB, 0xFD, 0xDF, 0xEE, 0xFF, 0x77, 0xF9, 0xFF,
  0xCF, 0xFE, 0x7F, 0xF3, 0xFF, 0x8F, 0xFC, 0x7F, 0xE3, 0xFF, 0x1F, 0xF8,
  0x7F, 0xC3, 0xFE, 0x1F, 0xF0, 0xF8, 0x1F, 0x83, 0xFC, 0x7F, 0xE7, 0xFE,
  0xF0, 0xFF, 0x0F, 0xF0, 0xFF, 0x0F, 0xF0, 0xFF, 0x0F, 0xF0, 0xFF, 0x0F,
  0xF0, 0xFF, 0x0F, 0xF0, 0xFF, 0x0F, 0xF0, 0xFF, 0x0F, 0xF0, 0xFF, 0x0F,
  0xF0, 0xF7, 0xFE, 0x7F, 0xE3, 0xFC, 0x1F, 0x80, 0xFF, 0x8F, 0xFC, 0xFF,
  0xEF, 0xFE, 0xF0, 0xFF, 0x0F, 0xF0, 0xFF, 0x0F, 0xF0, 0xFF, 0x0F, 0xF0,
  0xFF, 0xFE, 0xFF, 0xEF, 0xFC, 0xFF, 0x8F, 0x00, 0xF0, 0x0F, 0x00, 0xF0,
  0x0F, 0x00, 0xF0, 0x0F, 0x00, 0xF0, 0x0F, 0x00, 0xF0, 0x00, 0x1F, 0x81,
  0xFE, 0x1F, 0xF8, 0xFF, 0xCF, 0x0F, 0x78, 0x7B, 0xC3, 0xDE, 0x1E, 0xF0,
  0xF7, 0x87, 0xBC, 0x3D, 0xE1, 0xEF, 0x0F, 0x78, 0x7B, 0xC3, 0xDE, 0x1E,
  0xF0, 0xF7, 0x87, 0xBC, 0x3D, 0xE1, 0xEF, 0x0F, 0x3F, 0xF1, 0xFF, 0x87,
  0xFF, 0x1F, 0xF8, 0x03, 0xC0, 0x0E, 0xFF, 0x8F, 0xFE, 0xFF, 0xEF, 0xFF,
  0xF0, 0xFF, 0x0F, 0xF0, 0xFF, 0x0F, 0xF0, 0xFF, 0x0F, 0xF1, 0xEF, 0xFE,
  0xFF, 0x8F, 0xFE, 0xFF, 0xEF, 0x0F, 0xF0, 0xFF, 0x0F, 0xF0, 0xFF, 0x0F,
  0xF0, 0xFF, 0x0F, 0xF0, 0xFF, 0x0F, 0xF0, 0xF0, 0x1F, 0x0F, 0xF9, 0xFF,
  0x7F, 0xFF, 0x1F, 0xE1, 0xFC, 0x3F, 0x80, 0xF8, 0x0F, 0x01, 0xF0, 0x1F,
  0x81, 0xF8, 0x1F, 0x01, 0xF0, 0x1F, 0x01, 0xFC, 0x3F, 0x87, 0xF0, 0xFF,
  0x1F, 0xFF, 0xDF, 0xF3, 0xFE, 0x1F, 0x00, 0xFF, 0xFF, 0xFF, 0xFF, 0xFF,
  0xFF, 0x0F, 0x00, 0xF0, 0x0F, 0x00, 0xF0, 0x0F, 0x00, 0xF0, 0x0F, 0x00,
  0xF0, 0x0F, 0x00, 0xF0, 0x0F, 0x00, 0xF0, 0x0F, 0x00, 0xF0, 0x0F, 0x00,
  0xF0, 0x0F, 0x00, 0xF0, 0x0F, 0x00, 0xF0, 0x0F, 0x00, 0xF0, 0xFF, 0x0F,
  0xF0, 0xFF, 0x0F, 0xF0, 0xFF, 0x0F, 0xF0, 0xFF, 0x0F, 0xF0, 0xFF, 0x0F,
  0xF0, 0xFF, 0x0F, 0xF0, 0xFF, 0x0F, 0xF0, 0xFF, 0x0F, 0xF0, 0xFF, 0x0F,
  0xF0, 0xFF, 0x0F, 0xF0, 0xF7, 0xFE, 0x7F, 0xE3, 0xFC, 0x1F, 0x80, 0xF0,
  0x7B, 0xC3, 0xDE, 0x1E, 0xF0, 0xE7, 0x87, 0x3C, 0x39, 0xE1, 0xC7, 0x1E,
  0x38, 0xF1, 0xE7, 0x8F, 0x38, 0x79, 0xC3, 0xCE, 0x1E, 0x70, 0x73, 0x83,
  0xBC, 0x1D, 0xE0, 0xFE, 0x07, 0xF0, 0x3F, 0x81, 0xFC, 0x07, 0xE0, 0x3F,
  0x01, 0xF0, 0x0F, 0x80, 0xE1, 0xE1, 0xF8, 0x78, 0xFE, 0x1E, 0x3F, 0xCF,
  0x8F, 0xF3, 0xE3, 0xFC, 0xFC, 0xEF, 0x3F, 0x3B, 0xCF, 0xCE, 0xF3, 0xF3,
  0xBC, 0xFC, 0xE7, 0x3F, 0x39, 0xCF, 0xCE, 0x73, 0x73, 0x9C, 0xDD, 0xE7,
  0xF3, 0x79, 0xFC, 0xFC, 0x7F, 0x3F, 0x1F, 0xCF, 0xC7, 0xF3, 0xF1, 0xFC,
  0xFC, 0x3F, 0x3F, 0x0F, 0xCF, 0xC3, 0xE3, 0xF0, 0xF8, 0x7C, 0x3E, 0x1F,
  0x00, 0x78, 0x3D, 0xE1, 0xE7, 0x87, 0x8F, 0x1C, 0x3C, 0x70, 0xF3, 0xC1,
  0xEE, 0x07, 0xB8, 0x0F, 0xE0, 0x3F, 0x00, 0xFC, 0x01, 0xF0, 0x07, 0x80,
  0x3F, 0x00, 0xFC, 0x03, 0xF0, 0x1F, 0xE0, 0x7F, 0x81, 0xCF, 0x0F, 0x3C,
  0x3C, 0xF0, 0xE1, 0xE7, 0x87, 0x9E, 0x1E, 0xF0, 0x3C, 0xF8, 0x3B, 0xC3,
  0xDE, 0x1E, 0xF0, 0xE3, 0xCF, 0x1E, 0x78, 0xF3, 0x83, 0xDC, 0x1F, 0xE0,
  0xFE, 0x03, 0xF0, 0x1F, 0x80, 0xF8, 0x03, 0xC0, 0x1E, 0x00, 0xF0, 0x07,
  0x80, 0x3C, 0x01, 0xE0, 0x0F, 0x00, 0x78, 0x03, 0xC0, 0x1E, 0x00, 0xF0,
  0x07, 0x80, 0xFF, 0xFF, 0xFF, 0xFF, 0xFF, 0xF0, 0x3E, 0x07, 0x80, 0xF0,
  0x3C, 0x07, 0x81, 0xF0, 0x3C, 0x07, 0x81, 0xE0, 0x3C, 0x0F, 0x81, 0xE0,
  0x3C, 0x0F, 0x01, 0xE0, 0x7C, 0x0F, 0x01, 0xFF, 0xFF, 0xFF, 0xFF, 0xFF,
  0xE0, 0xFF, 0xFF, 0xFF, 0xF3, 0xCF, 0x3C, 0xF3, 0xCF, 0x3C, 0xF3, 0xCF,
  0x3C, 0xF3, 0xCF, 0x3C, 0xF3, 0xCF, 0x3C, 0xF3, 0xFF, 0xFF, 0xFC, 0xF0,
  0x03, 0x80, 0x1E, 0x00, 0x70, 0x03, 0x80, 0x1E, 0x00, 0x70, 0x03, 0xC0,
  0x0E, 0x00, 0x70, 0x03, 0xC0, 0x0E, 0x00, 0x70, 0x01, 0xC0, 0x0E, 0x00,
  0x78, 0x01, 0xC0, 0x0E, 0x00, 0x78, 0x01, 0xC0, 0x0F, 0x00, 0x38, 0x01,
  0xC0, 0x0F, 0x00, 0x38, 0xFF, 0xFF, 0xFF, 0xF1, 0xE3, 0xC7, 0x8F, 0x1E,
  0x3C, 0x78, 0xF1, 0xE3, 0xC7, 0x8F, 0x1E, 0x3C, 0x78, 0xF1, 0xE3, 0xC7,
  0x8F, 0x1F, 0xFF, 0xFF, 0xFF, 0xE0, 0x06, 0x00, 0xF0, 0x0F, 0x01, 0xF8,
  0x1F, 0x83, 0x9C, 0x79, 0xC7, 0x0E, 0xF0, 0xEE, 0x07, 0xFF, 0xFF, 0xFF,
  0xFF, 0x80, 0xF0, 0xF0, 0xF0, 0xF0, 0x0F, 0xC0, 0x3F, 0x00, 0xFC, 0x03,
  0xF0, 0x0F, 0xC0, 0x3F, 0x81, 0xFE, 0x07, 0x78, 0x1D, 0xE0, 0x73, 0x81,
  0xCE, 0x07, 0x38, 0x3C, 0xF0, 0xF3, 0xC3, 0x8F, 0x0E, 0x3C, 0x3F, 0xF0,
  0xFF, 0xC7, 0xFF, 0x9F, 0xFE, 0x78, 0x79, 0xC1, 0xE7, 0x07, 0x9C, 0x0E,
  0xF0, 0x3C, 0xFF, 0x8F, 0xFE, 0xFF, 0xEF, 0xFF, 0xF0, 0xFF, 0x0F, 0xF0,
  0xFF, 0x0F, 0xF0, 0xFF, 0x0F, 0xFF, 0xEF, 0xFC, 0xFF, 0xEF, 0xFE, 0xF0,
  0xFF, 0x0F, 0xF0, 0xFF, 0x0F, 0xF0, 0xFF, 0x0F, 0xF0, 0xFF, 0xFF, 0xFF,
  0xFF, 0xFE, 0xFF, 0x80, 0x1F, 0x83, 0xFC, 0x7F, 0xE7, 0xFE, 0xF0, 0xEF,
  0x0F, 0xF0, 0xFF, 0x0F, 0xF0, 0xFF, 0x00, 0xF0, 0x0F, 0x00, 0xF0, 0x0F,
  0x00, 0xF0, 0x0F, 0x00, 0xF0, 0xFF, 0x0F, 0xF0, 0xFF, 0x0F, 0xF0, 0xE7,
  0xFE, 0x7F, 0xE3, 0xFC, 0x1F, 0x80, 0xFF, 0x8F, 0xFE, 0xFF, 0xEF, 0xFF,
  0xF0, 0xFF, 0x0F, 0xF0, 0xFF, 0x0F, 0xF0, 0xFF, 0x0F, 0xF0, 0xFF, 0x0F,
  0xF0, 0xFF, 0x0F, 0xF0, 0xFF, 0x0F, 0xF0, 0xFF, 0x0F, 0xF0, 0xFF, 0x0F,
  0xF0, 0xFF, 0xFF, 0xFF, 0xEF, 0xFE, 0xFF, 0x80, 0xFF, 0xFF, 0xFF, 0xFF,
  0xFF, 0xFF, 0x01, 0xE0, 0x3C, 0x07, 0x80, 0xF0, 0x1E, 0x03, 0xFF, 0x7F,
  0xEF, 0xFD, 0xFF, 0xBC, 0x07, 0x80, 0xF0, 0x1E, 0x03, 0xC0, 0x78, 0x0F,
  0x01, 0xFF, 0xFF, 0xFF, 0xFF, 0xFF, 0xE0, 0xFF, 0xFF, 0xFF, 0xFF, 0xFF,
  0xFF, 0x01, 0xE0, 0x3C, 0x07, 0x80, 0xF0, 0x1E, 0x03, 0xC0, 0x7F, 0xCF,
  0xF9, 0xFF, 0x3F, 0xE7, 0x80, 0xF0, 0x1E, 0x03, 0xC0, 0x78, 0x0F, 0x01,
  0xE0, 0x3C, 0x07, 0x80, 0xF0, 0x00, 0x1F, 0x83, 0xFC, 0x7F, 0xE7, 0xFE,
  0xF0, 0xFF, 0x0F, 0xF0, 0xFF, 0x0F, 0xF0, 0x0F, 0x00, 0xF0, 0x0F, 0x3F,
  0xF3, 0xFF, 0x3F, 0xF3, 0xFF, 0x0F, 0xF0, 0xFF, 0x0F, 0xF0, 0xFF, 0x0F,
  0xF0, 0xF7, 0xFE, 0x7F, 0xE3, 0xFC, 0x1F, 0x80, 0xF0, 0xFF, 0x0F, 0xF0,
  0xFF, 0x0F, 0xF0, 0xFF, 0x0F, 0xF0, 0xFF, 0x0F, 0xF0, 0xFF, 0x0F, 0xFF,
  0xFF, 0xFF, 0xFF, 0xFF, 0xFF, 0xF0, 0xFF, 0x0F, 0xF0, 0xFF, 0x0F, 0xF0,
  0xFF, 0x0F, 0xF0, 0xFF, 0x0F, 0xF0, 0xFF, 0x0F, 0xF0, 0xF0, 0xFF, 0xFF,
  0xFF, 0xFF, 0xFF, 0xFF, 0xFF, 0xFF, 0xFF, 0xFF, 0xFF, 0xFF, 0xF0, 0x1E,
  0x3C, 0x78, 0xF1, 0xE3, 0xC7, 0x8F, 0x1E, 0x3C, 0x78, 0xF1, 0xE3, 0xC7,
  0x8F, 0x1E, 0x3C, 0x78, 0xF1, 0xFF, 0xFF, 0x7E, 0xF0, 0xF0, 0x7F, 0x87,
  0xBC, 0x3D, 0xE1, 0xCF, 0x1E, 0x78, 0xE3, 0xCF, 0x1E, 0x70, 0xF7, 0x87,
  0xB8, 0x3F, 0xE1, 0xFF, 0x0F, 0xF8, 0x7F, 0xE3, 0xFF, 0x1F, 0x78, 0xF9,
  0xE7, 0x8F, 0x3C, 0x79, 0xE3, 0xCF, 0x0F, 0x78, 0x7B, 0xC3, 0xDE, 0x0F,
  0xF0, 0x78, 0xF0, 0x1E, 0x03, 0xC0, 0x78, 0x0F, 0x01, 0xE0, 0x3C, 0x07,
  0x80, 0xF0, 0x1E, 0x03, 0xC0, 0x78, 0x0F, 0x01, 0xE0, 0x3C, 0x07, 0x80,
  0xF0, 0x1E, 0x03, 0xC0, 0x78, 0x0F, 0x01, 0xFF, 0xFF, 0xFF, 0xFF, 0xFF,
  0xE0, 0xFC, 0x1F, 0xFC, 0x1F, 0xFC, 0x1F, 0xFC, 0x3F, 0xFE, 0x3F, 0xFE,
  0x3F, 0xFE, 0x3F, 0xFE, 0x3F, 0xFE, 0x37, 0xFE, 0x37, 0xFE, 0x77, 0xF6,
  0x77, 0xF7, 0x77, 0xF7, 0x77, 0xF7, 0x67, 0xF7, 0x67, 0xF7, 0x67, 0xF3,
  0x67, 0xF3, 0xE7, 0xF3, 0xE7, 0xF3, 0xE7, 0xF3, 0xC7, 0xF3, 0xC7, 0xF3,
  0xC7, 0xF1, 0xC7, 0xF8, 0x7F, 0xE3, 0xFF, 0x1F, 0xF8, 0xFF, 0xC7, 0xFF,
  0x3F, 0xF9, 0xFF, 0xCF, 0xFE, 0x7F, 0xBB, 0xFD, 0xDF, 0xEE, 0xFF, 0x77,
  0xF9, 0xFF, 0xCF, 0xFE, 0x7F, 0xF3, 0xFF, 0x8F, 0xFC, 0x7F, 0xE3, 0xFF,
  0x1F, 0xF8, 0x7F, 0xC3, 0xFE, 0x1F, 0xF0, 0xF8, 0x1F, 0x83, 0xFC, 0x7F,
  0xE7, 0xFE, 0xF0, 0xFF, 0x0F, 0xF0, 0xFF, 0x0F, 0xF0, 0xFF, 0x0F, 0xF0,
  0xFF, 0x0F, 0xF0, 0xFF, 0x0F, 0xF0, 0xFF, 0x0F, 0xF0, 0xFF, 0x0F, 0xF0,
  0xFF, 0x0F, 0xF0, 0xF7, 0xFE, 0x7F, 0xE3, 0xFC, 0x1F, 0x80, 0xFF, 0x8F,
  0xFC, 0xFF, 0xEF, 0xFE, 0xF0, 0xFF, 0x0F, 0xF0, 0xFF, 0x0F, 0xF0, 0xFF,
  0x0F, 0xF0, 0xFF, 0xFE, 0xFF, 0xEF, 0xFC, 0xFF, 0x8F, 0x00, 0xF0, 0x0F,
  0x00, 0xF0, 0x0F, 0x00, 0xF0, 0x0F, 0x00, 0xF0, 0x0F, 0x00, 0xF0, 0x00,
  0x1F, 0x81, 0xFE, 0x1F, 0xF8, 0xFF, 0xCF, 0x0F, 0x78, 0x7B, 0xC3, 0xDE,
  0x1E, 0xF0, 0xF7, 0x87, 0xBC, 0x3D, 0xE1, 0xEF, 0x0F, 0x78, 0x7B, 0xC3,
  0xDE, 0x1E, 0xF0, 0xF7, 0x87, 0xBC, 0x3D, 0xE1, 0xEF, 0x0F, 0x3F, 0xF1,
  0xFF, 0x87, 0xFF, 0x1F, 0xF8, 0x03, 0xC0, 0x0E, 0xFF, 0x8F, 0xFE, 0xFF,
  0xEF, 0xFF, 0xF0, 0xFF, 0x0F, 0xF0, 0xFF, 0x0F, 0xF0, 0xFF, 0x0F, 0xF1,
  0xEF, 0xFE, 0xFF, 0x8F, 0xFE, 0xFF, 0xEF, 0x0F, 0xF0, 0xFF, 0x0F, 0xF0,
  0xFF, 0x0F, 0xF0, 0xFF, 0x0F, 0xF0, 0xFF, 0x0F, 0xF0, 0xF0, 0x1F, 0x0F,
  0xF9, 0xFF, 0x7F, 0xFF, 0x1F, 0xE1, 0xFC, 0x3F, 0x80, 0xF8, 0x0F, 0x01,
  0xF0, 0x1F, 0x81, 0xF8, 0x1F, 0x01, 0xF0, 0x1F, 0x01, 0xFC, 0x3F, 0x87,
  0xF0, 0xFF, 0x1F, 0xFF, 0xDF, 0xF3, 0xFE, 0x1F, 0x00, 0xFF, 0xFF, 0xFF,
  0xFF, 0xFF, 0xFF, 0x0F, 0x00, 0xF0, 0x0F, 0x00, 0xF0, 0x0F, 0x00, 0xF0,
  0x0F, 0x00, 0xF0, 0x0F, 0x00, 0xF0, 0x0F, 0x00, 0xF0, 0x0F, 0x00, 0xF0,
  0x0F, 0x00, 0xF0, 0x0F, 0x00, 0xF0, 0x0F, 0x00, 0xF0, 0x0F, 0x00, 0xF0,
  0xFF, 0x0F, 0xF0, 0xFF, 0x0F, 0xF0, 0xFF, 0x0F, 0xF0, 0xFF, 0x0F, 0xF0,
  0xFF, 0x0F, 0xF0, 0xFF, 0x0F, 0xF0, 0xFF, 0x0F, 0xF0, 0xFF, 0x0F, 0xF0,
  0xFF, 0x0F, 0xF0, 0xFF, 0x0F, 0xF0, 0xF7, 0xFE, 0x7F, 0xE3, 0xFC, 0x1F,
  0x80, 0xF0, 0x7B, 0xC3, 0xDE, 0x1E, 0xF0, 0xE7, 0x87, 0x3C, 0x39, 0xE1,
  0xC7, 0x1E, 0x38, 0xF1, 0xE7, 0x8F, 0x38, 0x79, 0xC3, 0xCE, 0x1E, 0x70,
  0x73, 0x83, 0xBC, 0x1D, 0xE0, 0xFE, 0x07, 0xF0, 0x3F, 0x81, 0xFC, 0x07,
  0xE0, 0x3F, 0x01, 0xF0, 0x0F, 0x80, 0xE1, 0xE1, 0xF8, 0x78, 0xFE, 0x1E,
  0x3F, 0xCF, 0x8F, 0xF3, 0xE3, 0xFC, 0xFC, 0xEF, 0x3F, 0x3B, 0xCF, 0xCE,
  0xF3, 0xF3, 0xBC, 0xFC, 0xE7, 0x3F, 0x39, 0xCF, 0xCE, 0x73, 0x73, 0x9C,
  0xDD, 0xE7, 0xF3, 0x79, 0xFC, 0xFC, 0x7F, 0x3F, 0x1F, 0xCF, 0xC7, 0xF3,
  0xF1, 0xFC, 0xFC, 0x3F, 0x3F, 0x0F, 0xCF, 0xC3, 0xE3, 0xF0, 0xF8, 0x7C,
  0x3E, 0x1F, 0x00, 0x78, 0x3D, 0xE1, 0xE7, 0x87, 0x8F, 0x1C, 0x3C, 0x70,
  0xF3, 0xC1, 0xEE, 0x07, 0xB8, 0x0F, 0xE0, 0x3F, 0x00, 0xFC, 0x01, 0xF0,
  0x07, 0x80, 0x3F, 0x00, 0xFC, 0x03, 0xF0, 0x1F, 0xE0, 0x7F, 0x81, 0xCF,
  0x0F, 0x3C, 0x3C, 0xF0, 0xE1, 0xE7, 0x87, 0x9E, 0x1E, 0xF0, 0x3C, 0xF8,
  0x3B, 0xC3, 0xDE, 0x1E, 0xF0, 0xE3, 0xCF, 0x1E, 0x78, 0xF3, 0x83, 0xDC,
  0x1F, 0xE0, 0xFE, 0x03, 0xF0, 0x1F, 0x80, 0xF8, 0x03, 0xC0, 0x1E, 0x00,
  0xF0, 0x07, 0x80, 0x3C, 0x01, 0xE0, 0x0F, 0x00, 0x78, 0x03, 0xC0, 0x1E,
  0x00, 0xF0, 0x07, 0x80, 0xFF, 0xFF, 0xFF, 0xFF, 0xFF, 0xF0, 0x3E, 0x07,
  0x80, 0xF0, 0x3C, 0x07, 0x81, 0xF0, 0x3C, 0x07, 0x81, 0xE0, 0x3C, 0x0F,
  0x81, 0xE0, 0x3C, 0x0F, 0x01, 0xE0, 0x7C, 0x0F, 0x01, 0xFF, 0xFF, 0xFF,
  0xFF, 0xFF, 0xE0, 0x07, 0x1F, 0x3F, 0x3F, 0x3C, 0x38, 0x38, 0x38, 0x38,
  0x38, 0x38, 0x38, 0x38, 0xF8, 0xF0, 0xF8, 0xF8, 0x38, 0x38, 0x38, 0x38,
  0x38, 0x38, 0x38, 0x3C, 0x3F, 0x3F, 0x1F, 0x0F, 0xFF, 0xFF, 0xFF, 0xFF,
  0xFF, 0xFF, 0xFF, 0xFF, 0xFF, 0xFF, 0xFF, 0xFF, 0xFF, 0x80, 0xC0, 0xF8,
  0xF8, 0xFC, 0x3C, 0x3C, 0x3C, 0x3C, 0x3C, 0x3C, 0x3C, 0x3C, 0x3C, 0x1F,
  0x0F, 0x1F, 0x1F, 0x3C, 0x3C, 0x3C, 0x3C, 0x3C, 0x3C, 0x3C, 0x3C, 0xFC,
  0xFC, 0xF8, 0xF0, 0x1E, 0x18, 0xFF, 0xF7, 0xFF, 0xBF, 0xFC, 0x21, 0xE0 };

const GFXglyph BebasNeue_Regular18pt7bGlyphs[] PROGMEM = {
  {     0,   1,   1,   6,    0,    0 },   // 0x20 ' '
  {     1,   4,  25,   7,    2,  -24 },   // 0x21 '!'
  {    14,   9,   8,  12,    1,  -24 },   // 0x22 '"'
  {    23,  13,  25,  14,    1,  -24 },   // 0x23 '#'
  {    64,  12,  28,  14,    1,  -25 },   // 0x24 '$'
  {   106,  18,  25,  21,    1,  -24 },   // 0x25 '%'
  {   163,  13,  25,  15,    1,  -24 },   // 0x26 '&'
  {   204,   4,   8,   7,    1,  -24 },   // 0x27 '''
  {   208,   6,  29,  10,    2,  -26 },   // 0x28 '('
  {   230,   7,  29,  10,    1,  -26 },   // 0x29 ')'
  {   256,  13,  13,  15,    1,  -24 },   // 0x2A '*'
  {   278,  12,  12,  14,    1,  -17 },   // 0x2B '+'
  {   296,   4,   8,   7,    1,   -3 },   // 0x2C ','
  {   300,   8,   4,   9,    1,  -14 },   // 0x2D '-'
  {   304,   4,   4,   7,    1,   -3 },   // 0x2E '.'
  {   306,  13,  25,  14,    0,  -24 },   // 0x2F '/'
  {   347,  12,  25,  14,    1,  -24 },   // 0x30 '0'
  {   385,   8,  25,  14,    3,  -24 },   // 0x31 '1'
  {   410,  12,  25,  14,    1,  -24 },   // 0x32 '2'
  {   448,  12,  25,  14,    1,  -24 },   // 0x33 '3'
  {   486,  13,  25,  14,    1,  -24 },   // 0x34 '4'
  {   527,  12,  25,  14,    1,  -24 },   // 0x35 '5'
  {   565,  12,  25,  14,    1,  -24 },   // 0x36 '6'
  {   603,  12,  25,  14,    1,  -24 },   // 0x37 '7'
  {   641,  12,  25,  14,    1,  -24 },   // 0x38 '8'
  {   679,  12,  25,  14,    1,  -24 },   // 0x39 '9'
  {   717,   4,  17,   7,    1,  -16 },   // 0x3A ':'
  {   726,   4,  21,   7,    1,  -16 },   // 0x3B ';'
  {   737,  11,  12,  14,    1,  -17 },   // 0x3C '<'
  {   754,  12,   9,  14,    1,  -16 },   // 0x3D '='
  {   768,  11,  12,  14,    2,  -17 },   // 0x3E '>'
  {   785,  11,  25,  13,    1,  -24 },   // 0x3F '?'
  {   820,  23,  29,  24,    1,  -26 },   // 0x40 '@'
  {   904,  14,  25,  14,    0,  -24 },   // 0x41 'A'
  {   948,  12,  25,  14,    1,  -24 },   // 0x42 'B'
  {   986,  12,  25,  13,    1,  -24 },   // 0x43 'C'
  {  1024,  12,  25,  14,    1,  -24 },   // 0x44 'D'
  {  1062,  11,  25,  13,    1,  -24 },   // 0x45 'E'
  {  1097,  11,  25,  12,    1,  -24 },   // 0x46 'F'
  {  1132,  12,  25,  14,    1,  -24 },   // 0x47 'G'
  {  1170,  12,  25,  15,    1,  -24 },   // 0x48 'H'
  {  1208,   4,  25,   7,    1,  -24 },   // 0x49 'I'
  {  1221,   7,  25,   9,    1,  -24 },   // 0x4A 'J'
  {  1243,  13,  25,  14,    1,  -24 },   // 0x4B 'K'
  {  1284,  11,  25,  12,    1,  -24 },   // 0x4C 'L'
  {  1319,  16,  25,  19,    1,  -24 },   // 0x4D 'M'
  {  1369,  13,  25,  15,    1,  -24 },   // 0x4E 'N'
  {  1410,  12,  25,  14,    1,  -24 },   // 0x4F 'O'
  {  1448,  12,  25,  14,    1,  -24 },   // 0x50 'P'
  {  1486,  13,  27,  14,    1,  -24 },   // 0x51 'Q'
  {  1530,  12,  25,  14,    1,  -24 },   // 0x52 'R'
  {  1568,  11,  25,  13,    1,  -24 },   // 0x53 'S'
  {  1603,  12,  25,  13,    0,  -24 },   // 0x54 'T'
  {  1641,  12,  25,  14,    1,  -24 },   // 0x55 'U'
  {  1679,  13,  25,  13,    0,  -24 },   // 0x56 'V'
  {  1720,  18,  25,  20,    1,  -24 },   // 0x57 'W'
  {  1777,  14,  25,  14,    0,  -24 },   // 0x58 'X'
  {  1821,  13,  25,  14,    0,  -24 },   // 0x59 'Y'
  {  1862,  11,  25,  13,    1,  -24 },   // 0x5A 'Z'
  {  1897,   6,  29,  10,    2,  -26 },   // 0x5B '['
  {  1919,  13,  25,  14,    0,  -24 },   // 0x5C '\'
  {  1960,   7,  29,  10,    1,  -26 },   // 0x5D ']'
  {  1986,  12,  10,  14,    1,  -24 },   // 0x5E '^'
  {  2001,  11,   3,  11,    0,    1 },   // 0x5F '_'
  {  2006,   7,   4,  18,    4,  -29 },   // 0x60 '`'
  {  2010,  14,  25,  14,    0,  -24 },   // 0x61 'a'
  {  2054,  12,  25,  14,    1,  -24 },   // 0x62 'b'
  {  2092,  12,  25,  13,    1,  -24 },   // 0x63 'c'
  {  2130,  12,  25,  14,    1,  -24 },   // 0x64 'd'
  {  2168,  11,  25,  13,    1,  -24 },   // 0x65 'e'
  {  2203,  11,  25,  12,    1,  -24 },   // 0x66 'f'
  {  2238,  12,  25,  14,    1,  -24 },   // 0x67 'g'
  {  2276,  12,  25,  15,    1,  -24 },   // 0x68 'h'
  {  2314,   4,  25,   7,    1,  -24 },   // 0x69 'i'
  {  2327,   7,  25,   9,    1,  -24 },   // 0x6A 'j'
  {  2349,  13,  25,  14,    1,  -24 },   // 0x6B 'k'
  {  2390,  11,  25,  12,    1,  -24 },   // 0x6C 'l'
  {  2425,  16,  25,  19,    1,  -24 },   // 0x6D 'm'
  {  2475,  13,  25,  15,    1,  -24 },   // 0x6E 'n'
  {  2516,  12,  25,  14,    1,  -24 },   // 0x6F 'o'
  {  2554,  12,  25,  14,    1,  -24 },   // 0x70 'p'
  {  2592,  13,  27,  14,    1,  -24 },   // 0x71 'q'
  {  2636,  12,  25,  14,    1,  -24 },   // 0x72 'r'
  {  2674,  11,  25,  13,    1,  -24 },   // 0x73 's'
  {  2709,  12,  25,  13,    0,  -24 },   // 0x74 't'
  {  2747,  12,  25,  14,    1,  -24 },   // 0x75 'u'
  {  2785,  13,  25,  13,    0,  -24 },   // 0x76 'v'
  {  2826,  18,  25,  20,    1,  -24 },   // 0x77 'w'
  {  2883,  14,  25,  14,    0,  -24 },   // 0x78 'x'
  {  2927,  13,  25,  14,    0,  -24 },   // 0x79 'y'
  {  2968,  11,  25,  13,    1,  -24 },   // 0x7A 'z'
  {  3003,   8,  29,  10,    1,  -26 },   // 0x7B '{'
  {  3032,   3,  35,  18,    7,  -27 },   // 0x7C '|'
  {  3046,   8,  29,  10,    1,  -26 },   // 0x7D '}'
  {  3075,  14,   5,  14,    0,  -14 } }; // 0x7E '~'

const GFXfont BebasNeue_Regular18pt7b PROGMEM = {
  (uint8_t  *)BebasNeue_Regular18pt7bBitmaps,
  (GFXglyph *)BebasNeue_Regular18pt7bGlyphs,
  0x20, 0x7E, 42 };

// Approx. 3756 bytes
